2026-06-04 12:48:35 | INFO     | Log file: /home/mci/arsyadl/mmsk/results/baseline1_unet_dice/train.log
2026-06-04 12:48:35 | INFO     | Using device : cuda:0
2026-06-04 12:48:35 | INFO     | Model        : Standard 3D U-Net (MONAI)
2026-06-04 12:48:35 | INFO     | Loss         : Dice  [Baseline 1]
2026-06-04 12:48:35 | INFO     | Output dir   : /home/mci/arsyadl/mmsk/results/baseline1_unet_dice
2026-06-04 12:48:35 | INFO     | Total parameters: 4,748,837
2026-06-04 12:48:35 | INFO     | Preparing datasets...
2026-06-04 12:48:35 | INFO     | [Validation] Scanning 1344 .npz files...
2026-06-04 12:48:36 | DEBUG    |   [1/1344] OK: BraTS-GLI-00005-100.npz
2026-06-04 12:48:44 | DEBUG    |   [101/1344] OK: BraTS-GLI-02066-101.npz
2026-06-04 12:48:53 | DEBUG    |   [201/1344] OK: BraTS-GLI-02103-100.npz
2026-06-04 12:49:02 | DEBUG    |   [301/1344] OK: BraTS-GLI-02145-100.npz
2026-06-04 12:49:11 | DEBUG    |   [401/1344] OK: BraTS-GLI-02194-100.npz
2026-06-04 12:49:20 | DEBUG    |   [501/1344] OK: BraTS-GLI-02236-101.npz
2026-06-04 12:49:29 | DEBUG    |   [601/1344] OK: BraTS-GLI-02315-100.npz
2026-06-04 12:49:37 | WARNING  | [CORRUPT] BraTS-GLI-02546-100.npz → Error -3 while decompressing data: invalid literal/lengths set
2026-06-04 12:49:37 | DEBUG    |   [701/1344] OK: BraTS-GLI-02549-100.npz
2026-06-04 12:49:46 | DEBUG    |   [801/1344] OK: BraTS-GLI-02736-101.npz
2026-06-04 12:49:55 | DEBUG    |   [901/1344] OK: BraTS-GLI-02793-100.npz
2026-06-04 12:50:04 | DEBUG    |   [1001/1344] OK: BraTS-GLI-02851-100.npz
2026-06-04 12:50:14 | DEBUG    |   [1101/1344] OK: BraTS-GLI-02902-100.npz
2026-06-04 12:50:23 | DEBUG    |   [1201/1344] OK: BraTS-GLI-02961-100.npz
2026-06-04 12:50:32 | DEBUG    |   [1301/1344] OK: BraTS-GLI-03026-100.npz
2026-06-04 12:50:36 | INFO     | [Validation] Done. 1343 healthy, 1 dropped.
2026-06-04 12:50:36 | WARNING  | [Validation] Corrupt files:
2026-06-04 12:50:36 | WARNING  |   ✗ /home/mci/arsyadl/braTS/preprocessed/BraTS-GLI-02546-100.npz  (Error -3 while decompressing data: invalid literal/lengths set)
2026-06-04 12:50:36 | INFO     | [Validation] Scanning 269 .npz files...
2026-06-04 12:50:36 | DEBUG    |   [1/269] OK: BraTS-GLI-02405-100.npz
2026-06-04 12:50:45 | DEBUG    |   [101/269] OK: BraTS-GLI-02507-101.npz
2026-06-04 12:50:53 | DEBUG    |   [201/269] OK: BraTS-GLI-02584-101.npz
2026-06-04 12:50:59 | INFO     | [Validation] Done. 269 healthy, 0 dropped.
2026-06-04 12:50:59 | INFO     | Train batches : 672
2026-06-04 12:50:59 | INFO     | Val batches   : 269
2026-06-04 12:50:59 | INFO     | Starting training for 300 epochs
2026-06-04 12:50:59 | INFO     | ============================================================
2026-06-04 12:50:59 | INFO     | Epoch 1/300
2026-06-04 12:51:00 | DEBUG    |   Batch    0/672 | Loss: 0.9907
2026-06-04 12:51:03 | DEBUG    |   Batch   10/672 | Loss: 0.9495
2026-06-04 12:51:05 | DEBUG    |   Batch   20/672 | Loss: 0.9660
2026-06-04 12:51:07 | DEBUG    |   Batch   30/672 | Loss: 0.9106
2026-06-04 12:51:10 | DEBUG    |   Batch   40/672 | Loss: 0.9567
2026-06-04 12:51:12 | DEBUG    |   Batch   50/672 | Loss: 0.9729
2026-06-04 12:51:15 | DEBUG    |   Batch   60/672 | Loss: 0.9452
2026-06-04 12:51:17 | DEBUG    |   Batch   70/672 | Loss: 0.9607
2026-06-04 12:51:19 | DEBUG    |   Batch   80/672 | Loss: 0.8770
2026-06-04 12:51:22 | DEBUG    |   Batch   90/672 | Loss: 0.9772
2026-06-04 12:51:24 | DEBUG    |   Batch  100/672 | Loss: 0.9138
2026-06-04 12:51:27 | DEBUG    |   Batch  110/672 | Loss: 0.9300
2026-06-04 12:51:29 | DEBUG    |   Batch  120/672 | Loss: 0.9720
2026-06-04 12:51:31 | DEBUG    |   Batch  130/672 | Loss: 0.9039
2026-06-04 12:51:34 | DEBUG    |   Batch  140/672 | Loss: 0.9363
2026-06-04 12:51:36 | DEBUG    |   Batch  150/672 | Loss: 0.9808
2026-06-04 12:51:39 | DEBUG    |   Batch  160/672 | Loss: 0.9708
2026-06-04 12:51:41 | DEBUG    |   Batch  170/672 | Loss: 0.8315
2026-06-04 12:51:43 | DEBUG    |   Batch  180/672 | Loss: 0.9224
2026-06-04 12:51:46 | DEBUG    |   Batch  190/672 | Loss: 0.8717
2026-06-04 12:51:48 | DEBUG    |   Batch  200/672 | Loss: 0.9571
2026-06-04 12:51:51 | DEBUG    |   Batch  210/672 | Loss: 0.9061
2026-06-04 12:51:53 | DEBUG    |   Batch  220/672 | Loss: 0.8744
2026-06-04 12:51:55 | DEBUG    |   Batch  230/672 | Loss: 0.9004
2026-06-04 12:51:58 | DEBUG    |   Batch  240/672 | Loss: 0.9313
2026-06-04 12:52:00 | DEBUG    |   Batch  250/672 | Loss: 0.8362
2026-06-04 12:52:03 | DEBUG    |   Batch  260/672 | Loss: 0.8683
2026-06-04 12:52:05 | DEBUG    |   Batch  270/672 | Loss: 0.9496
2026-06-04 12:52:07 | DEBUG    |   Batch  280/672 | Loss: 0.8894
2026-06-04 12:52:10 | DEBUG    |   Batch  290/672 | Loss: 0.8080
2026-06-04 12:52:12 | DEBUG    |   Batch  300/672 | Loss: 0.8931
2026-06-04 12:52:15 | DEBUG    |   Batch  310/672 | Loss: 0.9469
2026-06-04 12:52:17 | DEBUG    |   Batch  320/672 | Loss: 0.9394
2026-06-04 12:52:19 | DEBUG    |   Batch  330/672 | Loss: 0.8787
2026-06-04 12:52:22 | DEBUG    |   Batch  340/672 | Loss: 0.8635
2026-06-04 12:52:24 | DEBUG    |   Batch  350/672 | Loss: 0.8248
2026-06-04 12:52:27 | DEBUG    |   Batch  360/672 | Loss: 0.8309
2026-06-04 12:52:29 | DEBUG    |   Batch  370/672 | Loss: 0.8652
2026-06-04 12:52:31 | DEBUG    |   Batch  380/672 | Loss: 0.8715
2026-06-04 12:52:34 | DEBUG    |   Batch  390/672 | Loss: 0.7674
2026-06-04 12:52:36 | DEBUG    |   Batch  400/672 | Loss: 0.8010
2026-06-04 12:52:39 | DEBUG    |   Batch  410/672 | Loss: 0.7636
2026-06-04 12:52:41 | DEBUG    |   Batch  420/672 | Loss: 0.7901
2026-06-04 12:52:43 | DEBUG    |   Batch  430/672 | Loss: 0.7883
2026-06-04 12:52:46 | DEBUG    |   Batch  440/672 | Loss: 0.7871
2026-06-04 12:52:48 | DEBUG    |   Batch  450/672 | Loss: 0.8536
2026-06-04 12:52:51 | DEBUG    |   Batch  460/672 | Loss: 0.7480
2026-06-04 12:52:53 | DEBUG    |   Batch  470/672 | Loss: 0.7708
2026-06-04 12:52:55 | DEBUG    |   Batch  480/672 | Loss: 0.7901
2026-06-04 12:52:58 | DEBUG    |   Batch  490/672 | Loss: 0.7338
2026-06-04 12:53:00 | DEBUG    |   Batch  500/672 | Loss: 0.8810
2026-06-04 12:53:03 | DEBUG    |   Batch  510/672 | Loss: 0.7637
2026-06-04 12:53:05 | DEBUG    |   Batch  520/672 | Loss: 0.7938
2026-06-04 12:53:07 | DEBUG    |   Batch  530/672 | Loss: 0.7559
2026-06-04 12:53:10 | DEBUG    |   Batch  540/672 | Loss: 0.7578
2026-06-04 12:53:12 | DEBUG    |   Batch  550/672 | Loss: 0.7657
2026-06-04 12:53:15 | DEBUG    |   Batch  560/672 | Loss: 0.7586
2026-06-04 12:53:17 | DEBUG    |   Batch  570/672 | Loss: 0.8089
2026-06-04 12:53:19 | DEBUG    |   Batch  580/672 | Loss: 0.7339
2026-06-04 12:53:22 | DEBUG    |   Batch  590/672 | Loss: 0.7380
2026-06-04 12:53:24 | DEBUG    |   Batch  600/672 | Loss: 0.7991
2026-06-04 12:53:27 | DEBUG    |   Batch  610/672 | Loss: 0.8601
2026-06-04 12:53:29 | DEBUG    |   Batch  620/672 | Loss: 0.7729
2026-06-04 12:53:31 | DEBUG    |   Batch  630/672 | Loss: 0.7321
2026-06-04 12:53:34 | DEBUG    |   Batch  640/672 | Loss: 0.7347
2026-06-04 12:53:36 | DEBUG    |   Batch  650/672 | Loss: 0.8680
2026-06-04 12:53:39 | DEBUG    |   Batch  660/672 | Loss: 0.8278
2026-06-04 12:53:41 | DEBUG    |   Batch  670/672 | Loss: 0.7774
2026-06-04 12:53:50 | INFO     |   Train Loss: 0.8627 | Val Loss: 0.7945 | Mean Dice: 0.0131
2026-06-04 12:57:59 | INFO     | Log file: /home/mci/arsyadl/mmsk/results/baseline1_unet_dice/train.log
2026-06-04 12:57:59 | INFO     | Using device : cuda:0
2026-06-04 12:57:59 | INFO     | Model        : Standard 3D U-Net (MONAI)
2026-06-04 12:57:59 | INFO     | Loss         : Dice  [Baseline 1]
2026-06-04 12:57:59 | INFO     | Output dir   : /home/mci/arsyadl/mmsk/results/baseline1_unet_dice
2026-06-04 12:57:59 | INFO     | Total parameters: 4,748,837
2026-06-04 12:57:59 | INFO     | Preparing datasets...
2026-06-04 12:57:59 | INFO     | [Validation] Scanning 1344 .npz files...
2026-06-04 12:57:59 | DEBUG    |   [1/1344] OK: BraTS-GLI-00005-100.npz
2026-06-04 12:58:08 | DEBUG    |   [101/1344] OK: BraTS-GLI-02066-101.npz
2026-06-04 12:58:17 | DEBUG    |   [201/1344] OK: BraTS-GLI-02103-100.npz
2026-06-04 12:58:26 | DEBUG    |   [301/1344] OK: BraTS-GLI-02145-100.npz
2026-06-04 12:58:35 | DEBUG    |   [401/1344] OK: BraTS-GLI-02194-100.npz
2026-06-04 12:58:43 | DEBUG    |   [501/1344] OK: BraTS-GLI-02236-101.npz
2026-06-04 12:58:52 | DEBUG    |   [601/1344] OK: BraTS-GLI-02315-100.npz
2026-06-04 12:59:00 | WARNING  | [CORRUPT] BraTS-GLI-02546-100.npz → Error -3 while decompressing data: invalid literal/lengths set
2026-06-04 12:59:01 | DEBUG    |   [701/1344] OK: BraTS-GLI-02549-100.npz
2026-06-04 12:59:10 | DEBUG    |   [801/1344] OK: BraTS-GLI-02736-101.npz
2026-06-04 12:59:19 | DEBUG    |   [901/1344] OK: BraTS-GLI-02793-100.npz
2026-06-04 12:59:28 | DEBUG    |   [1001/1344] OK: BraTS-GLI-02851-100.npz
2026-06-04 12:59:38 | DEBUG    |   [1101/1344] OK: BraTS-GLI-02902-100.npz
2026-06-04 12:59:47 | DEBUG    |   [1201/1344] OK: BraTS-GLI-02961-100.npz
2026-06-04 12:59:56 | DEBUG    |   [1301/1344] OK: BraTS-GLI-03026-100.npz
2026-06-04 13:00:00 | INFO     | [Validation] Done. 1343 healthy, 1 dropped.
2026-06-04 13:00:00 | WARNING  | [Validation] Corrupt files:
2026-06-04 13:00:00 | WARNING  |   ✗ /home/mci/arsyadl/braTS/preprocessed/BraTS-GLI-02546-100.npz  (Error -3 while decompressing data: invalid literal/lengths set)
2026-06-04 13:00:00 | INFO     | [Validation] Scanning 269 .npz files...
2026-06-04 13:00:00 | DEBUG    |   [1/269] OK: BraTS-GLI-02405-100.npz
2026-06-04 13:00:08 | DEBUG    |   [101/269] OK: BraTS-GLI-02507-101.npz
2026-06-04 13:00:17 | DEBUG    |   [201/269] OK: BraTS-GLI-02584-101.npz
2026-06-04 13:00:23 | INFO     | [Validation] Done. 269 healthy, 0 dropped.
2026-06-04 13:00:23 | INFO     | Train batches : 672
2026-06-04 13:00:23 | INFO     | Val batches   : 269
2026-06-04 13:00:23 | INFO     | Starting training for 300 epochs
2026-06-04 13:00:23 | INFO     | ============================================================
2026-06-04 13:00:23 | INFO     | Epoch 1/300
2026-06-04 13:00:24 | DEBUG    |   Batch    0/672 | Loss: 0.9906
2026-06-04 13:00:27 | DEBUG    |   Batch   10/672 | Loss: 0.9794
2026-06-04 13:00:29 | DEBUG    |   Batch   20/672 | Loss: 0.9925
2026-06-04 13:00:31 | DEBUG    |   Batch   30/672 | Loss: 0.9761
2026-06-04 13:00:34 | DEBUG    |   Batch   40/672 | Loss: 0.9632
2026-06-04 13:00:36 | DEBUG    |   Batch   50/672 | Loss: 0.9709
2026-06-04 13:00:39 | DEBUG    |   Batch   60/672 | Loss: 0.9459
2026-06-04 13:00:41 | DEBUG    |   Batch   70/672 | Loss: 0.9464
2026-06-04 13:00:43 | DEBUG    |   Batch   80/672 | Loss: 0.9434
2026-06-04 13:00:46 | DEBUG    |   Batch   90/672 | Loss: 0.9321
2026-06-04 13:00:48 | DEBUG    |   Batch  100/672 | Loss: 0.9242
2026-06-04 13:00:51 | DEBUG    |   Batch  110/672 | Loss: 0.9731
2026-06-04 13:00:53 | DEBUG    |   Batch  120/672 | Loss: 0.9643
2026-06-04 13:00:55 | DEBUG    |   Batch  130/672 | Loss: 0.8772
2026-06-04 13:00:58 | DEBUG    |   Batch  140/672 | Loss: 0.9401
2026-06-04 13:01:00 | DEBUG    |   Batch  150/672 | Loss: 0.8281
2026-06-04 13:01:03 | DEBUG    |   Batch  160/672 | Loss: 0.9446
2026-06-04 13:01:05 | DEBUG    |   Batch  170/672 | Loss: 0.9565
2026-06-04 13:01:07 | DEBUG    |   Batch  180/672 | Loss: 0.9452
2026-06-04 13:01:10 | DEBUG    |   Batch  190/672 | Loss: 0.9797
2026-06-04 13:01:12 | DEBUG    |   Batch  200/672 | Loss: 0.8752
2026-06-04 13:01:15 | DEBUG    |   Batch  210/672 | Loss: 0.9283
2026-06-04 13:01:17 | DEBUG    |   Batch  220/672 | Loss: 0.9217
2026-06-04 13:01:19 | DEBUG    |   Batch  230/672 | Loss: 0.8604
2026-06-04 13:01:22 | DEBUG    |   Batch  240/672 | Loss: 0.8847
2026-06-04 13:01:24 | DEBUG    |   Batch  250/672 | Loss: 0.8830
2026-06-04 13:01:27 | DEBUG    |   Batch  260/672 | Loss: 0.9219
2026-06-04 13:01:29 | DEBUG    |   Batch  270/672 | Loss: 0.8114
2026-06-04 13:01:31 | DEBUG    |   Batch  280/672 | Loss: 0.8872
2026-06-04 13:01:34 | DEBUG    |   Batch  290/672 | Loss: 0.9057
2026-06-04 13:01:36 | DEBUG    |   Batch  300/672 | Loss: 0.9025
2026-06-04 13:01:39 | DEBUG    |   Batch  310/672 | Loss: 0.7943
2026-06-04 13:01:41 | DEBUG    |   Batch  320/672 | Loss: 0.8682
2026-06-04 13:01:43 | DEBUG    |   Batch  330/672 | Loss: 0.8036
2026-06-04 13:01:46 | DEBUG    |   Batch  340/672 | Loss: 0.8198
2026-06-04 13:01:48 | DEBUG    |   Batch  350/672 | Loss: 0.8358
2026-06-04 13:01:51 | DEBUG    |   Batch  360/672 | Loss: 0.8725
2026-06-04 13:01:53 | DEBUG    |   Batch  370/672 | Loss: 0.7802
2026-06-04 13:01:55 | DEBUG    |   Batch  380/672 | Loss: 0.7672
2026-06-04 13:01:58 | DEBUG    |   Batch  390/672 | Loss: 0.8671
2026-06-04 13:02:00 | DEBUG    |   Batch  400/672 | Loss: 0.7743
2026-06-04 13:02:03 | DEBUG    |   Batch  410/672 | Loss: 0.7482
2026-06-04 13:02:05 | DEBUG    |   Batch  420/672 | Loss: 0.7989
2026-06-04 13:02:07 | DEBUG    |   Batch  430/672 | Loss: 0.7451
2026-06-04 13:02:10 | DEBUG    |   Batch  440/672 | Loss: 0.8404
2026-06-04 13:02:12 | DEBUG    |   Batch  450/672 | Loss: 0.8007
2026-06-04 13:02:15 | DEBUG    |   Batch  460/672 | Loss: 0.8169
2026-06-04 13:02:17 | DEBUG    |   Batch  470/672 | Loss: 0.7708
2026-06-04 13:02:19 | DEBUG    |   Batch  480/672 | Loss: 0.8471
2026-06-04 13:02:22 | DEBUG    |   Batch  490/672 | Loss: 0.7574
2026-06-04 13:02:24 | DEBUG    |   Batch  500/672 | Loss: 0.8148
2026-06-04 13:02:27 | DEBUG    |   Batch  510/672 | Loss: 0.8530
2026-06-04 13:02:29 | DEBUG    |   Batch  520/672 | Loss: 0.8538
2026-06-04 13:02:31 | DEBUG    |   Batch  530/672 | Loss: 0.7662
2026-06-04 13:02:34 | DEBUG    |   Batch  540/672 | Loss: 0.8350
2026-06-04 13:02:36 | DEBUG    |   Batch  550/672 | Loss: 0.8244
2026-06-04 13:02:39 | DEBUG    |   Batch  560/672 | Loss: 0.7583
2026-06-04 13:02:41 | DEBUG    |   Batch  570/672 | Loss: 0.7772
2026-06-04 13:02:43 | DEBUG    |   Batch  580/672 | Loss: 0.7841
2026-06-04 13:02:46 | DEBUG    |   Batch  590/672 | Loss: 0.7808
2026-06-04 13:02:48 | DEBUG    |   Batch  600/672 | Loss: 0.7684
2026-06-04 13:02:51 | DEBUG    |   Batch  610/672 | Loss: 0.7113
2026-06-04 13:02:53 | DEBUG    |   Batch  620/672 | Loss: 0.8187
2026-06-04 13:02:55 | DEBUG    |   Batch  630/672 | Loss: 0.7754
2026-06-04 13:02:58 | DEBUG    |   Batch  640/672 | Loss: 0.7017
2026-06-04 13:03:00 | DEBUG    |   Batch  650/672 | Loss: 0.7124
2026-06-04 13:03:03 | DEBUG    |   Batch  660/672 | Loss: 0.7717
2026-06-04 13:03:05 | DEBUG    |   Batch  670/672 | Loss: 0.7262
2026-06-04 13:03:14 | INFO     |   Train Loss: 0.8524 | Val Loss: 0.7500 | Mean Dice: 0.0131
2026-06-04 13:03:14 | INFO     |   Dice NCR/ED/ET: 0.0020 / 0.0274 / 0.0099
2026-06-04 13:03:14 | INFO     |   Time: 170.5s | Elapsed: 0.05h | ETA: 14h 9m | LR: 1.00e-04
2026-06-04 13:03:14 | INFO     |   ✓ New best model saved (Dice: 0.0131)
2026-06-04 13:03:14 | INFO     | ------------------------------------------------------------
2026-06-04 13:03:14 | INFO     | Epoch 2/300
2026-06-04 13:03:14 | DEBUG    |   Batch    0/672 | Loss: 0.7623
2026-06-04 13:03:17 | DEBUG    |   Batch   10/672 | Loss: 0.7698
2026-06-04 13:03:19 | DEBUG    |   Batch   20/672 | Loss: 0.6757
2026-06-04 13:03:21 | DEBUG    |   Batch   30/672 | Loss: 0.7409
2026-06-04 13:03:24 | DEBUG    |   Batch   40/672 | Loss: 0.7364
2026-06-04 13:03:26 | DEBUG    |   Batch   50/672 | Loss: 0.6575
2026-06-04 13:03:29 | DEBUG    |   Batch   60/672 | Loss: 0.6171
2026-06-04 13:03:31 | DEBUG    |   Batch   70/672 | Loss: 0.6651
2026-06-04 13:03:33 | DEBUG    |   Batch   80/672 | Loss: 0.6287
2026-06-04 13:03:36 | DEBUG    |   Batch   90/672 | Loss: 0.6693
2026-06-04 13:03:38 | DEBUG    |   Batch  100/672 | Loss: 0.8287
2026-06-04 13:03:41 | DEBUG    |   Batch  110/672 | Loss: 0.6316
2026-06-04 13:03:43 | DEBUG    |   Batch  120/672 | Loss: 0.6355
2026-06-04 13:03:45 | DEBUG    |   Batch  130/672 | Loss: 0.6310
2026-06-04 13:03:48 | DEBUG    |   Batch  140/672 | Loss: 0.7073
2026-06-04 13:03:50 | DEBUG    |   Batch  150/672 | Loss: 0.5360
2026-06-04 13:03:53 | DEBUG    |   Batch  160/672 | Loss: 0.7456
2026-06-04 13:03:55 | DEBUG    |   Batch  170/672 | Loss: 0.6423
2026-06-04 13:03:57 | DEBUG    |   Batch  180/672 | Loss: 0.5385
2026-06-04 13:04:00 | DEBUG    |   Batch  190/672 | Loss: 0.7112
2026-06-04 13:04:02 | DEBUG    |   Batch  200/672 | Loss: 0.6593
2026-06-04 13:04:05 | DEBUG    |   Batch  210/672 | Loss: 0.6387
2026-06-04 13:04:07 | DEBUG    |   Batch  220/672 | Loss: 0.6182
2026-06-04 13:04:09 | DEBUG    |   Batch  230/672 | Loss: 0.6370
2026-06-04 13:04:12 | DEBUG    |   Batch  240/672 | Loss: 0.6594
2026-06-04 13:04:14 | DEBUG    |   Batch  250/672 | Loss: 0.5726
2026-06-04 13:04:17 | DEBUG    |   Batch  260/672 | Loss: 0.6012
2026-06-04 13:04:19 | DEBUG    |   Batch  270/672 | Loss: 0.6543
2026-06-04 13:04:21 | DEBUG    |   Batch  280/672 | Loss: 0.6547
2026-06-04 13:04:24 | DEBUG    |   Batch  290/672 | Loss: 0.5555
2026-06-04 13:04:26 | DEBUG    |   Batch  300/672 | Loss: 0.5921
2026-06-04 13:04:29 | DEBUG    |   Batch  310/672 | Loss: 0.7464
2026-06-04 13:04:31 | DEBUG    |   Batch  320/672 | Loss: 0.5628
2026-06-04 13:04:33 | DEBUG    |   Batch  330/672 | Loss: 0.6603
2026-06-04 13:04:36 | DEBUG    |   Batch  340/672 | Loss: 0.5348
2026-06-04 13:04:38 | DEBUG    |   Batch  350/672 | Loss: 0.5967
2026-06-04 13:04:41 | DEBUG    |   Batch  360/672 | Loss: 0.5087
2026-06-04 13:04:43 | DEBUG    |   Batch  370/672 | Loss: 0.6361
2026-06-04 13:04:45 | DEBUG    |   Batch  380/672 | Loss: 0.6404
2026-06-04 13:04:48 | DEBUG    |   Batch  390/672 | Loss: 0.6204
2026-06-04 13:04:50 | DEBUG    |   Batch  400/672 | Loss: 0.7069
2026-06-04 13:04:53 | DEBUG    |   Batch  410/672 | Loss: 0.5396
2026-06-04 13:04:55 | DEBUG    |   Batch  420/672 | Loss: 0.4913
2026-06-04 13:04:57 | DEBUG    |   Batch  430/672 | Loss: 0.5557
2026-06-04 13:05:00 | DEBUG    |   Batch  440/672 | Loss: 0.4941
2026-06-04 13:05:02 | DEBUG    |   Batch  450/672 | Loss: 0.6096
2026-06-04 13:05:05 | DEBUG    |   Batch  460/672 | Loss: 0.5587
2026-06-04 13:05:07 | DEBUG    |   Batch  470/672 | Loss: 0.6762
2026-06-04 13:05:09 | DEBUG    |   Batch  480/672 | Loss: 0.4879
2026-06-04 13:05:12 | DEBUG    |   Batch  490/672 | Loss: 0.5986
2026-06-04 13:05:14 | DEBUG    |   Batch  500/672 | Loss: 0.4835
2026-06-04 13:05:17 | DEBUG    |   Batch  510/672 | Loss: 0.7588
2026-06-04 13:05:19 | DEBUG    |   Batch  520/672 | Loss: 0.6219
2026-06-04 13:05:21 | DEBUG    |   Batch  530/672 | Loss: 0.5531
2026-06-04 13:05:24 | DEBUG    |   Batch  540/672 | Loss: 0.4793
2026-06-04 13:05:26 | DEBUG    |   Batch  550/672 | Loss: 0.6038
2026-06-04 13:05:29 | DEBUG    |   Batch  560/672 | Loss: 0.6662
2026-06-04 13:05:31 | DEBUG    |   Batch  570/672 | Loss: 0.5033
2026-06-04 13:05:33 | DEBUG    |   Batch  580/672 | Loss: 0.5645
2026-06-04 13:05:36 | DEBUG    |   Batch  590/672 | Loss: 0.6728
2026-06-04 13:05:38 | DEBUG    |   Batch  600/672 | Loss: 0.5867
2026-06-04 13:05:41 | DEBUG    |   Batch  610/672 | Loss: 0.6043
2026-06-04 13:05:43 | DEBUG    |   Batch  620/672 | Loss: 0.5312
2026-06-04 13:05:45 | DEBUG    |   Batch  630/672 | Loss: 0.6783
2026-06-04 13:05:48 | DEBUG    |   Batch  640/672 | Loss: 0.5293
2026-06-04 13:05:50 | DEBUG    |   Batch  650/672 | Loss: 0.5529
2026-06-04 13:05:53 | DEBUG    |   Batch  660/672 | Loss: 0.5049
2026-06-04 13:05:55 | DEBUG    |   Batch  670/672 | Loss: 0.6595
2026-06-04 13:06:04 | INFO     |   Train Loss: 0.6286 | Val Loss: 0.6375 | Mean Dice: 0.0131
2026-06-04 13:06:04 | INFO     |   Dice NCR/ED/ET: 0.0020 / 0.0274 / 0.0099
2026-06-04 13:06:04 | INFO     |   Time: 170.3s | Elapsed: 0.09h | ETA: 14h 6m | LR: 1.00e-04
2026-06-04 13:06:04 | INFO     | ------------------------------------------------------------
2026-06-04 13:06:04 | INFO     | Epoch 3/300
2026-06-04 13:06:05 | DEBUG    |   Batch    0/672 | Loss: 0.6003
2026-06-04 13:06:07 | DEBUG    |   Batch   10/672 | Loss: 0.5945
2026-06-04 13:06:09 | DEBUG    |   Batch   20/672 | Loss: 0.5241
2026-06-04 13:06:12 | DEBUG    |   Batch   30/672 | Loss: 0.5904
2026-06-04 13:06:14 | DEBUG    |   Batch   40/672 | Loss: 0.5039
2026-06-04 13:06:17 | DEBUG    |   Batch   50/672 | Loss: 0.7178
2026-06-04 13:06:19 | DEBUG    |   Batch   60/672 | Loss: 0.7145
2026-06-04 13:06:21 | DEBUG    |   Batch   70/672 | Loss: 0.5558
2026-06-04 13:06:24 | DEBUG    |   Batch   80/672 | Loss: 0.5458
2026-06-04 13:06:26 | DEBUG    |   Batch   90/672 | Loss: 0.6045
2026-06-04 13:06:29 | DEBUG    |   Batch  100/672 | Loss: 0.5968
2026-06-04 13:06:31 | DEBUG    |   Batch  110/672 | Loss: 0.4869
2026-06-04 13:06:33 | DEBUG    |   Batch  120/672 | Loss: 0.6196
2026-06-04 13:06:36 | DEBUG    |   Batch  130/672 | Loss: 0.6175
2026-06-04 13:06:38 | DEBUG    |   Batch  140/672 | Loss: 0.4446
2026-06-04 13:06:41 | DEBUG    |   Batch  150/672 | Loss: 0.4769
2026-06-04 13:06:43 | DEBUG    |   Batch  160/672 | Loss: 0.4807
2026-06-04 13:06:45 | DEBUG    |   Batch  170/672 | Loss: 0.5030
2026-06-04 13:06:48 | DEBUG    |   Batch  180/672 | Loss: 0.6646
2026-06-04 13:06:50 | DEBUG    |   Batch  190/672 | Loss: 0.5051
2026-06-04 13:06:53 | DEBUG    |   Batch  200/672 | Loss: 0.6517
2026-06-04 13:06:55 | DEBUG    |   Batch  210/672 | Loss: 0.4521
2026-06-04 13:06:57 | DEBUG    |   Batch  220/672 | Loss: 0.5131
2026-06-04 13:07:00 | DEBUG    |   Batch  230/672 | Loss: 0.5521
2026-06-04 13:07:02 | DEBUG    |   Batch  240/672 | Loss: 0.4581
2026-06-04 13:07:05 | DEBUG    |   Batch  250/672 | Loss: 0.4642
2026-06-04 13:07:07 | DEBUG    |   Batch  260/672 | Loss: 0.7037
2026-06-04 13:07:09 | DEBUG    |   Batch  270/672 | Loss: 0.5421
2026-06-04 13:07:12 | DEBUG    |   Batch  280/672 | Loss: 0.6001
2026-06-04 13:07:14 | DEBUG    |   Batch  290/672 | Loss: 0.7773
2026-06-04 13:07:17 | DEBUG    |   Batch  300/672 | Loss: 0.5468
2026-06-04 13:07:19 | DEBUG    |   Batch  310/672 | Loss: 0.6907
2026-06-04 13:07:21 | DEBUG    |   Batch  320/672 | Loss: 0.5223
2026-06-04 13:07:24 | DEBUG    |   Batch  330/672 | Loss: 0.6054
2026-06-04 13:07:26 | DEBUG    |   Batch  340/672 | Loss: 0.5794
2026-06-04 13:07:29 | DEBUG    |   Batch  350/672 | Loss: 0.6352
2026-06-04 13:07:31 | DEBUG    |   Batch  360/672 | Loss: 0.5289
2026-06-04 13:07:33 | DEBUG    |   Batch  370/672 | Loss: 0.5666
2026-06-04 13:07:36 | DEBUG    |   Batch  380/672 | Loss: 0.4823
2026-06-04 13:07:38 | DEBUG    |   Batch  390/672 | Loss: 0.5241
2026-06-04 13:07:41 | DEBUG    |   Batch  400/672 | Loss: 0.7242
2026-06-04 13:07:43 | DEBUG    |   Batch  410/672 | Loss: 0.5070
2026-06-04 13:07:45 | DEBUG    |   Batch  420/672 | Loss: 0.5353
2026-06-04 13:07:48 | DEBUG    |   Batch  430/672 | Loss: 0.6242
2026-06-04 13:07:50 | DEBUG    |   Batch  440/672 | Loss: 0.4439
2026-06-04 13:07:53 | DEBUG    |   Batch  450/672 | Loss: 0.4660
2026-06-04 13:07:55 | DEBUG    |   Batch  460/672 | Loss: 0.6571
2026-06-04 13:07:57 | DEBUG    |   Batch  470/672 | Loss: 0.8091
2026-06-04 13:08:00 | DEBUG    |   Batch  480/672 | Loss: 0.5295
2026-06-04 13:08:02 | DEBUG    |   Batch  490/672 | Loss: 0.5751
2026-06-04 13:08:05 | DEBUG    |   Batch  500/672 | Loss: 0.4807
2026-06-04 13:08:07 | DEBUG    |   Batch  510/672 | Loss: 0.5770
2026-06-04 13:08:09 | DEBUG    |   Batch  520/672 | Loss: 0.5095
2026-06-04 13:08:12 | DEBUG    |   Batch  530/672 | Loss: 0.6684
2026-06-04 13:08:14 | DEBUG    |   Batch  540/672 | Loss: 0.5247
2026-06-04 13:08:17 | DEBUG    |   Batch  550/672 | Loss: 0.4764
2026-06-04 13:08:19 | DEBUG    |   Batch  560/672 | Loss: 0.6373
2026-06-04 13:08:21 | DEBUG    |   Batch  570/672 | Loss: 0.4600
2026-06-04 13:08:24 | DEBUG    |   Batch  580/672 | Loss: 0.6246
2026-06-04 13:08:26 | DEBUG    |   Batch  590/672 | Loss: 0.7052
2026-06-04 13:08:29 | DEBUG    |   Batch  600/672 | Loss: 0.6014
2026-06-04 13:08:31 | DEBUG    |   Batch  610/672 | Loss: 0.4823
2026-06-04 13:08:33 | DEBUG    |   Batch  620/672 | Loss: 0.4745
2026-06-04 13:08:36 | DEBUG    |   Batch  630/672 | Loss: 0.4815
2026-06-04 13:08:38 | DEBUG    |   Batch  640/672 | Loss: 0.5277
2026-06-04 13:08:41 | DEBUG    |   Batch  650/672 | Loss: 0.5664
2026-06-04 13:08:43 | DEBUG    |   Batch  660/672 | Loss: 0.4935
2026-06-04 13:08:45 | DEBUG    |   Batch  670/672 | Loss: 0.5978
2026-06-04 13:08:54 | INFO     |   Train Loss: 0.5649 | Val Loss: 0.5895 | Mean Dice: 0.0131
2026-06-04 13:08:54 | INFO     |   Dice NCR/ED/ET: 0.0020 / 0.0274 / 0.0099
2026-06-04 13:08:54 | INFO     |   Time: 170.4s | Elapsed: 0.14h | ETA: 14h 3m | LR: 1.00e-04
2026-06-04 13:08:54 | INFO     | ------------------------------------------------------------
2026-06-04 13:08:54 | INFO     | Epoch 4/300
2026-06-04 13:08:55 | DEBUG    |   Batch    0/672 | Loss: 0.4411
2026-06-04 13:08:57 | DEBUG    |   Batch   10/672 | Loss: 0.6314
2026-06-04 13:09:00 | DEBUG    |   Batch   20/672 | Loss: 0.4879
2026-06-04 13:09:02 | DEBUG    |   Batch   30/672 | Loss: 0.4600
2026-06-04 13:09:05 | DEBUG    |   Batch   40/672 | Loss: 0.4960
2026-06-04 13:09:07 | DEBUG    |   Batch   50/672 | Loss: 0.4643
2026-06-04 13:09:09 | DEBUG    |   Batch   60/672 | Loss: 0.4785
2026-06-04 13:09:12 | DEBUG    |   Batch   70/672 | Loss: 0.4568
2026-06-04 13:09:14 | DEBUG    |   Batch   80/672 | Loss: 0.5328
2026-06-04 13:09:17 | DEBUG    |   Batch   90/672 | Loss: 0.5787
2026-06-04 13:09:19 | DEBUG    |   Batch  100/672 | Loss: 0.4366
2026-06-04 13:09:21 | DEBUG    |   Batch  110/672 | Loss: 0.6386
2026-06-04 13:09:24 | DEBUG    |   Batch  120/672 | Loss: 0.4797
2026-06-04 13:09:26 | DEBUG    |   Batch  130/672 | Loss: 0.4823
2026-06-04 13:09:29 | DEBUG    |   Batch  140/672 | Loss: 0.5334
2026-06-04 13:09:31 | DEBUG    |   Batch  150/672 | Loss: 0.6696
2026-06-04 13:09:33 | DEBUG    |   Batch  160/672 | Loss: 0.4587
2026-06-04 13:09:36 | DEBUG    |   Batch  170/672 | Loss: 0.4859
2026-06-04 13:09:38 | DEBUG    |   Batch  180/672 | Loss: 0.7435
2026-06-04 13:09:41 | DEBUG    |   Batch  190/672 | Loss: 0.5247
2026-06-04 13:09:43 | DEBUG    |   Batch  200/672 | Loss: 0.4824
2026-06-04 13:09:45 | DEBUG    |   Batch  210/672 | Loss: 0.4510
2026-06-04 13:09:48 | DEBUG    |   Batch  220/672 | Loss: 0.5626
2026-06-04 13:09:50 | DEBUG    |   Batch  230/672 | Loss: 0.5415
2026-06-04 13:09:53 | DEBUG    |   Batch  240/672 | Loss: 0.6392
2026-06-04 13:09:55 | DEBUG    |   Batch  250/672 | Loss: 0.4379
2026-06-04 13:09:57 | DEBUG    |   Batch  260/672 | Loss: 0.5546
2026-06-04 13:10:00 | DEBUG    |   Batch  270/672 | Loss: 0.5384
2026-06-04 13:10:02 | DEBUG    |   Batch  280/672 | Loss: 0.5951
2026-06-04 13:10:05 | DEBUG    |   Batch  290/672 | Loss: 0.5826
2026-06-04 13:10:07 | DEBUG    |   Batch  300/672 | Loss: 0.4736
2026-06-04 13:10:09 | DEBUG    |   Batch  310/672 | Loss: 0.6714
2026-06-04 13:10:12 | DEBUG    |   Batch  320/672 | Loss: 0.5667
2026-06-04 13:10:14 | DEBUG    |   Batch  330/672 | Loss: 0.4921
2026-06-04 13:10:17 | DEBUG    |   Batch  340/672 | Loss: 0.7399
2026-06-04 13:10:19 | DEBUG    |   Batch  350/672 | Loss: 0.6218
2026-06-04 13:10:21 | DEBUG    |   Batch  360/672 | Loss: 0.5147
2026-06-04 13:10:24 | DEBUG    |   Batch  370/672 | Loss: 0.6148
2026-06-04 13:10:26 | DEBUG    |   Batch  380/672 | Loss: 0.7346
2026-06-04 13:10:29 | DEBUG    |   Batch  390/672 | Loss: 0.6091
2026-06-04 13:10:31 | DEBUG    |   Batch  400/672 | Loss: 0.6106
2026-06-04 13:10:33 | DEBUG    |   Batch  410/672 | Loss: 0.5435
2026-06-04 13:10:36 | DEBUG    |   Batch  420/672 | Loss: 0.6057
2026-06-04 13:10:38 | DEBUG    |   Batch  430/672 | Loss: 0.4383
2026-06-04 13:10:41 | DEBUG    |   Batch  440/672 | Loss: 0.5182
2026-06-04 13:10:43 | DEBUG    |   Batch  450/672 | Loss: 0.5395
2026-06-04 13:10:45 | DEBUG    |   Batch  460/672 | Loss: 0.5569
2026-06-04 13:10:48 | DEBUG    |   Batch  470/672 | Loss: 0.5192
2026-06-04 13:10:50 | DEBUG    |   Batch  480/672 | Loss: 0.6019
2026-06-04 13:10:53 | DEBUG    |   Batch  490/672 | Loss: 0.6576
2026-06-04 13:10:55 | DEBUG    |   Batch  500/672 | Loss: 0.5216
2026-06-04 13:10:57 | DEBUG    |   Batch  510/672 | Loss: 0.5573
2026-06-04 13:11:00 | DEBUG    |   Batch  520/672 | Loss: 0.4662
2026-06-04 13:11:02 | DEBUG    |   Batch  530/672 | Loss: 0.5509
2026-06-04 13:11:05 | DEBUG    |   Batch  540/672 | Loss: 0.4751
2026-06-04 13:11:07 | DEBUG    |   Batch  550/672 | Loss: 0.5213
2026-06-04 13:11:09 | DEBUG    |   Batch  560/672 | Loss: 0.5784
2026-06-04 13:11:12 | DEBUG    |   Batch  570/672 | Loss: 0.4787
2026-06-04 13:11:14 | DEBUG    |   Batch  580/672 | Loss: 0.5214
2026-06-04 13:11:17 | DEBUG    |   Batch  590/672 | Loss: 0.4303
2026-06-04 13:11:19 | DEBUG    |   Batch  600/672 | Loss: 0.5365
2026-06-04 13:11:21 | DEBUG    |   Batch  610/672 | Loss: 0.5115
2026-06-04 13:11:24 | DEBUG    |   Batch  620/672 | Loss: 0.5682
2026-06-04 13:11:26 | DEBUG    |   Batch  630/672 | Loss: 0.5734
2026-06-04 13:11:29 | DEBUG    |   Batch  640/672 | Loss: 0.5292
2026-06-04 13:11:31 | DEBUG    |   Batch  650/672 | Loss: 0.5257
2026-06-04 13:11:33 | DEBUG    |   Batch  660/672 | Loss: 0.5940
2026-06-04 13:11:36 | DEBUG    |   Batch  670/672 | Loss: 0.5743
2026-06-04 13:11:45 | INFO     |   Train Loss: 0.5457 | Val Loss: 0.5824 | Mean Dice: 0.0131
2026-06-04 13:11:45 | INFO     |   Dice NCR/ED/ET: 0.0020 / 0.0274 / 0.0099
2026-06-04 13:11:45 | INFO     |   Time: 170.2s | Elapsed: 0.19h | ETA: 14h 0m | LR: 1.00e-04
2026-06-04 13:11:45 | INFO     | ------------------------------------------------------------
2026-06-04 13:11:45 | INFO     | Epoch 5/300
2026-06-04 13:11:45 | DEBUG    |   Batch    0/672 | Loss: 0.5639
2026-06-04 13:11:48 | DEBUG    |   Batch   10/672 | Loss: 0.4413
2026-06-04 13:11:50 | DEBUG    |   Batch   20/672 | Loss: 0.4801
2026-06-04 13:11:52 | DEBUG    |   Batch   30/672 | Loss: 0.6268
2026-06-04 13:11:55 | DEBUG    |   Batch   40/672 | Loss: 0.5369
2026-06-04 13:11:57 | DEBUG    |   Batch   50/672 | Loss: 0.5301
2026-06-04 13:12:00 | DEBUG    |   Batch   60/672 | Loss: 0.5673
2026-06-04 13:12:02 | DEBUG    |   Batch   70/672 | Loss: 0.6533
2026-06-04 13:12:04 | DEBUG    |   Batch   80/672 | Loss: 0.4289
2026-06-04 13:12:07 | DEBUG    |   Batch   90/672 | Loss: 0.4575
2026-06-04 13:12:09 | DEBUG    |   Batch  100/672 | Loss: 0.5792
2026-06-04 13:12:12 | DEBUG    |   Batch  110/672 | Loss: 0.4644
2026-06-04 13:12:14 | DEBUG    |   Batch  120/672 | Loss: 0.6585
2026-06-04 13:12:16 | DEBUG    |   Batch  130/672 | Loss: 0.5987
2026-06-04 13:12:19 | DEBUG    |   Batch  140/672 | Loss: 0.5171
2026-06-04 13:12:21 | DEBUG    |   Batch  150/672 | Loss: 0.4912
2026-06-04 13:12:24 | DEBUG    |   Batch  160/672 | Loss: 0.4895
2026-06-04 13:12:26 | DEBUG    |   Batch  170/672 | Loss: 0.5774
2026-06-04 13:12:28 | DEBUG    |   Batch  180/672 | Loss: 0.4888
2026-06-04 13:12:31 | DEBUG    |   Batch  190/672 | Loss: 0.4494
2026-06-04 13:12:33 | DEBUG    |   Batch  200/672 | Loss: 0.6268
2026-06-04 13:12:36 | DEBUG    |   Batch  210/672 | Loss: 0.5359
2026-06-04 13:12:38 | DEBUG    |   Batch  220/672 | Loss: 0.4442
2026-06-04 13:12:40 | DEBUG    |   Batch  230/672 | Loss: 0.5145
2026-06-04 13:12:43 | DEBUG    |   Batch  240/672 | Loss: 0.5208
2026-06-04 13:12:45 | DEBUG    |   Batch  250/672 | Loss: 0.6889
2026-06-04 13:12:48 | DEBUG    |   Batch  260/672 | Loss: 0.4698
2026-06-04 13:12:50 | DEBUG    |   Batch  270/672 | Loss: 0.6399
2026-06-04 13:12:52 | DEBUG    |   Batch  280/672 | Loss: 0.5019
2026-06-04 13:12:55 | DEBUG    |   Batch  290/672 | Loss: 0.4832
2026-06-04 13:12:57 | DEBUG    |   Batch  300/672 | Loss: 0.5087
2026-06-04 13:13:00 | DEBUG    |   Batch  310/672 | Loss: 0.5316
2026-06-04 13:13:02 | DEBUG    |   Batch  320/672 | Loss: 0.4741
2026-06-04 13:13:04 | DEBUG    |   Batch  330/672 | Loss: 0.4686
2026-06-04 13:13:07 | DEBUG    |   Batch  340/672 | Loss: 0.4590
2026-06-04 13:13:09 | DEBUG    |   Batch  350/672 | Loss: 0.5406
2026-06-04 13:13:12 | DEBUG    |   Batch  360/672 | Loss: 0.4975
2026-06-04 13:13:14 | DEBUG    |   Batch  370/672 | Loss: 0.6001
2026-06-04 13:13:16 | DEBUG    |   Batch  380/672 | Loss: 0.4994
2026-06-04 13:13:19 | DEBUG    |   Batch  390/672 | Loss: 0.5159
2026-06-04 13:13:21 | DEBUG    |   Batch  400/672 | Loss: 0.5344
2026-06-04 13:13:24 | DEBUG    |   Batch  410/672 | Loss: 0.5647
2026-06-04 13:13:26 | DEBUG    |   Batch  420/672 | Loss: 0.6534
2026-06-04 13:13:28 | DEBUG    |   Batch  430/672 | Loss: 0.5255
2026-06-04 13:13:31 | DEBUG    |   Batch  440/672 | Loss: 0.5497
2026-06-04 13:13:33 | DEBUG    |   Batch  450/672 | Loss: 0.4218
2026-06-04 13:13:36 | DEBUG    |   Batch  460/672 | Loss: 0.5586
2026-06-04 13:13:38 | DEBUG    |   Batch  470/672 | Loss: 0.5607
2026-06-04 13:13:40 | DEBUG    |   Batch  480/672 | Loss: 0.6471
2026-06-04 13:13:43 | DEBUG    |   Batch  490/672 | Loss: 0.4761
2026-06-04 13:13:45 | DEBUG    |   Batch  500/672 | Loss: 0.5687
2026-06-04 13:13:47 | DEBUG    |   Batch  510/672 | Loss: 0.5577
2026-06-04 13:13:50 | DEBUG    |   Batch  520/672 | Loss: 0.4620
2026-06-04 13:13:52 | DEBUG    |   Batch  530/672 | Loss: 0.5228
2026-06-04 13:13:55 | DEBUG    |   Batch  540/672 | Loss: 0.5459
2026-06-04 13:13:57 | DEBUG    |   Batch  550/672 | Loss: 0.7124
2026-06-04 13:13:59 | DEBUG    |   Batch  560/672 | Loss: 0.5852
2026-06-04 13:14:02 | DEBUG    |   Batch  570/672 | Loss: 0.4725
2026-06-04 13:14:04 | DEBUG    |   Batch  580/672 | Loss: 0.7117
2026-06-04 13:14:07 | DEBUG    |   Batch  590/672 | Loss: 0.4342
2026-06-04 13:14:09 | DEBUG    |   Batch  600/672 | Loss: 0.5989
2026-06-04 13:14:11 | DEBUG    |   Batch  610/672 | Loss: 0.5105
2026-06-04 13:14:14 | DEBUG    |   Batch  620/672 | Loss: 0.5824
2026-06-04 13:14:16 | DEBUG    |   Batch  630/672 | Loss: 0.6843
2026-06-04 13:14:19 | DEBUG    |   Batch  640/672 | Loss: 0.4557
2026-06-04 13:14:21 | DEBUG    |   Batch  650/672 | Loss: 0.6326
2026-06-04 13:14:23 | DEBUG    |   Batch  660/672 | Loss: 0.4937
2026-06-04 13:14:26 | DEBUG    |   Batch  670/672 | Loss: 0.7539
2026-06-04 13:14:35 | INFO     |   Train Loss: 0.5316 | Val Loss: 0.5750 | Mean Dice: 0.0131
2026-06-04 13:14:35 | INFO     |   Dice NCR/ED/ET: 0.0020 / 0.0274 / 0.0099
2026-06-04 13:14:35 | INFO     |   Time: 170.1s | Elapsed: 0.24h | ETA: 13h 57m | LR: 9.99e-05
2026-06-04 13:14:35 | INFO     | ------------------------------------------------------------
2026-06-04 13:14:35 | INFO     | Epoch 6/300
2026-06-04 13:14:35 | DEBUG    |   Batch    0/672 | Loss: 0.6261
2026-06-04 13:14:38 | DEBUG    |   Batch   10/672 | Loss: 0.4976
2026-06-04 13:14:40 | DEBUG    |   Batch   20/672 | Loss: 0.5157
2026-06-04 13:14:42 | DEBUG    |   Batch   30/672 | Loss: 0.4815
2026-06-04 13:14:45 | DEBUG    |   Batch   40/672 | Loss: 0.4990
2026-06-04 13:14:47 | DEBUG    |   Batch   50/672 | Loss: 0.5311
2026-06-04 13:14:50 | DEBUG    |   Batch   60/672 | Loss: 0.5860
2026-06-04 13:14:52 | DEBUG    |   Batch   70/672 | Loss: 0.6020
2026-06-04 13:14:54 | DEBUG    |   Batch   80/672 | Loss: 0.4812
2026-06-04 13:14:57 | DEBUG    |   Batch   90/672 | Loss: 0.7351
2026-06-04 13:14:59 | DEBUG    |   Batch  100/672 | Loss: 0.5225
2026-06-04 13:15:02 | DEBUG    |   Batch  110/672 | Loss: 0.5325
2026-06-04 13:15:04 | DEBUG    |   Batch  120/672 | Loss: 0.5762
2026-06-04 13:15:06 | DEBUG    |   Batch  130/672 | Loss: 0.4527
2026-06-04 13:15:09 | DEBUG    |   Batch  140/672 | Loss: 0.4732
2026-06-04 13:15:11 | DEBUG    |   Batch  150/672 | Loss: 0.5292
2026-06-04 13:15:14 | DEBUG    |   Batch  160/672 | Loss: 0.4126
2026-06-04 13:15:16 | DEBUG    |   Batch  170/672 | Loss: 0.5264
2026-06-04 13:15:18 | DEBUG    |   Batch  180/672 | Loss: 0.6358
2026-06-04 13:15:21 | DEBUG    |   Batch  190/672 | Loss: 0.4751
2026-06-04 13:15:23 | DEBUG    |   Batch  200/672 | Loss: 0.4870
2026-06-04 13:15:26 | DEBUG    |   Batch  210/672 | Loss: 0.5783
2026-06-04 13:15:28 | DEBUG    |   Batch  220/672 | Loss: 0.5057
2026-06-04 13:15:30 | DEBUG    |   Batch  230/672 | Loss: 0.4537
2026-06-04 13:15:33 | DEBUG    |   Batch  240/672 | Loss: 0.5078
2026-06-04 13:15:35 | DEBUG    |   Batch  250/672 | Loss: 0.4958
2026-06-04 13:15:38 | DEBUG    |   Batch  260/672 | Loss: 0.4632
2026-06-04 13:15:40 | DEBUG    |   Batch  270/672 | Loss: 0.5538
2026-06-04 13:15:42 | DEBUG    |   Batch  280/672 | Loss: 0.4949
2026-06-04 13:15:45 | DEBUG    |   Batch  290/672 | Loss: 0.6507
2026-06-04 13:15:47 | DEBUG    |   Batch  300/672 | Loss: 0.4938
2026-06-04 13:15:50 | DEBUG    |   Batch  310/672 | Loss: 0.6300
2026-06-04 13:15:52 | DEBUG    |   Batch  320/672 | Loss: 0.4644
2026-06-04 13:15:54 | DEBUG    |   Batch  330/672 | Loss: 0.4313
2026-06-04 13:15:57 | DEBUG    |   Batch  340/672 | Loss: 0.5113
2026-06-04 13:15:59 | DEBUG    |   Batch  350/672 | Loss: 0.5057
2026-06-04 13:16:02 | DEBUG    |   Batch  360/672 | Loss: 0.4573
2026-06-04 13:16:04 | DEBUG    |   Batch  370/672 | Loss: 0.5627
2026-06-04 13:16:06 | DEBUG    |   Batch  380/672 | Loss: 0.4673
2026-06-04 13:16:09 | DEBUG    |   Batch  390/672 | Loss: 0.4804
2026-06-04 13:16:11 | DEBUG    |   Batch  400/672 | Loss: 0.5070
2026-06-04 13:16:14 | DEBUG    |   Batch  410/672 | Loss: 0.4875
2026-06-04 13:16:16 | DEBUG    |   Batch  420/672 | Loss: 0.4210
2026-06-04 13:16:18 | DEBUG    |   Batch  430/672 | Loss: 0.5590
2026-06-04 13:16:21 | DEBUG    |   Batch  440/672 | Loss: 0.4640
2026-06-04 13:16:23 | DEBUG    |   Batch  450/672 | Loss: 0.4882
2026-06-04 13:16:26 | DEBUG    |   Batch  460/672 | Loss: 0.5259
2026-06-04 13:16:28 | DEBUG    |   Batch  470/672 | Loss: 0.4205
2026-06-04 13:16:30 | DEBUG    |   Batch  480/672 | Loss: 0.4675
2026-06-04 13:16:33 | DEBUG    |   Batch  490/672 | Loss: 0.4696
2026-06-04 13:16:35 | DEBUG    |   Batch  500/672 | Loss: 0.4545
2026-06-04 13:16:38 | DEBUG    |   Batch  510/672 | Loss: 0.5247
2026-06-04 13:16:40 | DEBUG    |   Batch  520/672 | Loss: 0.5221
2026-06-04 13:16:42 | DEBUG    |   Batch  530/672 | Loss: 0.5454
2026-06-04 13:16:45 | DEBUG    |   Batch  540/672 | Loss: 0.4249
2026-06-04 13:16:47 | DEBUG    |   Batch  550/672 | Loss: 0.6690
2026-06-04 13:16:50 | DEBUG    |   Batch  560/672 | Loss: 0.4750
2026-06-04 13:16:52 | DEBUG    |   Batch  570/672 | Loss: 0.5117
2026-06-04 13:16:54 | DEBUG    |   Batch  580/672 | Loss: 0.4297
2026-06-04 13:16:57 | DEBUG    |   Batch  590/672 | Loss: 0.4722
2026-06-04 13:16:59 | DEBUG    |   Batch  600/672 | Loss: 0.4888
2026-06-04 13:17:02 | DEBUG    |   Batch  610/672 | Loss: 0.5260
2026-06-04 13:17:04 | DEBUG    |   Batch  620/672 | Loss: 0.4828
2026-06-04 13:17:06 | DEBUG    |   Batch  630/672 | Loss: 0.5587
2026-06-04 13:17:09 | DEBUG    |   Batch  640/672 | Loss: 0.4553
2026-06-04 13:17:11 | DEBUG    |   Batch  650/672 | Loss: 0.6352
2026-06-04 13:17:14 | DEBUG    |   Batch  660/672 | Loss: 0.4591
2026-06-04 13:17:16 | DEBUG    |   Batch  670/672 | Loss: 0.4633
2026-06-04 13:17:25 | INFO     |   Train Loss: 0.5249 | Val Loss: 0.5546 | Mean Dice: 0.0131
2026-06-04 13:17:25 | INFO     |   Dice NCR/ED/ET: 0.0020 / 0.0274 / 0.0099
2026-06-04 13:17:25 | INFO     |   Time: 170.2s | Elapsed: 0.28h | ETA: 13h 54m | LR: 9.99e-05
2026-06-04 13:17:25 | INFO     | ------------------------------------------------------------
2026-06-04 13:17:25 | INFO     | Epoch 7/300
2026-06-04 13:17:25 | DEBUG    |   Batch    0/672 | Loss: 0.4307
2026-06-04 13:17:28 | DEBUG    |   Batch   10/672 | Loss: 0.4987
2026-06-04 13:17:30 | DEBUG    |   Batch   20/672 | Loss: 0.5345
2026-06-04 13:17:33 | DEBUG    |   Batch   30/672 | Loss: 0.5513
2026-06-04 13:17:35 | DEBUG    |   Batch   40/672 | Loss: 0.6524
2026-06-04 13:17:37 | DEBUG    |   Batch   50/672 | Loss: 0.6998
2026-06-04 13:17:40 | DEBUG    |   Batch   60/672 | Loss: 0.4948
2026-06-04 13:17:42 | DEBUG    |   Batch   70/672 | Loss: 0.6142
2026-06-04 13:17:45 | DEBUG    |   Batch   80/672 | Loss: 0.4992
2026-06-04 13:17:47 | DEBUG    |   Batch   90/672 | Loss: 0.4886
2026-06-04 13:17:49 | DEBUG    |   Batch  100/672 | Loss: 0.5620
2026-06-04 13:17:52 | DEBUG    |   Batch  110/672 | Loss: 0.5499
2026-06-04 13:17:54 | DEBUG    |   Batch  120/672 | Loss: 0.4236
2026-06-04 13:17:57 | DEBUG    |   Batch  130/672 | Loss: 0.4822
2026-06-04 13:17:59 | DEBUG    |   Batch  140/672 | Loss: 0.5453
2026-06-04 13:18:01 | DEBUG    |   Batch  150/672 | Loss: 0.4616
2026-06-04 13:18:04 | DEBUG    |   Batch  160/672 | Loss: 0.4755
2026-06-04 13:18:06 | DEBUG    |   Batch  170/672 | Loss: 0.4440
2026-06-04 13:18:09 | DEBUG    |   Batch  180/672 | Loss: 0.4193
2026-06-04 13:18:11 | DEBUG    |   Batch  190/672 | Loss: 0.4547
2026-06-04 13:18:13 | DEBUG    |   Batch  200/672 | Loss: 0.5679
2026-06-04 13:18:16 | DEBUG    |   Batch  210/672 | Loss: 0.4427
2026-06-04 13:18:18 | DEBUG    |   Batch  220/672 | Loss: 0.4194
2026-06-04 13:18:21 | DEBUG    |   Batch  230/672 | Loss: 0.4382
2026-06-04 13:18:23 | DEBUG    |   Batch  240/672 | Loss: 0.5755
2026-06-04 13:18:25 | DEBUG    |   Batch  250/672 | Loss: 0.5397
2026-06-04 13:18:28 | DEBUG    |   Batch  260/672 | Loss: 0.4864
2026-06-04 13:18:30 | DEBUG    |   Batch  270/672 | Loss: 0.5091
2026-06-04 13:18:33 | DEBUG    |   Batch  280/672 | Loss: 0.5202
2026-06-04 13:18:35 | DEBUG    |   Batch  290/672 | Loss: 0.4866
2026-06-04 13:18:37 | DEBUG    |   Batch  300/672 | Loss: 0.4628
2026-06-04 13:18:40 | DEBUG    |   Batch  310/672 | Loss: 0.6987
2026-06-04 13:18:42 | DEBUG    |   Batch  320/672 | Loss: 0.5809
2026-06-04 13:18:45 | DEBUG    |   Batch  330/672 | Loss: 0.5087
2026-06-04 13:18:47 | DEBUG    |   Batch  340/672 | Loss: 0.4823
2026-06-04 13:18:49 | DEBUG    |   Batch  350/672 | Loss: 0.4251
2026-06-04 13:18:52 | DEBUG    |   Batch  360/672 | Loss: 0.4606
2026-06-04 13:18:54 | DEBUG    |   Batch  370/672 | Loss: 0.4813
2026-06-04 13:18:57 | DEBUG    |   Batch  380/672 | Loss: 0.6549
2026-06-04 13:18:59 | DEBUG    |   Batch  390/672 | Loss: 0.5167
2026-06-04 13:19:01 | DEBUG    |   Batch  400/672 | Loss: 0.4831
2026-06-04 13:19:04 | DEBUG    |   Batch  410/672 | Loss: 0.4818
2026-06-04 13:19:06 | DEBUG    |   Batch  420/672 | Loss: 0.5315
2026-06-04 13:19:09 | DEBUG    |   Batch  430/672 | Loss: 0.6559
2026-06-04 13:19:11 | DEBUG    |   Batch  440/672 | Loss: 0.4637
2026-06-04 13:19:13 | DEBUG    |   Batch  450/672 | Loss: 0.4807
2026-06-04 13:19:16 | DEBUG    |   Batch  460/672 | Loss: 0.4940
2026-06-04 13:19:18 | DEBUG    |   Batch  470/672 | Loss: 0.5936
2026-06-04 13:19:21 | DEBUG    |   Batch  480/672 | Loss: 0.4905
2026-06-04 13:19:23 | DEBUG    |   Batch  490/672 | Loss: 0.6874
2026-06-04 13:19:25 | DEBUG    |   Batch  500/672 | Loss: 0.5569
2026-06-04 13:19:28 | DEBUG    |   Batch  510/672 | Loss: 0.5720
2026-06-04 13:19:30 | DEBUG    |   Batch  520/672 | Loss: 0.4597
2026-06-04 13:19:33 | DEBUG    |   Batch  530/672 | Loss: 0.5856
2026-06-04 13:19:35 | DEBUG    |   Batch  540/672 | Loss: 0.5340
2026-06-04 13:19:37 | DEBUG    |   Batch  550/672 | Loss: 0.5711
2026-06-04 13:19:40 | DEBUG    |   Batch  560/672 | Loss: 0.3995
2026-06-04 13:19:42 | DEBUG    |   Batch  570/672 | Loss: 0.5225
2026-06-04 13:19:45 | DEBUG    |   Batch  580/672 | Loss: 0.4995
2026-06-04 13:19:47 | DEBUG    |   Batch  590/672 | Loss: 0.4905
2026-06-04 13:19:49 | DEBUG    |   Batch  600/672 | Loss: 0.5631
2026-06-04 13:19:52 | DEBUG    |   Batch  610/672 | Loss: 0.5043
2026-06-04 13:19:54 | DEBUG    |   Batch  620/672 | Loss: 0.5062
2026-06-04 13:19:57 | DEBUG    |   Batch  630/672 | Loss: 0.4511
2026-06-04 13:19:59 | DEBUG    |   Batch  640/672 | Loss: 0.6600
2026-06-04 13:20:01 | DEBUG    |   Batch  650/672 | Loss: 0.4796
2026-06-04 13:20:04 | DEBUG    |   Batch  660/672 | Loss: 0.4471
2026-06-04 13:20:06 | DEBUG    |   Batch  670/672 | Loss: 0.5966
2026-06-04 13:20:15 | INFO     |   Train Loss: 0.5191 | Val Loss: 0.5513 | Mean Dice: 0.0131
2026-06-04 13:20:15 | INFO     |   Dice NCR/ED/ET: 0.0020 / 0.0274 / 0.0099
2026-06-04 13:20:15 | INFO     |   Time: 170.2s | Elapsed: 0.33h | ETA: 13h 51m | LR: 9.99e-05
2026-06-04 13:20:15 | INFO     | ------------------------------------------------------------
2026-06-04 13:20:15 | INFO     | Epoch 8/300
2026-06-04 13:20:16 | DEBUG    |   Batch    0/672 | Loss: 0.5376
2026-06-04 13:20:18 | DEBUG    |   Batch   10/672 | Loss: 0.4746
2026-06-04 13:20:20 | DEBUG    |   Batch   20/672 | Loss: 0.4973
2026-06-04 13:20:23 | DEBUG    |   Batch   30/672 | Loss: 0.4639
2026-06-04 13:20:25 | DEBUG    |   Batch   40/672 | Loss: 0.4555
2026-06-04 13:20:28 | DEBUG    |   Batch   50/672 | Loss: 0.5686
2026-06-04 13:20:30 | DEBUG    |   Batch   60/672 | Loss: 0.6117
2026-06-04 13:20:32 | DEBUG    |   Batch   70/672 | Loss: 0.5222
2026-06-04 13:20:35 | DEBUG    |   Batch   80/672 | Loss: 0.4739
2026-06-04 13:20:37 | DEBUG    |   Batch   90/672 | Loss: 0.4139
2026-06-04 13:20:40 | DEBUG    |   Batch  100/672 | Loss: 0.5089
2026-06-04 13:20:42 | DEBUG    |   Batch  110/672 | Loss: 0.5305
2026-06-04 13:20:44 | DEBUG    |   Batch  120/672 | Loss: 0.4430
2026-06-04 13:20:47 | DEBUG    |   Batch  130/672 | Loss: 0.4541
2026-06-04 13:20:49 | DEBUG    |   Batch  140/672 | Loss: 0.6309
2026-06-04 13:20:52 | DEBUG    |   Batch  150/672 | Loss: 0.4547
2026-06-04 13:20:54 | DEBUG    |   Batch  160/672 | Loss: 0.4879
2026-06-04 13:20:56 | DEBUG    |   Batch  170/672 | Loss: 0.5640
2026-06-04 13:20:59 | DEBUG    |   Batch  180/672 | Loss: 0.4629
2026-06-04 13:21:01 | DEBUG    |   Batch  190/672 | Loss: 0.4989
2026-06-04 13:21:04 | DEBUG    |   Batch  200/672 | Loss: 0.4475
2026-06-04 13:21:06 | DEBUG    |   Batch  210/672 | Loss: 0.4927
2026-06-04 13:21:08 | DEBUG    |   Batch  220/672 | Loss: 0.5053
2026-06-04 13:21:11 | DEBUG    |   Batch  230/672 | Loss: 0.5762
2026-06-04 13:21:13 | DEBUG    |   Batch  240/672 | Loss: 0.4822
2026-06-04 13:21:16 | DEBUG    |   Batch  250/672 | Loss: 0.5370
2026-06-04 13:21:18 | DEBUG    |   Batch  260/672 | Loss: 0.4679
2026-06-04 13:21:20 | DEBUG    |   Batch  270/672 | Loss: 0.5199
2026-06-04 13:21:23 | DEBUG    |   Batch  280/672 | Loss: 0.5549
2026-06-04 13:21:25 | DEBUG    |   Batch  290/672 | Loss: 0.4406
2026-06-04 13:21:28 | DEBUG    |   Batch  300/672 | Loss: 0.5284
2026-06-04 13:21:30 | DEBUG    |   Batch  310/672 | Loss: 0.4422
2026-06-04 13:21:32 | DEBUG    |   Batch  320/672 | Loss: 0.5770
2026-06-04 13:21:35 | DEBUG    |   Batch  330/672 | Loss: 0.6174
2026-06-04 13:21:37 | DEBUG    |   Batch  340/672 | Loss: 0.4206
2026-06-04 13:21:40 | DEBUG    |   Batch  350/672 | Loss: 0.5421
2026-06-04 13:21:42 | DEBUG    |   Batch  360/672 | Loss: 0.4783
2026-06-04 13:21:44 | DEBUG    |   Batch  370/672 | Loss: 0.8756
2026-06-04 13:21:47 | DEBUG    |   Batch  380/672 | Loss: 0.4689
2026-06-04 13:21:49 | DEBUG    |   Batch  390/672 | Loss: 0.5172
2026-06-04 13:21:52 | DEBUG    |   Batch  400/672 | Loss: 0.6763
2026-06-04 13:21:54 | DEBUG    |   Batch  410/672 | Loss: 0.5266
2026-06-04 13:21:56 | DEBUG    |   Batch  420/672 | Loss: 0.4655
2026-06-04 13:21:59 | DEBUG    |   Batch  430/672 | Loss: 0.4533
2026-06-04 13:22:01 | DEBUG    |   Batch  440/672 | Loss: 0.4329
2026-06-04 13:22:04 | DEBUG    |   Batch  450/672 | Loss: 0.4196
2026-06-04 13:22:06 | DEBUG    |   Batch  460/672 | Loss: 0.4884
2026-06-04 13:22:08 | DEBUG    |   Batch  470/672 | Loss: 0.6597
2026-06-04 13:22:11 | DEBUG    |   Batch  480/672 | Loss: 0.4181
2026-06-04 13:22:13 | DEBUG    |   Batch  490/672 | Loss: 0.5276
2026-06-04 13:22:16 | DEBUG    |   Batch  500/672 | Loss: 0.4788
2026-06-04 13:22:18 | DEBUG    |   Batch  510/672 | Loss: 0.4824
2026-06-04 13:22:20 | DEBUG    |   Batch  520/672 | Loss: 0.5022
2026-06-04 13:22:23 | DEBUG    |   Batch  530/672 | Loss: 0.4926
2026-06-04 13:22:25 | DEBUG    |   Batch  540/672 | Loss: 0.4781
2026-06-04 13:22:28 | DEBUG    |   Batch  550/672 | Loss: 0.4911
2026-06-04 13:22:30 | DEBUG    |   Batch  560/672 | Loss: 0.4608
2026-06-04 13:22:32 | DEBUG    |   Batch  570/672 | Loss: 0.4412
2026-06-04 13:22:35 | DEBUG    |   Batch  580/672 | Loss: 0.4808
2026-06-04 13:22:37 | DEBUG    |   Batch  590/672 | Loss: 0.4581
2026-06-04 13:22:40 | DEBUG    |   Batch  600/672 | Loss: 0.4377
2026-06-04 13:22:42 | DEBUG    |   Batch  610/672 | Loss: 0.4914
2026-06-04 13:22:44 | DEBUG    |   Batch  620/672 | Loss: 0.4955
2026-06-04 13:22:47 | DEBUG    |   Batch  630/672 | Loss: 0.4512
2026-06-04 13:22:49 | DEBUG    |   Batch  640/672 | Loss: 0.5596
2026-06-04 13:22:52 | DEBUG    |   Batch  650/672 | Loss: 0.6386
2026-06-04 13:22:54 | DEBUG    |   Batch  660/672 | Loss: 0.4929
2026-06-04 13:22:56 | DEBUG    |   Batch  670/672 | Loss: 0.4673
2026-06-04 13:23:05 | INFO     |   Train Loss: 0.5145 | Val Loss: 0.5570 | Mean Dice: 0.0131
2026-06-04 13:23:05 | INFO     |   Dice NCR/ED/ET: 0.0020 / 0.0274 / 0.0099
2026-06-04 13:23:05 | INFO     |   Time: 170.1s | Elapsed: 0.38h | ETA: 13h 48m | LR: 9.98e-05
2026-06-04 13:23:05 | INFO     | ------------------------------------------------------------
2026-06-04 13:23:05 | INFO     | Epoch 9/300
2026-06-04 13:23:06 | DEBUG    |   Batch    0/672 | Loss: 0.4848
2026-06-04 13:23:08 | DEBUG    |   Batch   10/672 | Loss: 0.4385
2026-06-04 13:23:11 | DEBUG    |   Batch   20/672 | Loss: 0.5327
2026-06-04 13:23:13 | DEBUG    |   Batch   30/672 | Loss: 0.4766
2026-06-04 13:23:15 | DEBUG    |   Batch   40/672 | Loss: 0.4811
2026-06-04 13:23:18 | DEBUG    |   Batch   50/672 | Loss: 0.4731
2026-06-04 13:23:20 | DEBUG    |   Batch   60/672 | Loss: 0.4497
2026-06-04 13:23:23 | DEBUG    |   Batch   70/672 | Loss: 0.5773
2026-06-04 13:23:25 | DEBUG    |   Batch   80/672 | Loss: 0.4659
2026-06-04 13:23:27 | DEBUG    |   Batch   90/672 | Loss: 0.5219
2026-06-04 13:23:30 | DEBUG    |   Batch  100/672 | Loss: 0.5112
2026-06-04 13:23:32 | DEBUG    |   Batch  110/672 | Loss: 0.4804
2026-06-04 13:23:35 | DEBUG    |   Batch  120/672 | Loss: 0.4650
2026-06-04 13:23:37 | DEBUG    |   Batch  130/672 | Loss: 0.5701
2026-06-04 13:23:39 | DEBUG    |   Batch  140/672 | Loss: 0.4418
2026-06-04 13:23:42 | DEBUG    |   Batch  150/672 | Loss: 0.7084
2026-06-04 13:23:44 | DEBUG    |   Batch  160/672 | Loss: 0.4815
2026-06-04 13:23:47 | DEBUG    |   Batch  170/672 | Loss: 0.5191
2026-06-04 13:23:49 | DEBUG    |   Batch  180/672 | Loss: 0.4649
2026-06-04 13:23:51 | DEBUG    |   Batch  190/672 | Loss: 0.7169
2026-06-04 13:23:54 | DEBUG    |   Batch  200/672 | Loss: 0.4602
2026-06-04 13:23:56 | DEBUG    |   Batch  210/672 | Loss: 0.4847
2026-06-04 13:23:59 | DEBUG    |   Batch  220/672 | Loss: 0.5622
2026-06-04 13:24:01 | DEBUG    |   Batch  230/672 | Loss: 0.4511
2026-06-04 13:24:03 | DEBUG    |   Batch  240/672 | Loss: 0.5229
2026-06-04 13:24:06 | DEBUG    |   Batch  250/672 | Loss: 0.5981
2026-06-04 13:24:08 | DEBUG    |   Batch  260/672 | Loss: 0.5946
2026-06-04 13:24:11 | DEBUG    |   Batch  270/672 | Loss: 0.5525
2026-06-04 13:24:13 | DEBUG    |   Batch  280/672 | Loss: 0.4145
2026-06-04 13:24:15 | DEBUG    |   Batch  290/672 | Loss: 0.5794
2026-06-04 13:24:18 | DEBUG    |   Batch  300/672 | Loss: 0.5095
2026-06-04 13:24:20 | DEBUG    |   Batch  310/672 | Loss: 0.4726
2026-06-04 13:24:23 | DEBUG    |   Batch  320/672 | Loss: 0.4823
2026-06-04 13:24:25 | DEBUG    |   Batch  330/672 | Loss: 0.5192
2026-06-04 13:24:27 | DEBUG    |   Batch  340/672 | Loss: 0.5879
2026-06-04 13:24:30 | DEBUG    |   Batch  350/672 | Loss: 0.7693
2026-06-04 13:24:32 | DEBUG    |   Batch  360/672 | Loss: 0.4733
2026-06-04 13:24:35 | DEBUG    |   Batch  370/672 | Loss: 0.5012
2026-06-04 13:24:37 | DEBUG    |   Batch  380/672 | Loss: 0.5007
2026-06-04 13:24:39 | DEBUG    |   Batch  390/672 | Loss: 0.5878
2026-06-04 13:24:42 | DEBUG    |   Batch  400/672 | Loss: 0.5092
2026-06-04 13:24:44 | DEBUG    |   Batch  410/672 | Loss: 0.4490
2026-06-04 13:24:47 | DEBUG    |   Batch  420/672 | Loss: 0.4208
2026-06-04 13:24:49 | DEBUG    |   Batch  430/672 | Loss: 0.6648
2026-06-04 13:24:51 | DEBUG    |   Batch  440/672 | Loss: 0.4838
2026-06-04 13:24:54 | DEBUG    |   Batch  450/672 | Loss: 0.4685
2026-06-04 13:24:56 | DEBUG    |   Batch  460/672 | Loss: 0.4669
2026-06-04 13:24:59 | DEBUG    |   Batch  470/672 | Loss: 0.4947
2026-06-04 13:25:01 | DEBUG    |   Batch  480/672 | Loss: 0.5047
2026-06-04 13:25:03 | DEBUG    |   Batch  490/672 | Loss: 0.5204
2026-06-04 13:25:06 | DEBUG    |   Batch  500/672 | Loss: 0.4297
2026-06-04 13:25:08 | DEBUG    |   Batch  510/672 | Loss: 0.5707
2026-06-04 13:25:11 | DEBUG    |   Batch  520/672 | Loss: 0.5744
2026-06-04 13:25:13 | DEBUG    |   Batch  530/672 | Loss: 0.5516
2026-06-04 13:25:15 | DEBUG    |   Batch  540/672 | Loss: 0.4478
2026-06-04 13:25:18 | DEBUG    |   Batch  550/672 | Loss: 0.4534
2026-06-04 13:25:20 | DEBUG    |   Batch  560/672 | Loss: 0.5773
2026-06-04 13:25:23 | DEBUG    |   Batch  570/672 | Loss: 0.5508
2026-06-04 13:25:25 | DEBUG    |   Batch  580/672 | Loss: 0.5171
2026-06-04 13:25:27 | DEBUG    |   Batch  590/672 | Loss: 0.4888
2026-06-04 13:25:30 | DEBUG    |   Batch  600/672 | Loss: 0.4744
2026-06-04 13:25:32 | DEBUG    |   Batch  610/672 | Loss: 0.4791
2026-06-04 13:25:35 | DEBUG    |   Batch  620/672 | Loss: 0.5211
2026-06-04 13:25:37 | DEBUG    |   Batch  630/672 | Loss: 0.4700
2026-06-04 13:25:39 | DEBUG    |   Batch  640/672 | Loss: 0.5034
2026-06-04 13:25:42 | DEBUG    |   Batch  650/672 | Loss: 0.5784
2026-06-04 13:25:44 | DEBUG    |   Batch  660/672 | Loss: 0.4252
2026-06-04 13:25:47 | DEBUG    |   Batch  670/672 | Loss: 0.4767
2026-06-04 13:25:55 | INFO     |   Train Loss: 0.5113 | Val Loss: 0.5490 | Mean Dice: 0.0131
2026-06-04 13:25:55 | INFO     |   Dice NCR/ED/ET: 0.0020 / 0.0274 / 0.0099
2026-06-04 13:25:55 | INFO     |   Time: 170.2s | Elapsed: 0.43h | ETA: 13h 45m | LR: 9.98e-05
2026-06-04 13:25:55 | INFO     | ------------------------------------------------------------
2026-06-04 13:25:55 | INFO     | Epoch 10/300
2026-06-04 13:25:56 | DEBUG    |   Batch    0/672 | Loss: 0.5923
2026-06-04 13:25:58 | DEBUG    |   Batch   10/672 | Loss: 0.4830
2026-06-04 13:26:01 | DEBUG    |   Batch   20/672 | Loss: 0.4361
2026-06-04 13:26:03 | DEBUG    |   Batch   30/672 | Loss: 0.8847
2026-06-04 13:26:06 | DEBUG    |   Batch   40/672 | Loss: 0.4956
2026-06-04 13:26:08 | DEBUG    |   Batch   50/672 | Loss: 0.4523
2026-06-04 13:26:10 | DEBUG    |   Batch   60/672 | Loss: 0.6332
2026-06-04 13:26:13 | DEBUG    |   Batch   70/672 | Loss: 0.4678
2026-06-04 13:26:15 | DEBUG    |   Batch   80/672 | Loss: 0.7007
2026-06-04 13:26:18 | DEBUG    |   Batch   90/672 | Loss: 0.6751
2026-06-04 13:26:20 | DEBUG    |   Batch  100/672 | Loss: 0.5151
2026-06-04 13:26:22 | DEBUG    |   Batch  110/672 | Loss: 0.7822
2026-06-04 13:26:25 | DEBUG    |   Batch  120/672 | Loss: 0.4840
2026-06-04 13:26:27 | DEBUG    |   Batch  130/672 | Loss: 0.4791
2026-06-04 13:26:30 | DEBUG    |   Batch  140/672 | Loss: 0.5381
2026-06-04 13:26:32 | DEBUG    |   Batch  150/672 | Loss: 0.4394
2026-06-04 13:26:34 | DEBUG    |   Batch  160/672 | Loss: 0.4268
2026-06-04 13:26:37 | DEBUG    |   Batch  170/672 | Loss: 0.5645
2026-06-04 13:26:39 | DEBUG    |   Batch  180/672 | Loss: 0.4427
2026-06-04 13:26:42 | DEBUG    |   Batch  190/672 | Loss: 0.4435
2026-06-04 13:26:44 | DEBUG    |   Batch  200/672 | Loss: 0.5564
2026-06-04 13:26:46 | DEBUG    |   Batch  210/672 | Loss: 0.6551
2026-06-04 13:26:49 | DEBUG    |   Batch  220/672 | Loss: 0.6646
2026-06-04 13:26:51 | DEBUG    |   Batch  230/672 | Loss: 0.4928
2026-06-04 13:26:54 | DEBUG    |   Batch  240/672 | Loss: 0.5482
2026-06-04 13:26:56 | DEBUG    |   Batch  250/672 | Loss: 0.4248
2026-06-04 13:26:58 | DEBUG    |   Batch  260/672 | Loss: 0.4535
2026-06-04 13:27:01 | DEBUG    |   Batch  270/672 | Loss: 0.6220
2026-06-04 13:27:03 | DEBUG    |   Batch  280/672 | Loss: 0.4381
2026-06-04 13:27:06 | DEBUG    |   Batch  290/672 | Loss: 0.4998
2026-06-04 13:27:08 | DEBUG    |   Batch  300/672 | Loss: 0.4536
2026-06-04 13:27:10 | DEBUG    |   Batch  310/672 | Loss: 0.6133
2026-06-04 13:27:13 | DEBUG    |   Batch  320/672 | Loss: 0.4053
2026-06-04 13:27:15 | DEBUG    |   Batch  330/672 | Loss: 0.5168
2026-06-04 13:27:17 | DEBUG    |   Batch  340/672 | Loss: 0.4918
2026-06-04 13:27:20 | DEBUG    |   Batch  350/672 | Loss: 0.4502
2026-06-04 13:27:22 | DEBUG    |   Batch  360/672 | Loss: 0.4495
2026-06-04 13:27:25 | DEBUG    |   Batch  370/672 | Loss: 0.7004
2026-06-04 13:27:27 | DEBUG    |   Batch  380/672 | Loss: 0.5097
2026-06-04 13:27:29 | DEBUG    |   Batch  390/672 | Loss: 0.6205
2026-06-04 13:27:32 | DEBUG    |   Batch  400/672 | Loss: 0.4555
2026-06-04 13:27:34 | DEBUG    |   Batch  410/672 | Loss: 0.4917
2026-06-04 13:27:37 | DEBUG    |   Batch  420/672 | Loss: 0.5882
2026-06-04 13:27:39 | DEBUG    |   Batch  430/672 | Loss: 0.4864
2026-06-04 13:27:41 | DEBUG    |   Batch  440/672 | Loss: 0.4323
2026-06-04 13:27:44 | DEBUG    |   Batch  450/672 | Loss: 0.4132
2026-06-04 13:27:46 | DEBUG    |   Batch  460/672 | Loss: 0.4938
2026-06-04 13:27:49 | DEBUG    |   Batch  470/672 | Loss: 0.6797
2026-06-04 13:27:51 | DEBUG    |   Batch  480/672 | Loss: 0.4510
2026-06-04 13:27:53 | DEBUG    |   Batch  490/672 | Loss: 0.4630
2026-06-04 13:27:56 | DEBUG    |   Batch  500/672 | Loss: 0.6341
2026-06-04 13:27:58 | DEBUG    |   Batch  510/672 | Loss: 0.4993
2026-06-04 13:28:01 | DEBUG    |   Batch  520/672 | Loss: 0.4895
2026-06-04 13:28:03 | DEBUG    |   Batch  530/672 | Loss: 0.5880
2026-06-04 13:28:05 | DEBUG    |   Batch  540/672 | Loss: 0.4535
2026-06-04 13:28:08 | DEBUG    |   Batch  550/672 | Loss: 0.4632
2026-06-04 13:28:10 | DEBUG    |   Batch  560/672 | Loss: 0.4419
2026-06-04 13:28:13 | DEBUG    |   Batch  570/672 | Loss: 0.4775
2026-06-04 13:28:15 | DEBUG    |   Batch  580/672 | Loss: 0.5797
2026-06-04 13:28:17 | DEBUG    |   Batch  590/672 | Loss: 0.4375
2026-06-04 13:28:20 | DEBUG    |   Batch  600/672 | Loss: 0.4812
2026-06-04 13:28:22 | DEBUG    |   Batch  610/672 | Loss: 0.4548
2026-06-04 13:28:25 | DEBUG    |   Batch  620/672 | Loss: 0.6260
2026-06-04 13:28:27 | DEBUG    |   Batch  630/672 | Loss: 0.4832
2026-06-04 13:28:29 | DEBUG    |   Batch  640/672 | Loss: 0.6299
2026-06-04 13:28:32 | DEBUG    |   Batch  650/672 | Loss: 0.5573
2026-06-04 13:28:34 | DEBUG    |   Batch  660/672 | Loss: 0.4468
2026-06-04 13:28:37 | DEBUG    |   Batch  670/672 | Loss: 0.4235
2026-06-04 13:28:46 | INFO     |   Train Loss: 0.5083 | Val Loss: 0.5438 | Mean Dice: 0.0131
2026-06-04 13:28:46 | INFO     |   Dice NCR/ED/ET: 0.0020 / 0.0274 / 0.0099
2026-06-04 13:28:46 | INFO     |   Time: 170.2s | Elapsed: 0.47h | ETA: 13h 42m | LR: 9.97e-05
2026-06-04 13:28:46 | INFO     | ------------------------------------------------------------
2026-06-04 13:28:46 | INFO     | Epoch 11/300
2026-06-04 13:28:46 | DEBUG    |   Batch    0/672 | Loss: 0.5160
2026-06-04 13:28:49 | DEBUG    |   Batch   10/672 | Loss: 0.4380
2026-06-04 13:28:51 | DEBUG    |   Batch   20/672 | Loss: 0.5071
2026-06-04 13:28:53 | DEBUG    |   Batch   30/672 | Loss: 0.5159
2026-06-04 13:28:56 | DEBUG    |   Batch   40/672 | Loss: 0.4703
2026-06-04 13:28:58 | DEBUG    |   Batch   50/672 | Loss: 0.4372
2026-06-04 13:29:01 | DEBUG    |   Batch   60/672 | Loss: 0.5436
2026-06-04 13:29:03 | DEBUG    |   Batch   70/672 | Loss: 0.4796
2026-06-04 13:29:05 | DEBUG    |   Batch   80/672 | Loss: 0.4927
2026-06-04 13:29:08 | DEBUG    |   Batch   90/672 | Loss: 0.5092
2026-06-04 13:29:10 | DEBUG    |   Batch  100/672 | Loss: 0.4521
2026-06-04 13:29:13 | DEBUG    |   Batch  110/672 | Loss: 0.4689
2026-06-04 13:29:15 | DEBUG    |   Batch  120/672 | Loss: 0.5359
2026-06-04 13:29:17 | DEBUG    |   Batch  130/672 | Loss: 0.4255
2026-06-04 13:29:20 | DEBUG    |   Batch  140/672 | Loss: 0.4213
2026-06-04 13:29:22 | DEBUG    |   Batch  150/672 | Loss: 0.5993
2026-06-04 13:29:25 | DEBUG    |   Batch  160/672 | Loss: 0.5598
2026-06-04 13:29:27 | DEBUG    |   Batch  170/672 | Loss: 0.4291
2026-06-04 13:29:29 | DEBUG    |   Batch  180/672 | Loss: 0.4923
2026-06-04 13:29:32 | DEBUG    |   Batch  190/672 | Loss: 0.5074
2026-06-04 13:29:34 | DEBUG    |   Batch  200/672 | Loss: 0.4893
2026-06-04 13:29:37 | DEBUG    |   Batch  210/672 | Loss: 0.7180
2026-06-04 13:29:39 | DEBUG    |   Batch  220/672 | Loss: 0.5141
2026-06-04 13:29:41 | DEBUG    |   Batch  230/672 | Loss: 0.4733
2026-06-04 13:29:44 | DEBUG    |   Batch  240/672 | Loss: 0.4438
2026-06-04 13:29:46 | DEBUG    |   Batch  250/672 | Loss: 0.4316
2026-06-04 13:29:49 | DEBUG    |   Batch  260/672 | Loss: 0.4643
2026-06-04 13:29:51 | DEBUG    |   Batch  270/672 | Loss: 0.4736
2026-06-04 13:29:53 | DEBUG    |   Batch  280/672 | Loss: 0.4791
2026-06-04 13:29:56 | DEBUG    |   Batch  290/672 | Loss: 0.5069
2026-06-04 13:29:58 | DEBUG    |   Batch  300/672 | Loss: 0.4518
2026-06-04 13:30:01 | DEBUG    |   Batch  310/672 | Loss: 0.4440
2026-06-04 13:30:03 | DEBUG    |   Batch  320/672 | Loss: 0.4239
2026-06-04 13:30:05 | DEBUG    |   Batch  330/672 | Loss: 0.4786
2026-06-04 13:30:08 | DEBUG    |   Batch  340/672 | Loss: 0.4442
2026-06-04 13:30:10 | DEBUG    |   Batch  350/672 | Loss: 0.4330
2026-06-04 13:30:13 | DEBUG    |   Batch  360/672 | Loss: 0.4620
2026-06-04 13:30:15 | DEBUG    |   Batch  370/672 | Loss: 0.4286
2026-06-04 13:30:17 | DEBUG    |   Batch  380/672 | Loss: 0.6112
2026-06-04 13:30:20 | DEBUG    |   Batch  390/672 | Loss: 0.4217
2026-06-04 13:30:22 | DEBUG    |   Batch  400/672 | Loss: 0.5235
2026-06-04 13:30:24 | DEBUG    |   Batch  410/672 | Loss: 0.5912
2026-06-04 13:30:27 | DEBUG    |   Batch  420/672 | Loss: 0.4975
2026-06-04 13:30:29 | DEBUG    |   Batch  430/672 | Loss: 0.4571
2026-06-04 13:30:32 | DEBUG    |   Batch  440/672 | Loss: 0.5141
2026-06-04 13:30:34 | DEBUG    |   Batch  450/672 | Loss: 0.4371
2026-06-04 13:30:36 | DEBUG    |   Batch  460/672 | Loss: 0.4224
2026-06-04 13:30:39 | DEBUG    |   Batch  470/672 | Loss: 0.4392
2026-06-04 13:30:41 | DEBUG    |   Batch  480/672 | Loss: 0.4892
2026-06-04 13:30:44 | DEBUG    |   Batch  490/672 | Loss: 0.4311
2026-06-04 13:30:46 | DEBUG    |   Batch  500/672 | Loss: 0.4696
2026-06-04 13:30:48 | DEBUG    |   Batch  510/672 | Loss: 0.5085
2026-06-04 13:30:51 | DEBUG    |   Batch  520/672 | Loss: 0.5097
2026-06-04 13:30:53 | DEBUG    |   Batch  530/672 | Loss: 0.4861
2026-06-04 13:30:56 | DEBUG    |   Batch  540/672 | Loss: 0.4530
2026-06-04 13:30:58 | DEBUG    |   Batch  550/672 | Loss: 0.4590
2026-06-04 13:31:00 | DEBUG    |   Batch  560/672 | Loss: 0.4445
2026-06-04 13:31:03 | DEBUG    |   Batch  570/672 | Loss: 0.5066
2026-06-04 13:31:05 | DEBUG    |   Batch  580/672 | Loss: 0.7078
2026-06-04 13:31:08 | DEBUG    |   Batch  590/672 | Loss: 0.6210
2026-06-04 13:31:10 | DEBUG    |   Batch  600/672 | Loss: 0.4377
2026-06-04 13:31:12 | DEBUG    |   Batch  610/672 | Loss: 0.4698
2026-06-04 13:31:15 | DEBUG    |   Batch  620/672 | Loss: 0.4503
2026-06-04 13:31:17 | DEBUG    |   Batch  630/672 | Loss: 0.4324
2026-06-04 13:31:20 | DEBUG    |   Batch  640/672 | Loss: 0.5014
2026-06-04 13:31:22 | DEBUG    |   Batch  650/672 | Loss: 0.5529
2026-06-04 13:31:24 | DEBUG    |   Batch  660/672 | Loss: 0.4931
2026-06-04 13:31:27 | DEBUG    |   Batch  670/672 | Loss: 0.4749
2026-06-04 13:31:36 | INFO     |   Train Loss: 0.5025 | Val Loss: 0.5391 | Mean Dice: 0.0131
2026-06-04 13:31:36 | INFO     |   Dice NCR/ED/ET: 0.0020 / 0.0274 / 0.0099
2026-06-04 13:31:36 | INFO     |   Time: 170.1s | Elapsed: 0.52h | ETA: 13h 39m | LR: 9.97e-05
2026-06-04 13:31:36 | INFO     | ------------------------------------------------------------
2026-06-04 13:31:36 | INFO     | Epoch 12/300
2026-06-04 13:31:36 | DEBUG    |   Batch    0/672 | Loss: 0.4587
2026-06-04 13:31:39 | DEBUG    |   Batch   10/672 | Loss: 0.5700
2026-06-04 13:31:41 | DEBUG    |   Batch   20/672 | Loss: 0.4620
2026-06-04 13:31:43 | DEBUG    |   Batch   30/672 | Loss: 0.5017
2026-06-04 13:31:46 | DEBUG    |   Batch   40/672 | Loss: 0.4696
2026-06-04 13:31:48 | DEBUG    |   Batch   50/672 | Loss: 0.4580
2026-06-04 13:31:51 | DEBUG    |   Batch   60/672 | Loss: 0.6680
2026-06-04 13:31:53 | DEBUG    |   Batch   70/672 | Loss: 0.4633
2026-06-04 13:31:55 | DEBUG    |   Batch   80/672 | Loss: 0.4785
2026-06-04 13:31:58 | DEBUG    |   Batch   90/672 | Loss: 0.4441
2026-06-04 13:32:00 | DEBUG    |   Batch  100/672 | Loss: 0.4844
2026-06-04 13:32:03 | DEBUG    |   Batch  110/672 | Loss: 0.4223
2026-06-04 13:32:05 | DEBUG    |   Batch  120/672 | Loss: 0.4375
2026-06-04 13:32:07 | DEBUG    |   Batch  130/672 | Loss: 0.4990
2026-06-04 13:32:10 | DEBUG    |   Batch  140/672 | Loss: 0.5609
2026-06-04 13:32:12 | DEBUG    |   Batch  150/672 | Loss: 0.4795
2026-06-04 13:32:15 | DEBUG    |   Batch  160/672 | Loss: 0.6144
2026-06-04 13:32:17 | DEBUG    |   Batch  170/672 | Loss: 0.4352
2026-06-04 13:32:19 | DEBUG    |   Batch  180/672 | Loss: 0.5485
2026-06-04 13:32:22 | DEBUG    |   Batch  190/672 | Loss: 0.5398
2026-06-04 13:32:24 | DEBUG    |   Batch  200/672 | Loss: 0.5163
2026-06-04 13:32:27 | DEBUG    |   Batch  210/672 | Loss: 0.4919
2026-06-04 13:32:29 | DEBUG    |   Batch  220/672 | Loss: 0.4171
2026-06-04 13:32:31 | DEBUG    |   Batch  230/672 | Loss: 0.4377
2026-06-04 13:32:34 | DEBUG    |   Batch  240/672 | Loss: 0.6177
2026-06-04 13:32:36 | DEBUG    |   Batch  250/672 | Loss: 0.5083
2026-06-04 13:32:39 | DEBUG    |   Batch  260/672 | Loss: 0.4001
2026-06-04 13:32:41 | DEBUG    |   Batch  270/672 | Loss: 0.4910
2026-06-04 13:32:43 | DEBUG    |   Batch  280/672 | Loss: 0.4472
2026-06-04 13:32:46 | DEBUG    |   Batch  290/672 | Loss: 0.4532
2026-06-04 13:32:48 | DEBUG    |   Batch  300/672 | Loss: 0.5030
2026-06-04 13:32:51 | DEBUG    |   Batch  310/672 | Loss: 0.4569
2026-06-04 13:32:53 | DEBUG    |   Batch  320/672 | Loss: 0.4640
2026-06-04 13:32:55 | DEBUG    |   Batch  330/672 | Loss: 0.4722
2026-06-04 13:32:58 | DEBUG    |   Batch  340/672 | Loss: 0.5196
2026-06-04 13:33:00 | DEBUG    |   Batch  350/672 | Loss: 0.5779
2026-06-04 13:33:03 | DEBUG    |   Batch  360/672 | Loss: 0.4506
2026-06-04 13:33:05 | DEBUG    |   Batch  370/672 | Loss: 0.5095
2026-06-04 13:33:07 | DEBUG    |   Batch  380/672 | Loss: 0.4878
2026-06-04 13:33:10 | DEBUG    |   Batch  390/672 | Loss: 0.4682
2026-06-04 13:33:12 | DEBUG    |   Batch  400/672 | Loss: 0.6381
2026-06-04 13:33:15 | DEBUG    |   Batch  410/672 | Loss: 0.5226
2026-06-04 13:33:17 | DEBUG    |   Batch  420/672 | Loss: 0.4868
2026-06-04 13:33:19 | DEBUG    |   Batch  430/672 | Loss: 0.4219
2026-06-04 13:33:22 | DEBUG    |   Batch  440/672 | Loss: 0.4537
2026-06-04 13:33:24 | DEBUG    |   Batch  450/672 | Loss: 0.4413
2026-06-04 13:33:27 | DEBUG    |   Batch  460/672 | Loss: 0.4750
2026-06-04 13:33:29 | DEBUG    |   Batch  470/672 | Loss: 0.5734
2026-06-04 13:33:31 | DEBUG    |   Batch  480/672 | Loss: 0.7276
2026-06-04 13:33:34 | DEBUG    |   Batch  490/672 | Loss: 0.4536
2026-06-04 13:33:36 | DEBUG    |   Batch  500/672 | Loss: 0.4743
2026-06-04 13:33:39 | DEBUG    |   Batch  510/672 | Loss: 0.4310
2026-06-04 13:33:41 | DEBUG    |   Batch  520/672 | Loss: 0.4784
2026-06-04 13:33:43 | DEBUG    |   Batch  530/672 | Loss: 0.5314
2026-06-04 13:33:46 | DEBUG    |   Batch  540/672 | Loss: 0.5503
2026-06-04 13:33:48 | DEBUG    |   Batch  550/672 | Loss: 0.5001
2026-06-04 13:33:51 | DEBUG    |   Batch  560/672 | Loss: 0.3991
2026-06-04 13:33:53 | DEBUG    |   Batch  570/672 | Loss: 0.5412
2026-06-04 13:33:55 | DEBUG    |   Batch  580/672 | Loss: 0.4786
2026-06-04 13:33:58 | DEBUG    |   Batch  590/672 | Loss: 0.4410
2026-06-04 13:34:00 | DEBUG    |   Batch  600/672 | Loss: 0.5220
2026-06-04 13:34:03 | DEBUG    |   Batch  610/672 | Loss: 0.5131
2026-06-04 13:34:05 | DEBUG    |   Batch  620/672 | Loss: 0.4254
2026-06-04 13:34:07 | DEBUG    |   Batch  630/672 | Loss: 0.5711
2026-06-04 13:34:10 | DEBUG    |   Batch  640/672 | Loss: 0.5387
2026-06-04 13:34:12 | DEBUG    |   Batch  650/672 | Loss: 0.4934
2026-06-04 13:34:15 | DEBUG    |   Batch  660/672 | Loss: 0.4287
2026-06-04 13:34:17 | DEBUG    |   Batch  670/672 | Loss: 0.4897
2026-06-04 13:34:26 | INFO     |   Train Loss: 0.5000 | Val Loss: 0.5414 | Mean Dice: 0.0131
2026-06-04 13:34:26 | INFO     |   Dice NCR/ED/ET: 0.0020 / 0.0274 / 0.0099
2026-06-04 13:34:26 | INFO     |   Time: 170.3s | Elapsed: 0.57h | ETA: 13h 37m | LR: 9.96e-05
2026-06-04 13:34:26 | INFO     | ------------------------------------------------------------
2026-06-04 13:34:26 | INFO     | Epoch 13/300
2026-06-04 13:34:27 | DEBUG    |   Batch    0/672 | Loss: 0.5273
2026-06-04 13:34:29 | DEBUG    |   Batch   10/672 | Loss: 0.4619
2026-06-04 13:34:31 | DEBUG    |   Batch   20/672 | Loss: 0.6577
2026-06-04 13:34:34 | DEBUG    |   Batch   30/672 | Loss: 0.5497
2026-06-04 13:34:36 | DEBUG    |   Batch   40/672 | Loss: 0.5135
2026-06-04 13:34:39 | DEBUG    |   Batch   50/672 | Loss: 0.5273
2026-06-04 13:34:41 | DEBUG    |   Batch   60/672 | Loss: 0.7391
2026-06-04 13:34:43 | DEBUG    |   Batch   70/672 | Loss: 0.4350
2026-06-04 13:34:46 | DEBUG    |   Batch   80/672 | Loss: 0.6323
2026-06-04 13:34:48 | DEBUG    |   Batch   90/672 | Loss: 0.4218
2026-06-04 13:34:51 | DEBUG    |   Batch  100/672 | Loss: 0.4350
2026-06-04 13:34:53 | DEBUG    |   Batch  110/672 | Loss: 0.6986
2026-06-04 13:34:55 | DEBUG    |   Batch  120/672 | Loss: 0.5014
2026-06-04 13:34:58 | DEBUG    |   Batch  130/672 | Loss: 0.5050
2026-06-04 13:35:00 | DEBUG    |   Batch  140/672 | Loss: 0.6134
2026-06-04 13:35:03 | DEBUG    |   Batch  150/672 | Loss: 0.4305
2026-06-04 13:35:05 | DEBUG    |   Batch  160/672 | Loss: 0.4310
2026-06-04 13:35:07 | DEBUG    |   Batch  170/672 | Loss: 0.4591
2026-06-04 13:35:10 | DEBUG    |   Batch  180/672 | Loss: 0.5147
2026-06-04 13:35:12 | DEBUG    |   Batch  190/672 | Loss: 0.4239
2026-06-04 13:35:15 | DEBUG    |   Batch  200/672 | Loss: 0.4385
2026-06-04 13:35:17 | DEBUG    |   Batch  210/672 | Loss: 0.4925
2026-06-04 13:35:19 | DEBUG    |   Batch  220/672 | Loss: 0.4393
2026-06-04 13:35:22 | DEBUG    |   Batch  230/672 | Loss: 0.6109
2026-06-04 13:35:24 | DEBUG    |   Batch  240/672 | Loss: 0.4471
2026-06-04 13:35:26 | DEBUG    |   Batch  250/672 | Loss: 0.4025
2026-06-04 13:35:29 | DEBUG    |   Batch  260/672 | Loss: 0.7046
2026-06-04 13:35:31 | DEBUG    |   Batch  270/672 | Loss: 0.4759
2026-06-04 13:35:34 | DEBUG    |   Batch  280/672 | Loss: 0.5571
2026-06-04 13:35:36 | DEBUG    |   Batch  290/672 | Loss: 0.4763
2026-06-04 13:35:38 | DEBUG    |   Batch  300/672 | Loss: 0.4336
2026-06-04 13:35:41 | DEBUG    |   Batch  310/672 | Loss: 0.5843
2026-06-04 13:35:43 | DEBUG    |   Batch  320/672 | Loss: 0.4602
2026-06-04 13:35:46 | DEBUG    |   Batch  330/672 | Loss: 0.5398
2026-06-04 13:35:48 | DEBUG    |   Batch  340/672 | Loss: 0.6170
2026-06-04 13:35:50 | DEBUG    |   Batch  350/672 | Loss: 0.4221
2026-06-04 13:35:53 | DEBUG    |   Batch  360/672 | Loss: 0.4701
2026-06-04 13:35:55 | DEBUG    |   Batch  370/672 | Loss: 0.5127
2026-06-04 13:35:58 | DEBUG    |   Batch  380/672 | Loss: 0.7246
2026-06-04 13:36:00 | DEBUG    |   Batch  390/672 | Loss: 0.7129
2026-06-04 13:36:02 | DEBUG    |   Batch  400/672 | Loss: 0.4294
2026-06-04 13:36:05 | DEBUG    |   Batch  410/672 | Loss: 0.4713
2026-06-04 13:36:07 | DEBUG    |   Batch  420/672 | Loss: 0.4957
2026-06-04 13:36:10 | DEBUG    |   Batch  430/672 | Loss: 0.4770
2026-06-04 13:36:12 | DEBUG    |   Batch  440/672 | Loss: 0.5332
2026-06-04 13:36:14 | DEBUG    |   Batch  450/672 | Loss: 0.5364
2026-06-04 13:36:17 | DEBUG    |   Batch  460/672 | Loss: 0.4458
2026-06-04 13:36:19 | DEBUG    |   Batch  470/672 | Loss: 0.5778
2026-06-04 13:36:22 | DEBUG    |   Batch  480/672 | Loss: 0.4852
2026-06-04 13:36:24 | DEBUG    |   Batch  490/672 | Loss: 0.7035
2026-06-04 13:36:26 | DEBUG    |   Batch  500/672 | Loss: 0.5683
2026-06-04 13:36:29 | DEBUG    |   Batch  510/672 | Loss: 0.4340
2026-06-04 13:36:31 | DEBUG    |   Batch  520/672 | Loss: 0.5829
2026-06-04 13:36:34 | DEBUG    |   Batch  530/672 | Loss: 0.5458
2026-06-04 13:36:36 | DEBUG    |   Batch  540/672 | Loss: 0.5075
2026-06-04 13:36:38 | DEBUG    |   Batch  550/672 | Loss: 0.4731
2026-06-04 13:36:41 | DEBUG    |   Batch  560/672 | Loss: 0.5764
2026-06-04 13:36:43 | DEBUG    |   Batch  570/672 | Loss: 0.4845
2026-06-04 13:36:46 | DEBUG    |   Batch  580/672 | Loss: 0.4937
2026-06-04 13:36:48 | DEBUG    |   Batch  590/672 | Loss: 0.4751
2026-06-04 13:36:50 | DEBUG    |   Batch  600/672 | Loss: 0.5034
2026-06-04 13:36:53 | DEBUG    |   Batch  610/672 | Loss: 0.4936
2026-06-04 13:36:55 | DEBUG    |   Batch  620/672 | Loss: 0.5899
2026-06-04 13:36:58 | DEBUG    |   Batch  630/672 | Loss: 0.4950
2026-06-04 13:37:00 | DEBUG    |   Batch  640/672 | Loss: 0.4810
2026-06-04 13:37:02 | DEBUG    |   Batch  650/672 | Loss: 0.3913
2026-06-04 13:37:05 | DEBUG    |   Batch  660/672 | Loss: 0.4615
2026-06-04 13:37:07 | DEBUG    |   Batch  670/672 | Loss: 0.4903
2026-06-04 13:37:16 | INFO     |   Train Loss: 0.4987 | Val Loss: 0.5501 | Mean Dice: 0.0131
2026-06-04 13:37:16 | INFO     |   Dice NCR/ED/ET: 0.0020 / 0.0274 / 0.0099
2026-06-04 13:37:16 | INFO     |   Time: 170.0s | Elapsed: 0.61h | ETA: 13h 34m | LR: 9.95e-05
2026-06-04 13:37:16 | INFO     | ------------------------------------------------------------
2026-06-04 13:37:16 | INFO     | Epoch 14/300
2026-06-04 13:37:16 | DEBUG    |   Batch    0/672 | Loss: 0.6567
2026-06-04 13:37:19 | DEBUG    |   Batch   10/672 | Loss: 0.4346
2026-06-04 13:37:21 | DEBUG    |   Batch   20/672 | Loss: 0.5403
2026-06-04 13:37:24 | DEBUG    |   Batch   30/672 | Loss: 0.4625
2026-06-04 13:37:26 | DEBUG    |   Batch   40/672 | Loss: 0.4225
2026-06-04 13:37:28 | DEBUG    |   Batch   50/672 | Loss: 0.5675
2026-06-04 13:37:31 | DEBUG    |   Batch   60/672 | Loss: 0.4480
2026-06-04 13:37:33 | DEBUG    |   Batch   70/672 | Loss: 0.4682
2026-06-04 13:37:36 | DEBUG    |   Batch   80/672 | Loss: 0.4470
2026-06-04 13:37:38 | DEBUG    |   Batch   90/672 | Loss: 0.4836
2026-06-04 13:37:40 | DEBUG    |   Batch  100/672 | Loss: 0.7431
2026-06-04 13:37:43 | DEBUG    |   Batch  110/672 | Loss: 0.4725
2026-06-04 13:37:45 | DEBUG    |   Batch  120/672 | Loss: 0.6593
2026-06-04 13:37:48 | DEBUG    |   Batch  130/672 | Loss: 0.4928
2026-06-04 13:37:50 | DEBUG    |   Batch  140/672 | Loss: 0.4333
2026-06-04 13:37:52 | DEBUG    |   Batch  150/672 | Loss: 0.4469
2026-06-04 13:37:55 | DEBUG    |   Batch  160/672 | Loss: 0.4273
2026-06-04 13:37:57 | DEBUG    |   Batch  170/672 | Loss: 0.8350
2026-06-04 13:38:00 | DEBUG    |   Batch  180/672 | Loss: 0.5717
2026-06-04 13:38:02 | DEBUG    |   Batch  190/672 | Loss: 0.5399
2026-06-04 13:38:04 | DEBUG    |   Batch  200/672 | Loss: 0.4704
2026-06-04 13:38:07 | DEBUG    |   Batch  210/672 | Loss: 0.4509
2026-06-04 13:38:09 | DEBUG    |   Batch  220/672 | Loss: 0.4863
2026-06-04 13:38:12 | DEBUG    |   Batch  230/672 | Loss: 0.5420
2026-06-04 13:38:14 | DEBUG    |   Batch  240/672 | Loss: 0.4840
2026-06-04 13:38:16 | DEBUG    |   Batch  250/672 | Loss: 0.4756
2026-06-04 13:38:19 | DEBUG    |   Batch  260/672 | Loss: 0.7038
2026-06-04 13:38:21 | DEBUG    |   Batch  270/672 | Loss: 0.5361
2026-06-04 13:38:24 | DEBUG    |   Batch  280/672 | Loss: 0.5750
2026-06-04 13:38:26 | DEBUG    |   Batch  290/672 | Loss: 0.4337
2026-06-04 13:38:28 | DEBUG    |   Batch  300/672 | Loss: 0.4478
2026-06-04 13:38:31 | DEBUG    |   Batch  310/672 | Loss: 0.5515
2026-06-04 13:38:33 | DEBUG    |   Batch  320/672 | Loss: 0.6065
2026-06-04 13:38:36 | DEBUG    |   Batch  330/672 | Loss: 0.4578
2026-06-04 13:38:38 | DEBUG    |   Batch  340/672 | Loss: 0.4800
2026-06-04 13:38:40 | DEBUG    |   Batch  350/672 | Loss: 0.5159
2026-06-04 13:38:43 | DEBUG    |   Batch  360/672 | Loss: 0.5309
2026-06-04 13:38:45 | DEBUG    |   Batch  370/672 | Loss: 0.5078
2026-06-04 13:38:48 | DEBUG    |   Batch  380/672 | Loss: 0.5243
2026-06-04 13:38:50 | DEBUG    |   Batch  390/672 | Loss: 0.4424
2026-06-04 13:38:52 | DEBUG    |   Batch  400/672 | Loss: 0.4352
2026-06-04 13:38:55 | DEBUG    |   Batch  410/672 | Loss: 0.4737
2026-06-04 13:38:57 | DEBUG    |   Batch  420/672 | Loss: 0.4692
2026-06-04 13:39:00 | DEBUG    |   Batch  430/672 | Loss: 0.4339
2026-06-04 13:39:02 | DEBUG    |   Batch  440/672 | Loss: 0.4461
2026-06-04 13:39:04 | DEBUG    |   Batch  450/672 | Loss: 0.4541
2026-06-04 13:39:07 | DEBUG    |   Batch  460/672 | Loss: 0.5137
2026-06-04 13:39:09 | DEBUG    |   Batch  470/672 | Loss: 0.4039
2026-06-04 13:39:12 | DEBUG    |   Batch  480/672 | Loss: 0.4751
2026-06-04 13:39:14 | DEBUG    |   Batch  490/672 | Loss: 0.4811
2026-06-04 13:39:16 | DEBUG    |   Batch  500/672 | Loss: 0.5061
2026-06-04 13:39:19 | DEBUG    |   Batch  510/672 | Loss: 0.4815
2026-06-04 13:39:21 | DEBUG    |   Batch  520/672 | Loss: 0.4310
2026-06-04 13:39:24 | DEBUG    |   Batch  530/672 | Loss: 0.4558
2026-06-04 13:39:26 | DEBUG    |   Batch  540/672 | Loss: 0.5374
2026-06-04 13:39:28 | DEBUG    |   Batch  550/672 | Loss: 0.4415
2026-06-04 13:39:31 | DEBUG    |   Batch  560/672 | Loss: 0.5622
2026-06-04 13:39:33 | DEBUG    |   Batch  570/672 | Loss: 0.4918
2026-06-04 13:39:36 | DEBUG    |   Batch  580/672 | Loss: 0.4593
2026-06-04 13:39:38 | DEBUG    |   Batch  590/672 | Loss: 0.5672
2026-06-04 13:39:40 | DEBUG    |   Batch  600/672 | Loss: 0.4695
2026-06-04 13:39:43 | DEBUG    |   Batch  610/672 | Loss: 0.4502
2026-06-04 13:39:45 | DEBUG    |   Batch  620/672 | Loss: 0.6067
2026-06-04 13:39:48 | DEBUG    |   Batch  630/672 | Loss: 0.4953
2026-06-04 13:39:50 | DEBUG    |   Batch  640/672 | Loss: 0.5054
2026-06-04 13:39:52 | DEBUG    |   Batch  650/672 | Loss: 0.5050
2026-06-04 13:39:55 | DEBUG    |   Batch  660/672 | Loss: 0.5022
2026-06-04 13:39:57 | DEBUG    |   Batch  670/672 | Loss: 0.6501
2026-06-04 13:40:06 | INFO     |   Train Loss: 0.4977 | Val Loss: 0.5551 | Mean Dice: 0.0131
2026-06-04 13:40:06 | INFO     |   Dice NCR/ED/ET: 0.0020 / 0.0274 / 0.0099
2026-06-04 13:40:06 | INFO     |   Time: 170.2s | Elapsed: 0.66h | ETA: 13h 31m | LR: 9.95e-05
2026-06-04 13:40:06 | INFO     | ------------------------------------------------------------
2026-06-04 13:40:06 | INFO     | Epoch 15/300
2026-06-04 13:40:07 | DEBUG    |   Batch    0/672 | Loss: 0.5949
2026-06-04 13:40:09 | DEBUG    |   Batch   10/672 | Loss: 0.5116
2026-06-04 13:40:12 | DEBUG    |   Batch   20/672 | Loss: 0.5258
2026-06-04 13:40:14 | DEBUG    |   Batch   30/672 | Loss: 0.6626
2026-06-04 13:40:16 | DEBUG    |   Batch   40/672 | Loss: 0.5178
2026-06-04 13:40:19 | DEBUG    |   Batch   50/672 | Loss: 0.4105
2026-06-04 13:40:21 | DEBUG    |   Batch   60/672 | Loss: 0.5979
2026-06-04 13:40:24 | DEBUG    |   Batch   70/672 | Loss: 0.4886
2026-06-04 13:40:26 | DEBUG    |   Batch   80/672 | Loss: 0.7160
2026-06-04 13:40:28 | DEBUG    |   Batch   90/672 | Loss: 0.5729
2026-06-04 13:40:31 | DEBUG    |   Batch  100/672 | Loss: 0.4330
2026-06-04 13:40:33 | DEBUG    |   Batch  110/672 | Loss: 0.4289
2026-06-04 13:40:35 | DEBUG    |   Batch  120/672 | Loss: 0.5738
2026-06-04 13:40:38 | DEBUG    |   Batch  130/672 | Loss: 0.4558
2026-06-04 13:40:40 | DEBUG    |   Batch  140/672 | Loss: 0.8329
2026-06-04 13:40:43 | DEBUG    |   Batch  150/672 | Loss: 0.4752
2026-06-04 13:40:45 | DEBUG    |   Batch  160/672 | Loss: 0.4837
2026-06-04 13:40:47 | DEBUG    |   Batch  170/672 | Loss: 0.4138
2026-06-04 13:40:50 | DEBUG    |   Batch  180/672 | Loss: 0.3982
2026-06-04 13:40:52 | DEBUG    |   Batch  190/672 | Loss: 0.5506
2026-06-04 13:40:55 | DEBUG    |   Batch  200/672 | Loss: 0.4877
2026-06-04 13:40:57 | DEBUG    |   Batch  210/672 | Loss: 0.5056
2026-06-04 13:40:59 | DEBUG    |   Batch  220/672 | Loss: 0.4199
2026-06-04 13:41:02 | DEBUG    |   Batch  230/672 | Loss: 0.4768
2026-06-04 13:41:04 | DEBUG    |   Batch  240/672 | Loss: 0.4203
2026-06-04 13:41:07 | DEBUG    |   Batch  250/672 | Loss: 0.5417
2026-06-04 13:41:09 | DEBUG    |   Batch  260/672 | Loss: 0.4136
2026-06-04 13:41:11 | DEBUG    |   Batch  270/672 | Loss: 0.5951
2026-06-04 13:41:14 | DEBUG    |   Batch  280/672 | Loss: 0.5943
2026-06-04 13:41:16 | DEBUG    |   Batch  290/672 | Loss: 0.4553
2026-06-04 13:41:19 | DEBUG    |   Batch  300/672 | Loss: 0.4256
2026-06-04 13:41:21 | DEBUG    |   Batch  310/672 | Loss: 0.4828
2026-06-04 13:41:23 | DEBUG    |   Batch  320/672 | Loss: 0.5326
2026-06-04 13:41:26 | DEBUG    |   Batch  330/672 | Loss: 0.4214
2026-06-04 13:41:28 | DEBUG    |   Batch  340/672 | Loss: 0.4329
2026-06-04 13:41:31 | DEBUG    |   Batch  350/672 | Loss: 0.6215
2026-06-04 13:41:33 | DEBUG    |   Batch  360/672 | Loss: 0.4570
2026-06-04 13:41:35 | DEBUG    |   Batch  370/672 | Loss: 0.4467
2026-06-04 13:41:38 | DEBUG    |   Batch  380/672 | Loss: 0.4503
2026-06-04 13:41:40 | DEBUG    |   Batch  390/672 | Loss: 0.5898
2026-06-04 13:41:43 | DEBUG    |   Batch  400/672 | Loss: 0.4661
2026-06-04 13:41:45 | DEBUG    |   Batch  410/672 | Loss: 0.4120
2026-06-04 13:41:47 | DEBUG    |   Batch  420/672 | Loss: 0.4345
2026-06-04 13:41:50 | DEBUG    |   Batch  430/672 | Loss: 0.5993
2026-06-04 13:41:52 | DEBUG    |   Batch  440/672 | Loss: 0.4533
2026-06-04 13:41:55 | DEBUG    |   Batch  450/672 | Loss: 0.4282
2026-06-04 13:41:57 | DEBUG    |   Batch  460/672 | Loss: 0.5356
2026-06-04 13:41:59 | DEBUG    |   Batch  470/672 | Loss: 0.4485
2026-06-04 13:42:02 | DEBUG    |   Batch  480/672 | Loss: 0.5857
2026-06-04 13:42:04 | DEBUG    |   Batch  490/672 | Loss: 0.5665
2026-06-04 13:42:07 | DEBUG    |   Batch  500/672 | Loss: 0.4945
2026-06-04 13:42:09 | DEBUG    |   Batch  510/672 | Loss: 0.5329
2026-06-04 13:42:11 | DEBUG    |   Batch  520/672 | Loss: 0.4959
2026-06-04 13:42:14 | DEBUG    |   Batch  530/672 | Loss: 0.6356
2026-06-04 13:42:16 | DEBUG    |   Batch  540/672 | Loss: 0.4981
2026-06-04 13:42:19 | DEBUG    |   Batch  550/672 | Loss: 0.6177
2026-06-04 13:42:21 | DEBUG    |   Batch  560/672 | Loss: 0.4353
2026-06-04 13:42:23 | DEBUG    |   Batch  570/672 | Loss: 0.6413
2026-06-04 13:42:26 | DEBUG    |   Batch  580/672 | Loss: 0.4466
2026-06-04 13:42:28 | DEBUG    |   Batch  590/672 | Loss: 0.4180
2026-06-04 13:42:31 | DEBUG    |   Batch  600/672 | Loss: 0.4854
2026-06-04 13:42:33 | DEBUG    |   Batch  610/672 | Loss: 0.4592
2026-06-04 13:42:35 | DEBUG    |   Batch  620/672 | Loss: 0.4520
2026-06-04 13:42:38 | DEBUG    |   Batch  630/672 | Loss: 0.4546
2026-06-04 13:42:40 | DEBUG    |   Batch  640/672 | Loss: 0.4896
2026-06-04 13:42:43 | DEBUG    |   Batch  650/672 | Loss: 0.4693
2026-06-04 13:42:45 | DEBUG    |   Batch  660/672 | Loss: 0.4887
2026-06-04 13:42:47 | DEBUG    |   Batch  670/672 | Loss: 0.4923
2026-06-04 13:42:56 | INFO     |   Train Loss: 0.4948 | Val Loss: 0.5507 | Mean Dice: 0.0131
2026-06-04 13:42:56 | INFO     |   Dice NCR/ED/ET: 0.0020 / 0.0274 / 0.0099
2026-06-04 13:42:56 | INFO     |   Time: 170.0s | Elapsed: 0.71h | ETA: 13h 28m | LR: 9.94e-05
2026-06-04 13:42:56 | INFO     | ------------------------------------------------------------
2026-06-04 13:42:56 | INFO     | Epoch 16/300
2026-06-04 13:42:57 | DEBUG    |   Batch    0/672 | Loss: 0.4327
2026-06-04 13:42:59 | DEBUG    |   Batch   10/672 | Loss: 0.5607
2026-06-04 13:43:02 | DEBUG    |   Batch   20/672 | Loss: 0.5042
2026-06-04 13:43:04 | DEBUG    |   Batch   30/672 | Loss: 0.4594
2026-06-04 13:43:06 | DEBUG    |   Batch   40/672 | Loss: 0.4538
2026-06-04 13:43:09 | DEBUG    |   Batch   50/672 | Loss: 0.5434
2026-06-04 13:43:11 | DEBUG    |   Batch   60/672 | Loss: 0.4125
2026-06-04 13:43:14 | DEBUG    |   Batch   70/672 | Loss: 0.7966
2026-06-04 13:43:16 | DEBUG    |   Batch   80/672 | Loss: 0.4541
2026-06-04 13:43:18 | DEBUG    |   Batch   90/672 | Loss: 0.4517
2026-06-04 13:43:21 | DEBUG    |   Batch  100/672 | Loss: 0.6160
2026-06-04 13:43:23 | DEBUG    |   Batch  110/672 | Loss: 0.4880
2026-06-04 13:43:26 | DEBUG    |   Batch  120/672 | Loss: 0.4652
2026-06-04 13:43:28 | DEBUG    |   Batch  130/672 | Loss: 0.5284
2026-06-04 13:43:30 | DEBUG    |   Batch  140/672 | Loss: 0.4494
2026-06-04 13:43:33 | DEBUG    |   Batch  150/672 | Loss: 0.4550
2026-06-04 13:43:35 | DEBUG    |   Batch  160/672 | Loss: 0.4775
2026-06-04 13:43:38 | DEBUG    |   Batch  170/672 | Loss: 0.5025
2026-06-04 13:43:40 | DEBUG    |   Batch  180/672 | Loss: 0.5052
2026-06-04 13:43:42 | DEBUG    |   Batch  190/672 | Loss: 0.5941
2026-06-04 13:43:45 | DEBUG    |   Batch  200/672 | Loss: 0.5464
2026-06-04 13:43:47 | DEBUG    |   Batch  210/672 | Loss: 0.5494
2026-06-04 13:43:50 | DEBUG    |   Batch  220/672 | Loss: 0.4914
2026-06-04 13:43:52 | DEBUG    |   Batch  230/672 | Loss: 0.6132
2026-06-04 13:43:54 | DEBUG    |   Batch  240/672 | Loss: 0.4584
2026-06-04 13:43:57 | DEBUG    |   Batch  250/672 | Loss: 0.5018
2026-06-04 13:43:59 | DEBUG    |   Batch  260/672 | Loss: 0.4529
2026-06-04 13:44:02 | DEBUG    |   Batch  270/672 | Loss: 0.4001
2026-06-04 13:44:04 | DEBUG    |   Batch  280/672 | Loss: 0.4875
2026-06-04 13:44:06 | DEBUG    |   Batch  290/672 | Loss: 0.5257
2026-06-04 13:44:09 | DEBUG    |   Batch  300/672 | Loss: 0.4868
2026-06-04 13:44:11 | DEBUG    |   Batch  310/672 | Loss: 0.4631
2026-06-04 13:44:13 | DEBUG    |   Batch  320/672 | Loss: 0.4264
2026-06-04 13:44:16 | DEBUG    |   Batch  330/672 | Loss: 0.4286
2026-06-04 13:44:18 | DEBUG    |   Batch  340/672 | Loss: 0.5022
2026-06-04 13:44:21 | DEBUG    |   Batch  350/672 | Loss: 0.5035
2026-06-04 13:44:23 | DEBUG    |   Batch  360/672 | Loss: 0.4383
2026-06-04 13:44:25 | DEBUG    |   Batch  370/672 | Loss: 0.4680
2026-06-04 13:44:28 | DEBUG    |   Batch  380/672 | Loss: 0.4697
2026-06-04 13:44:30 | DEBUG    |   Batch  390/672 | Loss: 0.4639
2026-06-04 13:44:33 | DEBUG    |   Batch  400/672 | Loss: 0.5272
2026-06-04 13:44:35 | DEBUG    |   Batch  410/672 | Loss: 0.5284
2026-06-04 13:44:37 | DEBUG    |   Batch  420/672 | Loss: 0.5294
2026-06-04 13:44:40 | DEBUG    |   Batch  430/672 | Loss: 0.4204
2026-06-04 13:44:42 | DEBUG    |   Batch  440/672 | Loss: 0.4708
2026-06-04 13:44:45 | DEBUG    |   Batch  450/672 | Loss: 0.4550
2026-06-04 13:44:47 | DEBUG    |   Batch  460/672 | Loss: 0.4696
2026-06-04 13:44:49 | DEBUG    |   Batch  470/672 | Loss: 0.5392
2026-06-04 13:44:52 | DEBUG    |   Batch  480/672 | Loss: 0.5540
2026-06-04 13:44:54 | DEBUG    |   Batch  490/672 | Loss: 0.4241
2026-06-04 13:44:57 | DEBUG    |   Batch  500/672 | Loss: 0.4340
2026-06-04 13:44:59 | DEBUG    |   Batch  510/672 | Loss: 0.4706
2026-06-04 13:45:01 | DEBUG    |   Batch  520/672 | Loss: 0.4817
2026-06-04 13:45:04 | DEBUG    |   Batch  530/672 | Loss: 0.6420
2026-06-04 13:45:06 | DEBUG    |   Batch  540/672 | Loss: 0.4351
2026-06-04 13:45:09 | DEBUG    |   Batch  550/672 | Loss: 0.4308
2026-06-04 13:45:11 | DEBUG    |   Batch  560/672 | Loss: 0.4615
2026-06-04 13:45:13 | DEBUG    |   Batch  570/672 | Loss: 0.5981
2026-06-04 13:45:16 | DEBUG    |   Batch  580/672 | Loss: 0.5949
2026-06-04 13:45:18 | DEBUG    |   Batch  590/672 | Loss: 0.5292
2026-06-04 13:45:21 | DEBUG    |   Batch  600/672 | Loss: 0.4306
2026-06-04 13:45:23 | DEBUG    |   Batch  610/672 | Loss: 0.4788
2026-06-04 13:45:25 | DEBUG    |   Batch  620/672 | Loss: 0.5585
2026-06-04 13:45:28 | DEBUG    |   Batch  630/672 | Loss: 0.4510
2026-06-04 13:45:30 | DEBUG    |   Batch  640/672 | Loss: 0.4548
2026-06-04 13:45:33 | DEBUG    |   Batch  650/672 | Loss: 0.4418
2026-06-04 13:45:35 | DEBUG    |   Batch  660/672 | Loss: 0.4322
2026-06-04 13:45:37 | DEBUG    |   Batch  670/672 | Loss: 0.5279
2026-06-04 13:45:46 | INFO     |   Train Loss: 0.4940 | Val Loss: 0.5302 | Mean Dice: 0.0131
2026-06-04 13:45:46 | INFO     |   Dice NCR/ED/ET: 0.0020 / 0.0274 / 0.0099
2026-06-04 13:45:46 | INFO     |   Time: 170.2s | Elapsed: 0.76h | ETA: 13h 25m | LR: 9.93e-05
2026-06-04 13:45:46 | INFO     | ------------------------------------------------------------
2026-06-04 13:45:46 | INFO     | Epoch 17/300
2026-06-04 13:45:47 | DEBUG    |   Batch    0/672 | Loss: 0.5148
2026-06-04 13:45:49 | DEBUG    |   Batch   10/672 | Loss: 0.5120
2026-06-04 13:45:52 | DEBUG    |   Batch   20/672 | Loss: 0.5279
2026-06-04 13:45:54 | DEBUG    |   Batch   30/672 | Loss: 0.4312
2026-06-04 13:45:56 | DEBUG    |   Batch   40/672 | Loss: 0.5208
2026-06-04 13:45:59 | DEBUG    |   Batch   50/672 | Loss: 0.5890
2026-06-04 13:46:01 | DEBUG    |   Batch   60/672 | Loss: 0.4417
2026-06-04 13:46:04 | DEBUG    |   Batch   70/672 | Loss: 0.4495
2026-06-04 13:46:06 | DEBUG    |   Batch   80/672 | Loss: 0.4479
2026-06-04 13:46:08 | DEBUG    |   Batch   90/672 | Loss: 0.4354
2026-06-04 13:46:11 | DEBUG    |   Batch  100/672 | Loss: 0.4815
2026-06-04 13:46:13 | DEBUG    |   Batch  110/672 | Loss: 0.5012
2026-06-04 13:46:16 | DEBUG    |   Batch  120/672 | Loss: 0.4567
2026-06-04 13:46:18 | DEBUG    |   Batch  130/672 | Loss: 0.4404
2026-06-04 13:46:20 | DEBUG    |   Batch  140/672 | Loss: 0.4323
2026-06-04 13:46:23 | DEBUG    |   Batch  150/672 | Loss: 0.4225
2026-06-04 13:46:25 | DEBUG    |   Batch  160/672 | Loss: 0.4738
2026-06-04 13:46:28 | DEBUG    |   Batch  170/672 | Loss: 0.4172
2026-06-04 13:46:30 | DEBUG    |   Batch  180/672 | Loss: 0.4388
2026-06-04 13:46:32 | DEBUG    |   Batch  190/672 | Loss: 0.4223
2026-06-04 13:46:35 | DEBUG    |   Batch  200/672 | Loss: 0.4926
2026-06-04 13:46:37 | DEBUG    |   Batch  210/672 | Loss: 0.4917
2026-06-04 13:46:40 | DEBUG    |   Batch  220/672 | Loss: 0.4838
2026-06-04 13:46:42 | DEBUG    |   Batch  230/672 | Loss: 0.4306
2026-06-04 13:46:44 | DEBUG    |   Batch  240/672 | Loss: 0.4623
2026-06-04 13:46:47 | DEBUG    |   Batch  250/672 | Loss: 0.6611
2026-06-04 13:46:49 | DEBUG    |   Batch  260/672 | Loss: 0.5638
2026-06-04 13:46:52 | DEBUG    |   Batch  270/672 | Loss: 0.4659
2026-06-04 13:46:54 | DEBUG    |   Batch  280/672 | Loss: 0.6140
2026-06-04 13:46:56 | DEBUG    |   Batch  290/672 | Loss: 0.4664
2026-06-04 13:46:59 | DEBUG    |   Batch  300/672 | Loss: 0.4872
2026-06-04 13:47:01 | DEBUG    |   Batch  310/672 | Loss: 0.4157
2026-06-04 13:47:04 | DEBUG    |   Batch  320/672 | Loss: 0.4590
2026-06-04 13:47:06 | DEBUG    |   Batch  330/672 | Loss: 0.4569
2026-06-04 13:47:08 | DEBUG    |   Batch  340/672 | Loss: 0.5173
2026-06-04 13:47:11 | DEBUG    |   Batch  350/672 | Loss: 0.5569
2026-06-04 13:47:13 | DEBUG    |   Batch  360/672 | Loss: 0.4672
2026-06-04 13:47:16 | DEBUG    |   Batch  370/672 | Loss: 0.4730
2026-06-04 13:47:18 | DEBUG    |   Batch  380/672 | Loss: 0.5291
2026-06-04 13:47:20 | DEBUG    |   Batch  390/672 | Loss: 0.4060
2026-06-04 13:47:23 | DEBUG    |   Batch  400/672 | Loss: 0.4315
2026-06-04 13:47:25 | DEBUG    |   Batch  410/672 | Loss: 0.5630
2026-06-04 13:47:28 | DEBUG    |   Batch  420/672 | Loss: 0.3952
2026-06-04 13:47:30 | DEBUG    |   Batch  430/672 | Loss: 0.7572
2026-06-04 13:47:32 | DEBUG    |   Batch  440/672 | Loss: 0.4710
2026-06-04 13:47:35 | DEBUG    |   Batch  450/672 | Loss: 0.4083
2026-06-04 13:47:37 | DEBUG    |   Batch  460/672 | Loss: 0.4701
2026-06-04 13:47:40 | DEBUG    |   Batch  470/672 | Loss: 0.4869
2026-06-04 13:47:42 | DEBUG    |   Batch  480/672 | Loss: 0.4595
2026-06-04 13:47:44 | DEBUG    |   Batch  490/672 | Loss: 0.5662
2026-06-04 13:47:47 | DEBUG    |   Batch  500/672 | Loss: 0.4467
2026-06-04 13:47:49 | DEBUG    |   Batch  510/672 | Loss: 0.5318
2026-06-04 13:47:52 | DEBUG    |   Batch  520/672 | Loss: 0.4950
2026-06-04 13:47:54 | DEBUG    |   Batch  530/672 | Loss: 0.4293
2026-06-04 13:47:56 | DEBUG    |   Batch  540/672 | Loss: 0.4587
2026-06-04 13:47:59 | DEBUG    |   Batch  550/672 | Loss: 0.4753
2026-06-04 13:48:01 | DEBUG    |   Batch  560/672 | Loss: 0.4300
2026-06-04 13:48:04 | DEBUG    |   Batch  570/672 | Loss: 0.4430
2026-06-04 13:48:06 | DEBUG    |   Batch  580/672 | Loss: 0.4415
2026-06-04 13:48:08 | DEBUG    |   Batch  590/672 | Loss: 0.4072
2026-06-04 13:48:11 | DEBUG    |   Batch  600/672 | Loss: 0.4283
2026-06-04 13:48:13 | DEBUG    |   Batch  610/672 | Loss: 0.4804
2026-06-04 13:48:16 | DEBUG    |   Batch  620/672 | Loss: 0.4432
2026-06-04 13:48:18 | DEBUG    |   Batch  630/672 | Loss: 0.4311
2026-06-04 13:48:20 | DEBUG    |   Batch  640/672 | Loss: 0.6021
2026-06-04 13:48:23 | DEBUG    |   Batch  650/672 | Loss: 0.4378
2026-06-04 13:48:25 | DEBUG    |   Batch  660/672 | Loss: 0.4879
2026-06-04 13:48:28 | DEBUG    |   Batch  670/672 | Loss: 0.4718
2026-06-04 13:48:36 | INFO     |   Train Loss: 0.4883 | Val Loss: 0.5339 | Mean Dice: 0.0131
2026-06-04 13:48:36 | INFO     |   Dice NCR/ED/ET: 0.0020 / 0.0274 / 0.0099
2026-06-04 13:48:36 | INFO     |   Time: 170.1s | Elapsed: 0.80h | ETA: 13h 22m | LR: 9.92e-05
2026-06-04 13:48:36 | INFO     | ------------------------------------------------------------
2026-06-04 13:48:36 | INFO     | Epoch 18/300
2026-06-04 13:48:37 | DEBUG    |   Batch    0/672 | Loss: 0.5008
2026-06-04 13:48:39 | DEBUG    |   Batch   10/672 | Loss: 0.4284
2026-06-04 13:48:42 | DEBUG    |   Batch   20/672 | Loss: 0.5157
2026-06-04 13:48:44 | DEBUG    |   Batch   30/672 | Loss: 0.4621
2026-06-04 13:48:47 | DEBUG    |   Batch   40/672 | Loss: 0.4853
2026-06-04 13:48:49 | DEBUG    |   Batch   50/672 | Loss: 0.4517
2026-06-04 13:48:51 | DEBUG    |   Batch   60/672 | Loss: 0.4146
2026-06-04 13:48:54 | DEBUG    |   Batch   70/672 | Loss: 0.4949
2026-06-04 13:48:56 | DEBUG    |   Batch   80/672 | Loss: 0.4764
2026-06-04 13:48:59 | DEBUG    |   Batch   90/672 | Loss: 0.4229
2026-06-04 13:49:01 | DEBUG    |   Batch  100/672 | Loss: 0.4471
2026-06-04 13:49:03 | DEBUG    |   Batch  110/672 | Loss: 0.4573
2026-06-04 13:49:06 | DEBUG    |   Batch  120/672 | Loss: 0.4561
2026-06-04 13:49:08 | DEBUG    |   Batch  130/672 | Loss: 0.4451
2026-06-04 13:49:11 | DEBUG    |   Batch  140/672 | Loss: 0.4024
2026-06-04 13:49:13 | DEBUG    |   Batch  150/672 | Loss: 0.4177
2026-06-04 13:49:15 | DEBUG    |   Batch  160/672 | Loss: 0.4479
2026-06-04 13:49:18 | DEBUG    |   Batch  170/672 | Loss: 0.4952
2026-06-04 13:49:20 | DEBUG    |   Batch  180/672 | Loss: 0.4565
2026-06-04 13:49:23 | DEBUG    |   Batch  190/672 | Loss: 0.6241
2026-06-04 13:49:25 | DEBUG    |   Batch  200/672 | Loss: 0.5557
2026-06-04 13:49:27 | DEBUG    |   Batch  210/672 | Loss: 0.5187
2026-06-04 13:49:30 | DEBUG    |   Batch  220/672 | Loss: 0.5065
2026-06-04 13:49:32 | DEBUG    |   Batch  230/672 | Loss: 0.4784
2026-06-04 13:49:35 | DEBUG    |   Batch  240/672 | Loss: 0.4548
2026-06-04 13:49:37 | DEBUG    |   Batch  250/672 | Loss: 0.4679
2026-06-04 13:49:39 | DEBUG    |   Batch  260/672 | Loss: 0.4551
2026-06-04 13:49:42 | DEBUG    |   Batch  270/672 | Loss: 0.4554
2026-06-04 13:49:44 | DEBUG    |   Batch  280/672 | Loss: 0.6202
2026-06-04 13:49:47 | DEBUG    |   Batch  290/672 | Loss: 0.6157
2026-06-04 13:49:49 | DEBUG    |   Batch  300/672 | Loss: 0.5897
2026-06-04 13:49:51 | DEBUG    |   Batch  310/672 | Loss: 0.4495
2026-06-04 13:49:54 | DEBUG    |   Batch  320/672 | Loss: 0.4276
2026-06-04 13:49:56 | DEBUG    |   Batch  330/672 | Loss: 0.5288
2026-06-04 13:49:59 | DEBUG    |   Batch  340/672 | Loss: 0.4661
2026-06-04 13:50:01 | DEBUG    |   Batch  350/672 | Loss: 0.4474
2026-06-04 13:50:03 | DEBUG    |   Batch  360/672 | Loss: 0.4301
2026-06-04 13:50:06 | DEBUG    |   Batch  370/672 | Loss: 0.6285
2026-06-04 13:50:08 | DEBUG    |   Batch  380/672 | Loss: 0.5016
2026-06-04 13:50:11 | DEBUG    |   Batch  390/672 | Loss: 0.4203
2026-06-04 13:50:13 | DEBUG    |   Batch  400/672 | Loss: 0.4535
2026-06-04 13:50:15 | DEBUG    |   Batch  410/672 | Loss: 0.4934
2026-06-04 13:50:18 | DEBUG    |   Batch  420/672 | Loss: 0.4096
2026-06-04 13:50:20 | DEBUG    |   Batch  430/672 | Loss: 0.5308
2026-06-04 13:50:23 | DEBUG    |   Batch  440/672 | Loss: 0.7191
2026-06-04 13:50:25 | DEBUG    |   Batch  450/672 | Loss: 0.6292
2026-06-04 13:50:27 | DEBUG    |   Batch  460/672 | Loss: 0.4771
2026-06-04 13:50:30 | DEBUG    |   Batch  470/672 | Loss: 0.7483
2026-06-04 13:50:32 | DEBUG    |   Batch  480/672 | Loss: 0.5373
2026-06-04 13:50:35 | DEBUG    |   Batch  490/672 | Loss: 0.5410
2026-06-04 13:50:37 | DEBUG    |   Batch  500/672 | Loss: 0.4750
2026-06-04 13:50:39 | DEBUG    |   Batch  510/672 | Loss: 0.4402
2026-06-04 13:50:42 | DEBUG    |   Batch  520/672 | Loss: 0.4575
2026-06-04 13:50:44 | DEBUG    |   Batch  530/672 | Loss: 0.5051
2026-06-04 13:50:47 | DEBUG    |   Batch  540/672 | Loss: 0.4937
2026-06-04 13:50:49 | DEBUG    |   Batch  550/672 | Loss: 0.5873
2026-06-04 13:50:51 | DEBUG    |   Batch  560/672 | Loss: 0.5054
2026-06-04 13:50:54 | DEBUG    |   Batch  570/672 | Loss: 0.5563
2026-06-04 13:50:56 | DEBUG    |   Batch  580/672 | Loss: 0.5061
2026-06-04 13:50:59 | DEBUG    |   Batch  590/672 | Loss: 0.4350
2026-06-04 13:51:01 | DEBUG    |   Batch  600/672 | Loss: 0.4559
2026-06-04 13:51:03 | DEBUG    |   Batch  610/672 | Loss: 0.5036
2026-06-04 13:51:06 | DEBUG    |   Batch  620/672 | Loss: 0.5008
2026-06-04 13:51:08 | DEBUG    |   Batch  630/672 | Loss: 0.5864
2026-06-04 13:51:11 | DEBUG    |   Batch  640/672 | Loss: 0.5797
2026-06-04 13:51:13 | DEBUG    |   Batch  650/672 | Loss: 0.5785
2026-06-04 13:51:15 | DEBUG    |   Batch  660/672 | Loss: 0.4575
2026-06-04 13:51:18 | DEBUG    |   Batch  670/672 | Loss: 0.4632
2026-06-04 13:51:27 | INFO     |   Train Loss: 0.4897 | Val Loss: 0.5391 | Mean Dice: 0.0131
2026-06-04 13:51:27 | INFO     |   Dice NCR/ED/ET: 0.0020 / 0.0274 / 0.0099
2026-06-04 13:51:27 | INFO     |   Time: 170.2s | Elapsed: 0.85h | ETA: 13h 19m | LR: 9.91e-05
2026-06-04 13:51:27 | INFO     | ------------------------------------------------------------
2026-06-04 13:51:27 | INFO     | Epoch 19/300
2026-06-04 13:51:27 | DEBUG    |   Batch    0/672 | Loss: 0.4592
2026-06-04 13:51:30 | DEBUG    |   Batch   10/672 | Loss: 0.4729
2026-06-04 13:51:32 | DEBUG    |   Batch   20/672 | Loss: 0.4493
2026-06-04 13:51:34 | DEBUG    |   Batch   30/672 | Loss: 0.4478
2026-06-04 13:51:37 | DEBUG    |   Batch   40/672 | Loss: 0.6838
2026-06-04 13:51:39 | DEBUG    |   Batch   50/672 | Loss: 0.5091
2026-06-04 13:51:42 | DEBUG    |   Batch   60/672 | Loss: 0.5457
2026-06-04 13:51:44 | DEBUG    |   Batch   70/672 | Loss: 0.4180
2026-06-04 13:51:46 | DEBUG    |   Batch   80/672 | Loss: 0.5353
2026-06-04 13:51:49 | DEBUG    |   Batch   90/672 | Loss: 0.4836
2026-06-04 13:51:51 | DEBUG    |   Batch  100/672 | Loss: 0.4110
2026-06-04 13:51:54 | DEBUG    |   Batch  110/672 | Loss: 0.6097
2026-06-04 13:51:56 | DEBUG    |   Batch  120/672 | Loss: 0.4189
2026-06-04 13:51:58 | DEBUG    |   Batch  130/672 | Loss: 0.4407
2026-06-04 13:52:01 | DEBUG    |   Batch  140/672 | Loss: 0.4555
2026-06-04 13:52:03 | DEBUG    |   Batch  150/672 | Loss: 0.4118
2026-06-04 13:52:06 | DEBUG    |   Batch  160/672 | Loss: 0.5782
2026-06-04 13:52:08 | DEBUG    |   Batch  170/672 | Loss: 0.4985
2026-06-04 13:52:10 | DEBUG    |   Batch  180/672 | Loss: 0.6748
2026-06-04 13:52:13 | DEBUG    |   Batch  190/672 | Loss: 0.7419
2026-06-04 13:52:15 | DEBUG    |   Batch  200/672 | Loss: 0.4660
2026-06-04 13:52:18 | DEBUG    |   Batch  210/672 | Loss: 0.4394
2026-06-04 13:52:20 | DEBUG    |   Batch  220/672 | Loss: 0.4990
2026-06-04 13:52:22 | DEBUG    |   Batch  230/672 | Loss: 0.5688
2026-06-04 13:52:25 | DEBUG    |   Batch  240/672 | Loss: 0.4707
2026-06-04 13:52:27 | DEBUG    |   Batch  250/672 | Loss: 0.4369
2026-06-04 13:52:30 | DEBUG    |   Batch  260/672 | Loss: 0.4980
2026-06-04 13:52:32 | DEBUG    |   Batch  270/672 | Loss: 0.4306
2026-06-04 13:52:34 | DEBUG    |   Batch  280/672 | Loss: 0.4655
2026-06-04 13:52:37 | DEBUG    |   Batch  290/672 | Loss: 0.4700
2026-06-04 13:52:39 | DEBUG    |   Batch  300/672 | Loss: 0.4501
2026-06-04 13:52:42 | DEBUG    |   Batch  310/672 | Loss: 0.6677
2026-06-04 13:52:44 | DEBUG    |   Batch  320/672 | Loss: 0.5535
2026-06-04 13:52:46 | DEBUG    |   Batch  330/672 | Loss: 0.4921
2026-06-04 13:52:49 | DEBUG    |   Batch  340/672 | Loss: 0.4635
2026-06-04 13:52:51 | DEBUG    |   Batch  350/672 | Loss: 0.5715
2026-06-04 13:52:54 | DEBUG    |   Batch  360/672 | Loss: 0.5664
2026-06-04 13:52:56 | DEBUG    |   Batch  370/672 | Loss: 0.4585
2026-06-04 13:52:58 | DEBUG    |   Batch  380/672 | Loss: 0.4638
2026-06-04 13:53:01 | DEBUG    |   Batch  390/672 | Loss: 0.5318
2026-06-04 13:53:03 | DEBUG    |   Batch  400/672 | Loss: 0.4519
2026-06-04 13:53:06 | DEBUG    |   Batch  410/672 | Loss: 0.4391
2026-06-04 13:53:08 | DEBUG    |   Batch  420/672 | Loss: 0.4465
2026-06-04 13:53:10 | DEBUG    |   Batch  430/672 | Loss: 0.5730
2026-06-04 13:53:13 | DEBUG    |   Batch  440/672 | Loss: 0.4032
2026-06-04 13:53:15 | DEBUG    |   Batch  450/672 | Loss: 0.4468
2026-06-04 13:53:18 | DEBUG    |   Batch  460/672 | Loss: 0.6389
2026-06-04 13:53:20 | DEBUG    |   Batch  470/672 | Loss: 0.4376
2026-06-04 13:53:22 | DEBUG    |   Batch  480/672 | Loss: 0.4572
2026-06-04 13:53:25 | DEBUG    |   Batch  490/672 | Loss: 0.4349
2026-06-04 13:53:27 | DEBUG    |   Batch  500/672 | Loss: 0.4356
2026-06-04 13:53:30 | DEBUG    |   Batch  510/672 | Loss: 0.3951
2026-06-04 13:53:32 | DEBUG    |   Batch  520/672 | Loss: 0.4280
2026-06-04 13:53:34 | DEBUG    |   Batch  530/672 | Loss: 0.4097
2026-06-04 13:53:37 | DEBUG    |   Batch  540/672 | Loss: 0.5498
2026-06-04 13:53:39 | DEBUG    |   Batch  550/672 | Loss: 0.4572
2026-06-04 13:53:42 | DEBUG    |   Batch  560/672 | Loss: 0.5514
2026-06-04 13:53:44 | DEBUG    |   Batch  570/672 | Loss: 0.4934
2026-06-04 13:53:46 | DEBUG    |   Batch  580/672 | Loss: 0.5794
2026-06-04 13:53:49 | DEBUG    |   Batch  590/672 | Loss: 0.4762
2026-06-04 13:53:51 | DEBUG    |   Batch  600/672 | Loss: 0.4925
2026-06-04 13:53:54 | DEBUG    |   Batch  610/672 | Loss: 0.4583
2026-06-04 13:53:56 | DEBUG    |   Batch  620/672 | Loss: 0.4482
2026-06-04 13:53:58 | DEBUG    |   Batch  630/672 | Loss: 0.4170
2026-06-04 13:54:01 | DEBUG    |   Batch  640/672 | Loss: 0.4266
2026-06-04 13:54:03 | DEBUG    |   Batch  650/672 | Loss: 0.4332
2026-06-04 13:54:06 | DEBUG    |   Batch  660/672 | Loss: 0.6088
2026-06-04 13:54:08 | DEBUG    |   Batch  670/672 | Loss: 0.7111
2026-06-04 13:54:17 | INFO     |   Train Loss: 0.4877 | Val Loss: 0.5346 | Mean Dice: 0.0131
2026-06-04 13:54:17 | INFO     |   Dice NCR/ED/ET: 0.0020 / 0.0274 / 0.0099
2026-06-04 13:54:17 | INFO     |   Time: 170.2s | Elapsed: 0.90h | ETA: 13h 17m | LR: 9.90e-05
2026-06-04 13:54:17 | INFO     | ------------------------------------------------------------
2026-06-04 13:54:17 | INFO     | Epoch 20/300
2026-06-04 13:54:17 | DEBUG    |   Batch    0/672 | Loss: 0.4688
2026-06-04 13:54:20 | DEBUG    |   Batch   10/672 | Loss: 0.5087
2026-06-04 13:54:22 | DEBUG    |   Batch   20/672 | Loss: 0.4857
2026-06-04 13:54:25 | DEBUG    |   Batch   30/672 | Loss: 0.4494
2026-06-04 13:54:27 | DEBUG    |   Batch   40/672 | Loss: 0.4938
2026-06-04 13:54:29 | DEBUG    |   Batch   50/672 | Loss: 0.5162
2026-06-04 13:54:32 | DEBUG    |   Batch   60/672 | Loss: 0.5253
2026-06-04 13:54:34 | DEBUG    |   Batch   70/672 | Loss: 0.4865
2026-06-04 13:54:37 | DEBUG    |   Batch   80/672 | Loss: 0.4651
2026-06-04 13:54:39 | DEBUG    |   Batch   90/672 | Loss: 0.5248
2026-06-04 13:54:41 | DEBUG    |   Batch  100/672 | Loss: 0.4372
2026-06-04 13:54:44 | DEBUG    |   Batch  110/672 | Loss: 0.4768
2026-06-04 13:54:46 | DEBUG    |   Batch  120/672 | Loss: 0.4956
2026-06-04 13:54:49 | DEBUG    |   Batch  130/672 | Loss: 0.5100
2026-06-04 13:54:51 | DEBUG    |   Batch  140/672 | Loss: 0.5435
2026-06-04 13:54:53 | DEBUG    |   Batch  150/672 | Loss: 0.6031
2026-06-04 13:54:56 | DEBUG    |   Batch  160/672 | Loss: 0.4743
2026-06-04 13:54:58 | DEBUG    |   Batch  170/672 | Loss: 0.4316
2026-06-04 13:55:01 | DEBUG    |   Batch  180/672 | Loss: 0.5267
2026-06-04 13:55:03 | DEBUG    |   Batch  190/672 | Loss: 0.4056
2026-06-04 13:55:05 | DEBUG    |   Batch  200/672 | Loss: 0.4601
2026-06-04 13:55:08 | DEBUG    |   Batch  210/672 | Loss: 0.4567
2026-06-04 13:55:10 | DEBUG    |   Batch  220/672 | Loss: 0.4160
2026-06-04 13:55:13 | DEBUG    |   Batch  230/672 | Loss: 0.4415
2026-06-04 13:55:15 | DEBUG    |   Batch  240/672 | Loss: 0.4138
2026-06-04 13:55:17 | DEBUG    |   Batch  250/672 | Loss: 0.4341
2026-06-04 13:55:20 | DEBUG    |   Batch  260/672 | Loss: 0.5603
2026-06-04 13:55:22 | DEBUG    |   Batch  270/672 | Loss: 0.6959
2026-06-04 13:55:25 | DEBUG    |   Batch  280/672 | Loss: 0.4384
2026-06-04 13:55:27 | DEBUG    |   Batch  290/672 | Loss: 0.4128
2026-06-04 13:55:29 | DEBUG    |   Batch  300/672 | Loss: 0.4880
2026-06-04 13:55:32 | DEBUG    |   Batch  310/672 | Loss: 0.4302
2026-06-04 13:55:34 | DEBUG    |   Batch  320/672 | Loss: 0.5059
2026-06-04 13:55:37 | DEBUG    |   Batch  330/672 | Loss: 0.4607
2026-06-04 13:55:39 | DEBUG    |   Batch  340/672 | Loss: 0.4454
2026-06-04 13:55:41 | DEBUG    |   Batch  350/672 | Loss: 0.4729
2026-06-04 13:55:44 | DEBUG    |   Batch  360/672 | Loss: 0.4957
2026-06-04 13:55:46 | DEBUG    |   Batch  370/672 | Loss: 0.4839
2026-06-04 13:55:49 | DEBUG    |   Batch  380/672 | Loss: 0.4450
2026-06-04 13:55:51 | DEBUG    |   Batch  390/672 | Loss: 0.4136
2026-06-04 13:55:53 | DEBUG    |   Batch  400/672 | Loss: 0.4565
2026-06-04 13:55:56 | DEBUG    |   Batch  410/672 | Loss: 0.4636
2026-06-04 13:55:58 | DEBUG    |   Batch  420/672 | Loss: 0.4824
2026-06-04 13:56:01 | DEBUG    |   Batch  430/672 | Loss: 0.4696
2026-06-04 13:56:03 | DEBUG    |   Batch  440/672 | Loss: 0.4216
2026-06-04 13:56:05 | DEBUG    |   Batch  450/672 | Loss: 0.4414
2026-06-04 13:56:08 | DEBUG    |   Batch  460/672 | Loss: 0.5591
2026-06-04 13:56:10 | DEBUG    |   Batch  470/672 | Loss: 0.5002
2026-06-04 13:56:13 | DEBUG    |   Batch  480/672 | Loss: 0.4924
2026-06-04 13:56:15 | DEBUG    |   Batch  490/672 | Loss: 0.4584
2026-06-04 13:56:17 | DEBUG    |   Batch  500/672 | Loss: 0.5629
2026-06-04 13:56:20 | DEBUG    |   Batch  510/672 | Loss: 0.5319
2026-06-04 13:56:22 | DEBUG    |   Batch  520/672 | Loss: 0.4868
2026-06-04 13:56:24 | DEBUG    |   Batch  530/672 | Loss: 0.5266
2026-06-04 13:56:27 | DEBUG    |   Batch  540/672 | Loss: 0.4659
2026-06-04 13:56:29 | DEBUG    |   Batch  550/672 | Loss: 0.4222
2026-06-04 13:56:32 | DEBUG    |   Batch  560/672 | Loss: 0.4625
2026-06-04 13:56:34 | DEBUG    |   Batch  570/672 | Loss: 0.5745
2026-06-04 13:56:36 | DEBUG    |   Batch  580/672 | Loss: 0.5870
2026-06-04 13:56:39 | DEBUG    |   Batch  590/672 | Loss: 0.5688
2026-06-04 13:56:41 | DEBUG    |   Batch  600/672 | Loss: 0.4333
2026-06-04 13:56:44 | DEBUG    |   Batch  610/672 | Loss: 0.4432
2026-06-04 13:56:46 | DEBUG    |   Batch  620/672 | Loss: 0.4669
2026-06-04 13:56:48 | DEBUG    |   Batch  630/672 | Loss: 0.5434
2026-06-04 13:56:51 | DEBUG    |   Batch  640/672 | Loss: 0.4851
2026-06-04 13:56:53 | DEBUG    |   Batch  650/672 | Loss: 0.4702
2026-06-04 13:56:56 | DEBUG    |   Batch  660/672 | Loss: 0.4472
2026-06-04 13:56:58 | DEBUG    |   Batch  670/672 | Loss: 0.5771
2026-06-04 13:57:07 | INFO     |   Train Loss: 0.4850 | Val Loss: 0.5378 | Mean Dice: 0.0131
2026-06-04 13:57:07 | INFO     |   Dice NCR/ED/ET: 0.0020 / 0.0274 / 0.0099
2026-06-04 13:57:07 | INFO     |   Time: 170.1s | Elapsed: 0.95h | ETA: 13h 14m | LR: 9.89e-05
2026-06-04 13:57:07 | INFO     | ------------------------------------------------------------
2026-06-04 13:57:07 | INFO     | Epoch 21/300
2026-06-04 13:57:07 | DEBUG    |   Batch    0/672 | Loss: 0.4594
2026-06-04 13:57:10 | DEBUG    |   Batch   10/672 | Loss: 0.4521
2026-06-04 13:57:12 | DEBUG    |   Batch   20/672 | Loss: 0.4762
2026-06-04 13:57:15 | DEBUG    |   Batch   30/672 | Loss: 0.4891
2026-06-04 13:57:17 | DEBUG    |   Batch   40/672 | Loss: 0.5533
2026-06-04 13:57:19 | DEBUG    |   Batch   50/672 | Loss: 0.4265
2026-06-04 13:57:22 | DEBUG    |   Batch   60/672 | Loss: 0.4034
2026-06-04 13:57:24 | DEBUG    |   Batch   70/672 | Loss: 0.4797
2026-06-04 13:57:27 | DEBUG    |   Batch   80/672 | Loss: 0.4246
2026-06-04 13:57:29 | DEBUG    |   Batch   90/672 | Loss: 0.4199
2026-06-04 13:57:31 | DEBUG    |   Batch  100/672 | Loss: 0.4873
2026-06-04 13:57:34 | DEBUG    |   Batch  110/672 | Loss: 0.4017
2026-06-04 13:57:36 | DEBUG    |   Batch  120/672 | Loss: 0.5664
2026-06-04 13:57:39 | DEBUG    |   Batch  130/672 | Loss: 0.5114
2026-06-04 13:57:41 | DEBUG    |   Batch  140/672 | Loss: 0.5814
2026-06-04 13:57:43 | DEBUG    |   Batch  150/672 | Loss: 0.4418
2026-06-04 13:57:46 | DEBUG    |   Batch  160/672 | Loss: 0.5790
2026-06-04 13:57:48 | DEBUG    |   Batch  170/672 | Loss: 0.5697
2026-06-04 13:57:51 | DEBUG    |   Batch  180/672 | Loss: 0.5396
2026-06-04 13:57:53 | DEBUG    |   Batch  190/672 | Loss: 0.4026
2026-06-04 13:57:55 | DEBUG    |   Batch  200/672 | Loss: 0.5190
2026-06-04 13:57:58 | DEBUG    |   Batch  210/672 | Loss: 0.4403
2026-06-04 13:58:00 | DEBUG    |   Batch  220/672 | Loss: 0.4701
2026-06-04 13:58:03 | DEBUG    |   Batch  230/672 | Loss: 0.5809
2026-06-04 13:58:05 | DEBUG    |   Batch  240/672 | Loss: 0.4595
2026-06-04 13:58:07 | DEBUG    |   Batch  250/672 | Loss: 0.4105
2026-06-04 13:58:10 | DEBUG    |   Batch  260/672 | Loss: 0.4852
2026-06-04 13:58:12 | DEBUG    |   Batch  270/672 | Loss: 0.6000
2026-06-04 13:58:15 | DEBUG    |   Batch  280/672 | Loss: 0.6267
2026-06-04 13:58:17 | DEBUG    |   Batch  290/672 | Loss: 0.4670
2026-06-04 13:58:19 | DEBUG    |   Batch  300/672 | Loss: 0.4352
2026-06-04 13:58:22 | DEBUG    |   Batch  310/672 | Loss: 0.3997
2026-06-04 13:58:24 | DEBUG    |   Batch  320/672 | Loss: 0.4155
2026-06-04 13:58:27 | DEBUG    |   Batch  330/672 | Loss: 0.4477
2026-06-04 13:58:29 | DEBUG    |   Batch  340/672 | Loss: 0.4764
2026-06-04 13:58:31 | DEBUG    |   Batch  350/672 | Loss: 0.4285
2026-06-04 13:58:34 | DEBUG    |   Batch  360/672 | Loss: 0.5790
2026-06-04 13:58:36 | DEBUG    |   Batch  370/672 | Loss: 0.4646
2026-06-04 13:58:39 | DEBUG    |   Batch  380/672 | Loss: 0.5282
2026-06-04 13:58:41 | DEBUG    |   Batch  390/672 | Loss: 0.4077
2026-06-04 13:58:43 | DEBUG    |   Batch  400/672 | Loss: 0.4472
2026-06-04 13:58:46 | DEBUG    |   Batch  410/672 | Loss: 0.4446
2026-06-04 13:58:48 | DEBUG    |   Batch  420/672 | Loss: 0.3985
2026-06-04 13:58:51 | DEBUG    |   Batch  430/672 | Loss: 0.5416
2026-06-04 13:58:53 | DEBUG    |   Batch  440/672 | Loss: 0.4494
2026-06-04 13:58:55 | DEBUG    |   Batch  450/672 | Loss: 0.4516
2026-06-04 13:58:58 | DEBUG    |   Batch  460/672 | Loss: 0.5644
2026-06-04 13:59:00 | DEBUG    |   Batch  470/672 | Loss: 0.4156
2026-06-04 13:59:03 | DEBUG    |   Batch  480/672 | Loss: 0.5125
2026-06-04 13:59:05 | DEBUG    |   Batch  490/672 | Loss: 0.5663
2026-06-04 13:59:07 | DEBUG    |   Batch  500/672 | Loss: 0.5965
2026-06-04 13:59:10 | DEBUG    |   Batch  510/672 | Loss: 0.4385
2026-06-04 13:59:12 | DEBUG    |   Batch  520/672 | Loss: 0.4390
2026-06-04 13:59:15 | DEBUG    |   Batch  530/672 | Loss: 0.5802
2026-06-04 13:59:17 | DEBUG    |   Batch  540/672 | Loss: 0.4912
2026-06-04 13:59:19 | DEBUG    |   Batch  550/672 | Loss: 0.5466
2026-06-04 13:59:22 | DEBUG    |   Batch  560/672 | Loss: 0.5543
2026-06-04 13:59:24 | DEBUG    |   Batch  570/672 | Loss: 0.4060
2026-06-04 13:59:27 | DEBUG    |   Batch  580/672 | Loss: 0.4683
2026-06-04 13:59:29 | DEBUG    |   Batch  590/672 | Loss: 0.4595
2026-06-04 13:59:31 | DEBUG    |   Batch  600/672 | Loss: 0.6662
2026-06-04 13:59:34 | DEBUG    |   Batch  610/672 | Loss: 0.4186
2026-06-04 13:59:36 | DEBUG    |   Batch  620/672 | Loss: 0.5666
2026-06-04 13:59:39 | DEBUG    |   Batch  630/672 | Loss: 0.4780
2026-06-04 13:59:41 | DEBUG    |   Batch  640/672 | Loss: 0.4548
2026-06-04 13:59:43 | DEBUG    |   Batch  650/672 | Loss: 0.4602
2026-06-04 13:59:46 | DEBUG    |   Batch  660/672 | Loss: 0.4875
2026-06-04 13:59:48 | DEBUG    |   Batch  670/672 | Loss: 0.4343
2026-06-04 13:59:57 | INFO     |   Train Loss: 0.4832 | Val Loss: 0.5259 | Mean Dice: 0.0131
2026-06-04 13:59:57 | INFO     |   Dice NCR/ED/ET: 0.0020 / 0.0274 / 0.0099
2026-06-04 13:59:57 | INFO     |   Time: 170.3s | Elapsed: 0.99h | ETA: 13h 11m | LR: 9.88e-05
2026-06-04 13:59:57 | INFO     | ------------------------------------------------------------
2026-06-04 13:59:57 | INFO     | Epoch 22/300
2026-06-04 13:59:58 | DEBUG    |   Batch    0/672 | Loss: 0.4202
2026-06-04 14:00:00 | DEBUG    |   Batch   10/672 | Loss: 0.4177
2026-06-04 14:00:03 | DEBUG    |   Batch   20/672 | Loss: 0.5915
2026-06-04 14:00:05 | DEBUG    |   Batch   30/672 | Loss: 0.4142
2026-06-04 14:00:07 | DEBUG    |   Batch   40/672 | Loss: 0.6111
2026-06-04 14:00:10 | DEBUG    |   Batch   50/672 | Loss: 0.4699
2026-06-04 14:00:12 | DEBUG    |   Batch   60/672 | Loss: 0.4493
2026-06-04 14:00:15 | DEBUG    |   Batch   70/672 | Loss: 0.4235
2026-06-04 14:00:17 | DEBUG    |   Batch   80/672 | Loss: 0.4239
2026-06-04 14:00:19 | DEBUG    |   Batch   90/672 | Loss: 0.5100
2026-06-04 14:00:22 | DEBUG    |   Batch  100/672 | Loss: 0.5833
2026-06-04 14:00:24 | DEBUG    |   Batch  110/672 | Loss: 0.4853
2026-06-04 14:00:27 | DEBUG    |   Batch  120/672 | Loss: 0.4318
2026-06-04 14:00:29 | DEBUG    |   Batch  130/672 | Loss: 0.4177
2026-06-04 14:00:31 | DEBUG    |   Batch  140/672 | Loss: 0.4739
2026-06-04 14:00:34 | DEBUG    |   Batch  150/672 | Loss: 0.4663
2026-06-04 14:00:36 | DEBUG    |   Batch  160/672 | Loss: 0.5694
2026-06-04 14:00:39 | DEBUG    |   Batch  170/672 | Loss: 0.5402
2026-06-04 14:00:41 | DEBUG    |   Batch  180/672 | Loss: 0.5577
2026-06-04 14:00:43 | DEBUG    |   Batch  190/672 | Loss: 0.4777
2026-06-04 14:00:46 | DEBUG    |   Batch  200/672 | Loss: 0.4681
2026-06-04 14:00:48 | DEBUG    |   Batch  210/672 | Loss: 0.5445
2026-06-04 14:00:50 | DEBUG    |   Batch  220/672 | Loss: 0.4349
2026-06-04 14:00:53 | DEBUG    |   Batch  230/672 | Loss: 0.4717
2026-06-04 14:00:55 | DEBUG    |   Batch  240/672 | Loss: 0.4575
2026-06-04 14:00:58 | DEBUG    |   Batch  250/672 | Loss: 0.4352
2026-06-04 14:01:00 | DEBUG    |   Batch  260/672 | Loss: 0.5341
2026-06-04 14:01:02 | DEBUG    |   Batch  270/672 | Loss: 0.4422
2026-06-04 14:01:05 | DEBUG    |   Batch  280/672 | Loss: 0.5692
2026-06-04 14:01:07 | DEBUG    |   Batch  290/672 | Loss: 0.4498
2026-06-04 14:01:10 | DEBUG    |   Batch  300/672 | Loss: 0.4029
2026-06-04 14:01:12 | DEBUG    |   Batch  310/672 | Loss: 0.4875
2026-06-04 14:01:14 | DEBUG    |   Batch  320/672 | Loss: 0.4157
2026-06-04 14:01:17 | DEBUG    |   Batch  330/672 | Loss: 0.4510
2026-06-04 14:01:19 | DEBUG    |   Batch  340/672 | Loss: 0.5707
2026-06-04 14:01:22 | DEBUG    |   Batch  350/672 | Loss: 0.4406
2026-06-04 14:01:24 | DEBUG    |   Batch  360/672 | Loss: 0.5100
2026-06-04 14:01:26 | DEBUG    |   Batch  370/672 | Loss: 0.4787
2026-06-04 14:01:29 | DEBUG    |   Batch  380/672 | Loss: 0.4622
2026-06-04 14:01:31 | DEBUG    |   Batch  390/672 | Loss: 0.5071
2026-06-04 14:01:34 | DEBUG    |   Batch  400/672 | Loss: 0.4466
2026-06-04 14:01:36 | DEBUG    |   Batch  410/672 | Loss: 0.5453
2026-06-04 14:01:38 | DEBUG    |   Batch  420/672 | Loss: 0.5752
2026-06-04 14:01:41 | DEBUG    |   Batch  430/672 | Loss: 0.5485
2026-06-04 14:01:43 | DEBUG    |   Batch  440/672 | Loss: 0.5156
2026-06-04 14:01:46 | DEBUG    |   Batch  450/672 | Loss: 0.4158
2026-06-04 14:01:48 | DEBUG    |   Batch  460/672 | Loss: 0.5418
2026-06-04 14:01:50 | DEBUG    |   Batch  470/672 | Loss: 0.4819
2026-06-04 14:01:53 | DEBUG    |   Batch  480/672 | Loss: 0.4416
2026-06-04 14:01:55 | DEBUG    |   Batch  490/672 | Loss: 0.5582
2026-06-04 14:01:58 | DEBUG    |   Batch  500/672 | Loss: 0.5036
2026-06-04 14:02:00 | DEBUG    |   Batch  510/672 | Loss: 0.4132
2026-06-04 14:02:02 | DEBUG    |   Batch  520/672 | Loss: 0.4267
2026-06-04 14:02:05 | DEBUG    |   Batch  530/672 | Loss: 0.4286
2026-06-04 14:02:07 | DEBUG    |   Batch  540/672 | Loss: 0.4600
2026-06-04 14:02:10 | DEBUG    |   Batch  550/672 | Loss: 0.4873
2026-06-04 14:02:12 | DEBUG    |   Batch  560/672 | Loss: 0.4355
2026-06-04 14:02:14 | DEBUG    |   Batch  570/672 | Loss: 0.4543
2026-06-04 14:02:17 | DEBUG    |   Batch  580/672 | Loss: 0.4185
2026-06-04 14:02:19 | DEBUG    |   Batch  590/672 | Loss: 0.4407
2026-06-04 14:02:22 | DEBUG    |   Batch  600/672 | Loss: 0.4589
2026-06-04 14:02:24 | DEBUG    |   Batch  610/672 | Loss: 0.5738
2026-06-04 14:02:26 | DEBUG    |   Batch  620/672 | Loss: 0.4289
2026-06-04 14:02:29 | DEBUG    |   Batch  630/672 | Loss: 0.4326
2026-06-04 14:02:31 | DEBUG    |   Batch  640/672 | Loss: 0.4707
2026-06-04 14:02:34 | DEBUG    |   Batch  650/672 | Loss: 0.4365
2026-06-04 14:02:36 | DEBUG    |   Batch  660/672 | Loss: 0.4679
2026-06-04 14:02:38 | DEBUG    |   Batch  670/672 | Loss: 0.4586
2026-06-04 14:02:47 | INFO     |   Train Loss: 0.4820 | Val Loss: 0.5295 | Mean Dice: 0.0131
2026-06-04 14:02:47 | INFO     |   Dice NCR/ED/ET: 0.0020 / 0.0274 / 0.0099
2026-06-04 14:02:47 | INFO     |   Time: 170.1s | Elapsed: 1.04h | ETA: 13h 8m | LR: 9.87e-05
2026-06-04 14:02:47 | INFO     | ------------------------------------------------------------
2026-06-04 14:02:47 | INFO     | Epoch 23/300
2026-06-04 14:02:48 | DEBUG    |   Batch    0/672 | Loss: 0.4496
2026-06-04 14:02:50 | DEBUG    |   Batch   10/672 | Loss: 0.4825
2026-06-04 14:02:53 | DEBUG    |   Batch   20/672 | Loss: 0.4536
2026-06-04 14:02:55 | DEBUG    |   Batch   30/672 | Loss: 0.4965
2026-06-04 14:02:57 | DEBUG    |   Batch   40/672 | Loss: 0.4693
2026-06-04 14:03:00 | DEBUG    |   Batch   50/672 | Loss: 0.4777
2026-06-04 14:03:02 | DEBUG    |   Batch   60/672 | Loss: 0.4707
2026-06-04 14:03:05 | DEBUG    |   Batch   70/672 | Loss: 0.5632
2026-06-04 14:03:07 | DEBUG    |   Batch   80/672 | Loss: 0.4806
2026-06-04 14:03:09 | DEBUG    |   Batch   90/672 | Loss: 0.4943
2026-06-04 14:03:12 | DEBUG    |   Batch  100/672 | Loss: 0.4482
2026-06-04 14:03:14 | DEBUG    |   Batch  110/672 | Loss: 0.5112
2026-06-04 14:03:17 | DEBUG    |   Batch  120/672 | Loss: 0.4915
2026-06-04 14:03:19 | DEBUG    |   Batch  130/672 | Loss: 0.4015
2026-06-04 14:03:21 | DEBUG    |   Batch  140/672 | Loss: 0.5398
2026-06-04 14:03:24 | DEBUG    |   Batch  150/672 | Loss: 0.4514
2026-06-04 14:03:26 | DEBUG    |   Batch  160/672 | Loss: 0.4883
2026-06-04 14:03:29 | DEBUG    |   Batch  170/672 | Loss: 0.5394
2026-06-04 14:03:31 | DEBUG    |   Batch  180/672 | Loss: 0.6080
2026-06-04 14:03:33 | DEBUG    |   Batch  190/672 | Loss: 0.5089
2026-06-04 14:03:36 | DEBUG    |   Batch  200/672 | Loss: 0.5326
2026-06-04 14:03:38 | DEBUG    |   Batch  210/672 | Loss: 0.5644
2026-06-04 14:03:41 | DEBUG    |   Batch  220/672 | Loss: 0.4793
2026-06-04 14:03:43 | DEBUG    |   Batch  230/672 | Loss: 0.4532
2026-06-04 14:03:45 | DEBUG    |   Batch  240/672 | Loss: 0.4744
2026-06-04 14:03:48 | DEBUG    |   Batch  250/672 | Loss: 0.5766
2026-06-04 14:03:50 | DEBUG    |   Batch  260/672 | Loss: 0.4738
2026-06-04 14:03:53 | DEBUG    |   Batch  270/672 | Loss: 0.4335
2026-06-04 14:03:55 | DEBUG    |   Batch  280/672 | Loss: 0.4582
2026-06-04 14:03:57 | DEBUG    |   Batch  290/672 | Loss: 0.4117
2026-06-04 14:04:00 | DEBUG    |   Batch  300/672 | Loss: 0.4760
2026-06-04 14:04:02 | DEBUG    |   Batch  310/672 | Loss: 0.5014
2026-06-04 14:04:05 | DEBUG    |   Batch  320/672 | Loss: 0.4429
2026-06-04 14:04:07 | DEBUG    |   Batch  330/672 | Loss: 0.4282
2026-06-04 14:04:09 | DEBUG    |   Batch  340/672 | Loss: 0.4171
2026-06-04 14:04:12 | DEBUG    |   Batch  350/672 | Loss: 0.4017
2026-06-04 14:04:14 | DEBUG    |   Batch  360/672 | Loss: 0.4936
2026-06-04 14:04:16 | DEBUG    |   Batch  370/672 | Loss: 0.4251
2026-06-04 14:04:19 | DEBUG    |   Batch  380/672 | Loss: 0.4725
2026-06-04 14:04:21 | DEBUG    |   Batch  390/672 | Loss: 0.4387
2026-06-04 14:04:24 | DEBUG    |   Batch  400/672 | Loss: 0.4651
2026-06-04 14:04:26 | DEBUG    |   Batch  410/672 | Loss: 0.5270
2026-06-04 14:04:28 | DEBUG    |   Batch  420/672 | Loss: 0.4854
2026-06-04 14:04:31 | DEBUG    |   Batch  430/672 | Loss: 0.3949
2026-06-04 14:04:33 | DEBUG    |   Batch  440/672 | Loss: 0.4462
2026-06-04 14:04:36 | DEBUG    |   Batch  450/672 | Loss: 0.5542
2026-06-04 14:04:38 | DEBUG    |   Batch  460/672 | Loss: 0.4591
2026-06-04 14:04:40 | DEBUG    |   Batch  470/672 | Loss: 0.4338
2026-06-04 14:04:43 | DEBUG    |   Batch  480/672 | Loss: 0.4073
2026-06-04 14:04:45 | DEBUG    |   Batch  490/672 | Loss: 0.4452
2026-06-04 14:04:48 | DEBUG    |   Batch  500/672 | Loss: 0.5285
2026-06-04 14:04:50 | DEBUG    |   Batch  510/672 | Loss: 0.4091
2026-06-04 14:04:52 | DEBUG    |   Batch  520/672 | Loss: 0.5565
2026-06-04 14:04:55 | DEBUG    |   Batch  530/672 | Loss: 0.4835
2026-06-04 14:04:57 | DEBUG    |   Batch  540/672 | Loss: 0.6468
2026-06-04 14:05:00 | DEBUG    |   Batch  550/672 | Loss: 0.5802
2026-06-04 14:05:02 | DEBUG    |   Batch  560/672 | Loss: 0.4512
2026-06-04 14:05:04 | DEBUG    |   Batch  570/672 | Loss: 0.5150
2026-06-04 14:05:07 | DEBUG    |   Batch  580/672 | Loss: 0.4806
2026-06-04 14:05:09 | DEBUG    |   Batch  590/672 | Loss: 0.3992
2026-06-04 14:05:12 | DEBUG    |   Batch  600/672 | Loss: 0.4042
2026-06-04 14:05:14 | DEBUG    |   Batch  610/672 | Loss: 0.4495
2026-06-04 14:05:16 | DEBUG    |   Batch  620/672 | Loss: 0.4397
2026-06-04 14:05:19 | DEBUG    |   Batch  630/672 | Loss: 0.4446
2026-06-04 14:05:21 | DEBUG    |   Batch  640/672 | Loss: 0.4001
2026-06-04 14:05:24 | DEBUG    |   Batch  650/672 | Loss: 0.5166
2026-06-04 14:05:26 | DEBUG    |   Batch  660/672 | Loss: 0.4315
2026-06-04 14:05:28 | DEBUG    |   Batch  670/672 | Loss: 0.5423
2026-06-04 14:05:37 | INFO     |   Train Loss: 0.4800 | Val Loss: 0.5216 | Mean Dice: 0.0131
2026-06-04 14:05:37 | INFO     |   Dice NCR/ED/ET: 0.0020 / 0.0274 / 0.0099
2026-06-04 14:05:37 | INFO     |   Time: 170.0s | Elapsed: 1.09h | ETA: 13h 5m | LR: 9.86e-05
2026-06-04 14:05:37 | INFO     | ------------------------------------------------------------
2026-06-04 14:05:37 | INFO     | Epoch 24/300
2026-06-04 14:05:38 | DEBUG    |   Batch    0/672 | Loss: 0.4893
2026-06-04 14:05:40 | DEBUG    |   Batch   10/672 | Loss: 0.4090
2026-06-04 14:05:43 | DEBUG    |   Batch   20/672 | Loss: 0.4400
2026-06-04 14:05:45 | DEBUG    |   Batch   30/672 | Loss: 0.4211
2026-06-04 14:05:47 | DEBUG    |   Batch   40/672 | Loss: 0.4401
2026-06-04 14:05:50 | DEBUG    |   Batch   50/672 | Loss: 0.4988
2026-06-04 14:05:52 | DEBUG    |   Batch   60/672 | Loss: 0.4431
2026-06-04 14:05:55 | DEBUG    |   Batch   70/672 | Loss: 0.4124
2026-06-04 14:05:57 | DEBUG    |   Batch   80/672 | Loss: 0.5153
2026-06-04 14:05:59 | DEBUG    |   Batch   90/672 | Loss: 0.4877
2026-06-04 14:06:02 | DEBUG    |   Batch  100/672 | Loss: 0.4241
2026-06-04 14:06:04 | DEBUG    |   Batch  110/672 | Loss: 0.4006
2026-06-04 14:06:07 | DEBUG    |   Batch  120/672 | Loss: 0.4329
2026-06-04 14:06:09 | DEBUG    |   Batch  130/672 | Loss: 0.4111
2026-06-04 14:06:11 | DEBUG    |   Batch  140/672 | Loss: 0.4977
2026-06-04 14:06:14 | DEBUG    |   Batch  150/672 | Loss: 0.5077
2026-06-04 14:06:16 | DEBUG    |   Batch  160/672 | Loss: 0.4358
2026-06-04 14:06:19 | DEBUG    |   Batch  170/672 | Loss: 0.5030
2026-06-04 14:06:21 | DEBUG    |   Batch  180/672 | Loss: 0.4203
2026-06-04 14:06:23 | DEBUG    |   Batch  190/672 | Loss: 0.4293
2026-06-04 14:06:26 | DEBUG    |   Batch  200/672 | Loss: 0.4765
2026-06-04 14:06:28 | DEBUG    |   Batch  210/672 | Loss: 0.4039
2026-06-04 14:06:31 | DEBUG    |   Batch  220/672 | Loss: 0.4202
2026-06-04 14:06:33 | DEBUG    |   Batch  230/672 | Loss: 0.6036
2026-06-04 14:06:35 | DEBUG    |   Batch  240/672 | Loss: 0.4670
2026-06-04 14:06:38 | DEBUG    |   Batch  250/672 | Loss: 0.4817
2026-06-04 14:06:40 | DEBUG    |   Batch  260/672 | Loss: 0.6217
2026-06-04 14:06:43 | DEBUG    |   Batch  270/672 | Loss: 0.4417
2026-06-04 14:06:45 | DEBUG    |   Batch  280/672 | Loss: 0.5783
2026-06-04 14:06:47 | DEBUG    |   Batch  290/672 | Loss: 0.4296
2026-06-04 14:06:50 | DEBUG    |   Batch  300/672 | Loss: 0.4567
2026-06-04 14:06:52 | DEBUG    |   Batch  310/672 | Loss: 0.4170
2026-06-04 14:06:55 | DEBUG    |   Batch  320/672 | Loss: 0.4781
2026-06-04 14:06:57 | DEBUG    |   Batch  330/672 | Loss: 0.5360
2026-06-04 14:06:59 | DEBUG    |   Batch  340/672 | Loss: 0.3953
2026-06-04 14:07:02 | DEBUG    |   Batch  350/672 | Loss: 0.5380
2026-06-04 14:07:04 | DEBUG    |   Batch  360/672 | Loss: 0.4219
2026-06-04 14:07:07 | DEBUG    |   Batch  370/672 | Loss: 0.4416
2026-06-04 14:07:09 | DEBUG    |   Batch  380/672 | Loss: 0.5661
2026-06-04 14:07:11 | DEBUG    |   Batch  390/672 | Loss: 0.4142
2026-06-04 14:07:14 | DEBUG    |   Batch  400/672 | Loss: 0.4261
2026-06-04 14:07:16 | DEBUG    |   Batch  410/672 | Loss: 0.4638
2026-06-04 14:07:19 | DEBUG    |   Batch  420/672 | Loss: 0.4309
2026-06-04 14:07:21 | DEBUG    |   Batch  430/672 | Loss: 0.4773
2026-06-04 14:07:23 | DEBUG    |   Batch  440/672 | Loss: 0.4448
2026-06-04 14:07:26 | DEBUG    |   Batch  450/672 | Loss: 0.5159
2026-06-04 14:07:28 | DEBUG    |   Batch  460/672 | Loss: 0.4679
2026-06-04 14:07:31 | DEBUG    |   Batch  470/672 | Loss: 0.4724
2026-06-04 14:07:33 | DEBUG    |   Batch  480/672 | Loss: 0.4428
2026-06-04 14:07:35 | DEBUG    |   Batch  490/672 | Loss: 0.4644
2026-06-04 14:07:38 | DEBUG    |   Batch  500/672 | Loss: 0.4425
2026-06-04 14:07:40 | DEBUG    |   Batch  510/672 | Loss: 0.4776
2026-06-04 14:07:43 | DEBUG    |   Batch  520/672 | Loss: 0.4492
2026-06-04 14:07:45 | DEBUG    |   Batch  530/672 | Loss: 0.4780
2026-06-04 14:07:47 | DEBUG    |   Batch  540/672 | Loss: 0.4883
2026-06-04 14:07:50 | DEBUG    |   Batch  550/672 | Loss: 0.6164
2026-06-04 14:07:52 | DEBUG    |   Batch  560/672 | Loss: 0.4515
2026-06-04 14:07:54 | DEBUG    |   Batch  570/672 | Loss: 0.5713
2026-06-04 14:07:57 | DEBUG    |   Batch  580/672 | Loss: 0.5174
2026-06-04 14:07:59 | DEBUG    |   Batch  590/672 | Loss: 0.5239
2026-06-04 14:08:02 | DEBUG    |   Batch  600/672 | Loss: 0.4416
2026-06-04 14:08:04 | DEBUG    |   Batch  610/672 | Loss: 0.5682
2026-06-04 14:08:06 | DEBUG    |   Batch  620/672 | Loss: 0.4576
2026-06-04 14:08:09 | DEBUG    |   Batch  630/672 | Loss: 0.6068
2026-06-04 14:08:11 | DEBUG    |   Batch  640/672 | Loss: 0.5767
2026-06-04 14:08:14 | DEBUG    |   Batch  650/672 | Loss: 0.5612
2026-06-04 14:08:16 | DEBUG    |   Batch  660/672 | Loss: 0.4110
2026-06-04 14:08:18 | DEBUG    |   Batch  670/672 | Loss: 0.4130
2026-06-04 14:08:27 | INFO     |   Train Loss: 0.4768 | Val Loss: 0.5321 | Mean Dice: 0.0131
2026-06-04 14:08:27 | INFO     |   Dice NCR/ED/ET: 0.0020 / 0.0274 / 0.0099
2026-06-04 14:08:27 | INFO     |   Time: 170.1s | Elapsed: 1.13h | ETA: 13h 2m | LR: 9.84e-05
2026-06-04 14:08:27 | INFO     | ------------------------------------------------------------
2026-06-04 14:08:27 | INFO     | Epoch 25/300
2026-06-04 14:08:28 | DEBUG    |   Batch    0/672 | Loss: 0.4532
2026-06-04 14:08:30 | DEBUG    |   Batch   10/672 | Loss: 0.4514
2026-06-04 14:08:33 | DEBUG    |   Batch   20/672 | Loss: 0.5588
2026-06-04 14:08:35 | DEBUG    |   Batch   30/672 | Loss: 0.4336
2026-06-04 14:08:37 | DEBUG    |   Batch   40/672 | Loss: 0.5933
2026-06-04 14:08:40 | DEBUG    |   Batch   50/672 | Loss: 0.4507
2026-06-04 14:08:42 | DEBUG    |   Batch   60/672 | Loss: 0.5458
2026-06-04 14:08:45 | DEBUG    |   Batch   70/672 | Loss: 0.4418
2026-06-04 14:08:47 | DEBUG    |   Batch   80/672 | Loss: 0.5584
2026-06-04 14:08:49 | DEBUG    |   Batch   90/672 | Loss: 0.4060
2026-06-04 14:08:52 | DEBUG    |   Batch  100/672 | Loss: 0.4315
2026-06-04 14:08:54 | DEBUG    |   Batch  110/672 | Loss: 0.4285
2026-06-04 14:08:57 | DEBUG    |   Batch  120/672 | Loss: 0.4271
2026-06-04 14:08:59 | DEBUG    |   Batch  130/672 | Loss: 0.5698
2026-06-04 14:09:01 | DEBUG    |   Batch  140/672 | Loss: 0.5911
2026-06-04 14:09:04 | DEBUG    |   Batch  150/672 | Loss: 0.4526
2026-06-04 14:09:06 | DEBUG    |   Batch  160/672 | Loss: 0.4744
2026-06-04 14:09:09 | DEBUG    |   Batch  170/672 | Loss: 0.4814
2026-06-04 14:09:11 | DEBUG    |   Batch  180/672 | Loss: 0.4869
2026-06-04 14:09:13 | DEBUG    |   Batch  190/672 | Loss: 0.4935
2026-06-04 14:09:16 | DEBUG    |   Batch  200/672 | Loss: 0.5432
2026-06-04 14:09:18 | DEBUG    |   Batch  210/672 | Loss: 0.4201
2026-06-04 14:09:21 | DEBUG    |   Batch  220/672 | Loss: 0.4460
2026-06-04 14:09:23 | DEBUG    |   Batch  230/672 | Loss: 0.4113
2026-06-04 14:09:25 | DEBUG    |   Batch  240/672 | Loss: 0.4498
2026-06-04 14:09:28 | DEBUG    |   Batch  250/672 | Loss: 0.4364
2026-06-04 14:09:30 | DEBUG    |   Batch  260/672 | Loss: 0.5355
2026-06-04 14:09:33 | DEBUG    |   Batch  270/672 | Loss: 0.4616
2026-06-04 14:09:35 | DEBUG    |   Batch  280/672 | Loss: 0.4116
2026-06-04 14:09:37 | DEBUG    |   Batch  290/672 | Loss: 0.4201
2026-06-04 14:09:40 | DEBUG    |   Batch  300/672 | Loss: 0.4088
2026-06-04 14:09:42 | DEBUG    |   Batch  310/672 | Loss: 0.4600
2026-06-04 14:09:45 | DEBUG    |   Batch  320/672 | Loss: 0.6723
2026-06-04 14:09:47 | DEBUG    |   Batch  330/672 | Loss: 0.4493
2026-06-04 14:09:49 | DEBUG    |   Batch  340/672 | Loss: 0.7131
2026-06-04 14:09:52 | DEBUG    |   Batch  350/672 | Loss: 0.4358
2026-06-04 14:09:54 | DEBUG    |   Batch  360/672 | Loss: 0.4494
2026-06-04 14:09:57 | DEBUG    |   Batch  370/672 | Loss: 0.4243
2026-06-04 14:09:59 | DEBUG    |   Batch  380/672 | Loss: 0.4617
2026-06-04 14:10:01 | DEBUG    |   Batch  390/672 | Loss: 0.4844
2026-06-04 14:10:04 | DEBUG    |   Batch  400/672 | Loss: 0.4534
2026-06-04 14:10:06 | DEBUG    |   Batch  410/672 | Loss: 0.6690
2026-06-04 14:10:09 | DEBUG    |   Batch  420/672 | Loss: 0.4388
2026-06-04 14:10:11 | DEBUG    |   Batch  430/672 | Loss: 0.4590
2026-06-04 14:10:13 | DEBUG    |   Batch  440/672 | Loss: 0.4298
2026-06-04 14:10:16 | DEBUG    |   Batch  450/672 | Loss: 0.4581
2026-06-04 14:10:18 | DEBUG    |   Batch  460/672 | Loss: 0.4721
2026-06-04 14:10:21 | DEBUG    |   Batch  470/672 | Loss: 0.4213
2026-06-04 14:10:23 | DEBUG    |   Batch  480/672 | Loss: 0.4456
2026-06-04 14:10:25 | DEBUG    |   Batch  490/672 | Loss: 0.4516
2026-06-04 14:10:28 | DEBUG    |   Batch  500/672 | Loss: 0.5540
2026-06-04 14:10:30 | DEBUG    |   Batch  510/672 | Loss: 0.4277
2026-06-04 14:10:33 | DEBUG    |   Batch  520/672 | Loss: 0.4777
2026-06-04 14:10:35 | DEBUG    |   Batch  530/672 | Loss: 0.4721
2026-06-04 14:10:37 | DEBUG    |   Batch  540/672 | Loss: 0.4057
2026-06-04 14:10:40 | DEBUG    |   Batch  550/672 | Loss: 0.5212
2026-06-04 14:10:42 | DEBUG    |   Batch  560/672 | Loss: 0.5100
2026-06-04 14:10:45 | DEBUG    |   Batch  570/672 | Loss: 0.4731
2026-06-04 14:10:47 | DEBUG    |   Batch  580/672 | Loss: 0.6100
2026-06-04 14:10:49 | DEBUG    |   Batch  590/672 | Loss: 0.4439
2026-06-04 14:10:52 | DEBUG    |   Batch  600/672 | Loss: 0.3951
2026-06-04 14:10:54 | DEBUG    |   Batch  610/672 | Loss: 0.4919
2026-06-04 14:10:57 | DEBUG    |   Batch  620/672 | Loss: 0.4373
2026-06-04 14:10:59 | DEBUG    |   Batch  630/672 | Loss: 0.4982
2026-06-04 14:11:01 | DEBUG    |   Batch  640/672 | Loss: 0.4042
2026-06-04 14:11:04 | DEBUG    |   Batch  650/672 | Loss: 0.4555
2026-06-04 14:11:06 | DEBUG    |   Batch  660/672 | Loss: 0.4288
2026-06-04 14:11:09 | DEBUG    |   Batch  670/672 | Loss: 0.5052
2026-06-04 14:11:17 | INFO     |   Train Loss: 0.4778 | Val Loss: 0.5248 | Mean Dice: 0.0131
2026-06-04 14:11:17 | INFO     |   Dice NCR/ED/ET: 0.0020 / 0.0274 / 0.0099
2026-06-04 14:11:17 | INFO     |   Time: 170.1s | Elapsed: 1.18h | ETA: 12h 59m | LR: 9.83e-05
2026-06-04 14:11:17 | INFO     | ------------------------------------------------------------
2026-06-04 14:11:17 | INFO     | Epoch 26/300
2026-06-04 14:11:18 | DEBUG    |   Batch    0/672 | Loss: 0.4827
2026-06-04 14:11:20 | DEBUG    |   Batch   10/672 | Loss: 0.4288
2026-06-04 14:11:23 | DEBUG    |   Batch   20/672 | Loss: 0.6016
2026-06-04 14:11:25 | DEBUG    |   Batch   30/672 | Loss: 0.3991
2026-06-04 14:11:28 | DEBUG    |   Batch   40/672 | Loss: 0.4266
2026-06-04 14:11:30 | DEBUG    |   Batch   50/672 | Loss: 0.5456
2026-06-04 14:11:32 | DEBUG    |   Batch   60/672 | Loss: 0.4952
2026-06-04 14:11:35 | DEBUG    |   Batch   70/672 | Loss: 0.5018
2026-06-04 14:11:37 | DEBUG    |   Batch   80/672 | Loss: 0.5096
2026-06-04 14:11:40 | DEBUG    |   Batch   90/672 | Loss: 0.4747
2026-06-04 14:11:42 | DEBUG    |   Batch  100/672 | Loss: 0.4256
2026-06-04 14:11:44 | DEBUG    |   Batch  110/672 | Loss: 0.3855
2026-06-04 14:11:47 | DEBUG    |   Batch  120/672 | Loss: 0.4232
2026-06-04 14:11:49 | DEBUG    |   Batch  130/672 | Loss: 0.4682
2026-06-04 14:11:52 | DEBUG    |   Batch  140/672 | Loss: 0.4245
2026-06-04 14:11:54 | DEBUG    |   Batch  150/672 | Loss: 0.4954
2026-06-04 14:11:56 | DEBUG    |   Batch  160/672 | Loss: 0.4125
2026-06-04 14:11:59 | DEBUG    |   Batch  170/672 | Loss: 0.4986
2026-06-04 14:12:01 | DEBUG    |   Batch  180/672 | Loss: 0.5037
2026-06-04 14:12:04 | DEBUG    |   Batch  190/672 | Loss: 0.5845
2026-06-04 14:12:06 | DEBUG    |   Batch  200/672 | Loss: 0.5777
2026-06-04 14:12:08 | DEBUG    |   Batch  210/672 | Loss: 0.4317
2026-06-04 14:12:11 | DEBUG    |   Batch  220/672 | Loss: 0.5778
2026-06-04 14:12:13 | DEBUG    |   Batch  230/672 | Loss: 0.4767
2026-06-04 14:12:16 | DEBUG    |   Batch  240/672 | Loss: 0.6724
2026-06-04 14:12:18 | DEBUG    |   Batch  250/672 | Loss: 0.5555
2026-06-04 14:12:20 | DEBUG    |   Batch  260/672 | Loss: 0.4826
2026-06-04 14:12:23 | DEBUG    |   Batch  270/672 | Loss: 0.4384
2026-06-04 14:12:25 | DEBUG    |   Batch  280/672 | Loss: 0.4061
2026-06-04 14:12:28 | DEBUG    |   Batch  290/672 | Loss: 0.4898
2026-06-04 14:12:30 | DEBUG    |   Batch  300/672 | Loss: 0.4292
2026-06-04 14:12:32 | DEBUG    |   Batch  310/672 | Loss: 0.4364
2026-06-04 14:12:35 | DEBUG    |   Batch  320/672 | Loss: 0.4745
2026-06-04 14:12:37 | DEBUG    |   Batch  330/672 | Loss: 0.4411
2026-06-04 14:12:40 | DEBUG    |   Batch  340/672 | Loss: 0.8234
2026-06-04 14:12:42 | DEBUG    |   Batch  350/672 | Loss: 0.4500
2026-06-04 14:12:44 | DEBUG    |   Batch  360/672 | Loss: 0.4439
2026-06-04 14:12:47 | DEBUG    |   Batch  370/672 | Loss: 0.4508
2026-06-04 14:12:49 | DEBUG    |   Batch  380/672 | Loss: 0.4360
2026-06-04 14:12:52 | DEBUG    |   Batch  390/672 | Loss: 0.6150
2026-06-04 14:12:54 | DEBUG    |   Batch  400/672 | Loss: 0.4475
2026-06-04 14:12:56 | DEBUG    |   Batch  410/672 | Loss: 0.5569
2026-06-04 14:12:59 | DEBUG    |   Batch  420/672 | Loss: 0.4310
2026-06-04 14:13:01 | DEBUG    |   Batch  430/672 | Loss: 0.3961
2026-06-04 14:13:04 | DEBUG    |   Batch  440/672 | Loss: 0.4859
2026-06-04 14:13:06 | DEBUG    |   Batch  450/672 | Loss: 0.4224
2026-06-04 14:13:08 | DEBUG    |   Batch  460/672 | Loss: 0.4308
2026-06-04 14:13:11 | DEBUG    |   Batch  470/672 | Loss: 0.5878
2026-06-04 14:13:13 | DEBUG    |   Batch  480/672 | Loss: 0.4610
2026-06-04 14:13:16 | DEBUG    |   Batch  490/672 | Loss: 0.4389
2026-06-04 14:13:18 | DEBUG    |   Batch  500/672 | Loss: 0.4341
2026-06-04 14:13:20 | DEBUG    |   Batch  510/672 | Loss: 0.4732
2026-06-04 14:13:23 | DEBUG    |   Batch  520/672 | Loss: 0.5216
2026-06-04 14:13:25 | DEBUG    |   Batch  530/672 | Loss: 0.4117
2026-06-04 14:13:28 | DEBUG    |   Batch  540/672 | Loss: 0.5056
2026-06-04 14:13:30 | DEBUG    |   Batch  550/672 | Loss: 0.4933
2026-06-04 14:13:32 | DEBUG    |   Batch  560/672 | Loss: 0.4704
2026-06-04 14:13:35 | DEBUG    |   Batch  570/672 | Loss: 0.4612
2026-06-04 14:13:37 | DEBUG    |   Batch  580/672 | Loss: 0.5197
2026-06-04 14:13:40 | DEBUG    |   Batch  590/672 | Loss: 0.4257
2026-06-04 14:13:42 | DEBUG    |   Batch  600/672 | Loss: 0.5032
2026-06-04 14:13:44 | DEBUG    |   Batch  610/672 | Loss: 0.4499
2026-06-04 14:13:47 | DEBUG    |   Batch  620/672 | Loss: 0.5581
2026-06-04 14:13:49 | DEBUG    |   Batch  630/672 | Loss: 0.5525
2026-06-04 14:13:52 | DEBUG    |   Batch  640/672 | Loss: 0.3952
2026-06-04 14:13:54 | DEBUG    |   Batch  650/672 | Loss: 0.4585
2026-06-04 14:13:56 | DEBUG    |   Batch  660/672 | Loss: 0.7325
2026-06-04 14:13:59 | DEBUG    |   Batch  670/672 | Loss: 0.4626
2026-06-04 14:14:07 | INFO     |   Train Loss: 0.4793 | Val Loss: 0.5416 | Mean Dice: 0.0131
2026-06-04 14:14:07 | INFO     |   Dice NCR/ED/ET: 0.0020 / 0.0274 / 0.0099
2026-06-04 14:14:07 | INFO     |   Time: 170.0s | Elapsed: 1.23h | ETA: 12h 57m | LR: 9.82e-05
2026-06-04 14:14:07 | INFO     | ------------------------------------------------------------
2026-06-04 14:14:07 | INFO     | Epoch 27/300
2026-06-04 14:14:08 | DEBUG    |   Batch    0/672 | Loss: 0.5184
2026-06-04 14:14:10 | DEBUG    |   Batch   10/672 | Loss: 0.4495
2026-06-04 14:14:13 | DEBUG    |   Batch   20/672 | Loss: 0.5589
2026-06-04 14:14:15 | DEBUG    |   Batch   30/672 | Loss: 0.5032
2026-06-04 14:14:18 | DEBUG    |   Batch   40/672 | Loss: 0.4850
2026-06-04 14:14:20 | DEBUG    |   Batch   50/672 | Loss: 0.4580
2026-06-04 14:14:22 | DEBUG    |   Batch   60/672 | Loss: 0.5277
2026-06-04 14:14:25 | DEBUG    |   Batch   70/672 | Loss: 0.4559
2026-06-04 14:14:27 | DEBUG    |   Batch   80/672 | Loss: 0.5836
2026-06-04 14:14:30 | DEBUG    |   Batch   90/672 | Loss: 0.6460
2026-06-04 14:14:32 | DEBUG    |   Batch  100/672 | Loss: 0.4355
2026-06-04 14:14:34 | DEBUG    |   Batch  110/672 | Loss: 0.5839
2026-06-04 14:14:37 | DEBUG    |   Batch  120/672 | Loss: 0.4607
2026-06-04 14:14:39 | DEBUG    |   Batch  130/672 | Loss: 0.4307
2026-06-04 14:14:42 | DEBUG    |   Batch  140/672 | Loss: 0.4669
2026-06-04 14:14:44 | DEBUG    |   Batch  150/672 | Loss: 0.4155
2026-06-04 14:14:46 | DEBUG    |   Batch  160/672 | Loss: 0.4533
2026-06-04 14:14:49 | DEBUG    |   Batch  170/672 | Loss: 0.6631
2026-06-04 14:14:51 | DEBUG    |   Batch  180/672 | Loss: 0.4130
2026-06-04 14:14:54 | DEBUG    |   Batch  190/672 | Loss: 0.4440
2026-06-04 14:14:56 | DEBUG    |   Batch  200/672 | Loss: 0.4744
2026-06-04 14:14:58 | DEBUG    |   Batch  210/672 | Loss: 0.4471
2026-06-04 14:15:01 | DEBUG    |   Batch  220/672 | Loss: 0.4927
2026-06-04 14:15:03 | DEBUG    |   Batch  230/672 | Loss: 0.4888
2026-06-04 14:15:06 | DEBUG    |   Batch  240/672 | Loss: 0.4534
2026-06-04 14:15:08 | DEBUG    |   Batch  250/672 | Loss: 0.4188
2026-06-04 14:15:10 | DEBUG    |   Batch  260/672 | Loss: 0.5337
2026-06-04 14:15:13 | DEBUG    |   Batch  270/672 | Loss: 0.4343
2026-06-04 14:15:15 | DEBUG    |   Batch  280/672 | Loss: 0.4046
2026-06-04 14:15:18 | DEBUG    |   Batch  290/672 | Loss: 0.4430
2026-06-04 14:15:20 | DEBUG    |   Batch  300/672 | Loss: 0.3908
2026-06-04 14:15:22 | DEBUG    |   Batch  310/672 | Loss: 0.4827
2026-06-04 14:15:25 | DEBUG    |   Batch  320/672 | Loss: 0.4365
2026-06-04 14:15:27 | DEBUG    |   Batch  330/672 | Loss: 0.4918
2026-06-04 14:15:30 | DEBUG    |   Batch  340/672 | Loss: 0.4224
2026-06-04 14:15:32 | DEBUG    |   Batch  350/672 | Loss: 0.3864
2026-06-04 14:15:34 | DEBUG    |   Batch  360/672 | Loss: 0.5139
2026-06-04 14:15:37 | DEBUG    |   Batch  370/672 | Loss: 0.5075
2026-06-04 14:15:39 | DEBUG    |   Batch  380/672 | Loss: 0.5048
2026-06-04 14:15:42 | DEBUG    |   Batch  390/672 | Loss: 0.4316
2026-06-04 14:15:44 | DEBUG    |   Batch  400/672 | Loss: 0.5476
2026-06-04 14:15:46 | DEBUG    |   Batch  410/672 | Loss: 0.4411
2026-06-04 14:15:49 | DEBUG    |   Batch  420/672 | Loss: 0.4992
2026-06-04 14:15:51 | DEBUG    |   Batch  430/672 | Loss: 0.4444
2026-06-04 14:15:54 | DEBUG    |   Batch  440/672 | Loss: 0.4352
2026-06-04 14:15:56 | DEBUG    |   Batch  450/672 | Loss: 0.4814
2026-06-04 14:15:58 | DEBUG    |   Batch  460/672 | Loss: 0.4389
2026-06-04 14:16:01 | DEBUG    |   Batch  470/672 | Loss: 0.4317
2026-06-04 14:16:03 | DEBUG    |   Batch  480/672 | Loss: 0.4430
2026-06-04 14:16:06 | DEBUG    |   Batch  490/672 | Loss: 0.4487
2026-06-04 14:16:08 | DEBUG    |   Batch  500/672 | Loss: 0.4754
2026-06-04 14:16:10 | DEBUG    |   Batch  510/672 | Loss: 0.4389
2026-06-04 14:16:13 | DEBUG    |   Batch  520/672 | Loss: 0.5109
2026-06-04 14:16:15 | DEBUG    |   Batch  530/672 | Loss: 0.4679
2026-06-04 14:16:18 | DEBUG    |   Batch  540/672 | Loss: 0.4321
2026-06-04 14:16:20 | DEBUG    |   Batch  550/672 | Loss: 0.4328
2026-06-04 14:16:22 | DEBUG    |   Batch  560/672 | Loss: 0.4849
2026-06-04 14:16:25 | DEBUG    |   Batch  570/672 | Loss: 0.4759
2026-06-04 14:16:27 | DEBUG    |   Batch  580/672 | Loss: 0.4148
2026-06-04 14:16:30 | DEBUG    |   Batch  590/672 | Loss: 0.4342
2026-06-04 14:16:32 | DEBUG    |   Batch  600/672 | Loss: 0.4275
2026-06-04 14:16:34 | DEBUG    |   Batch  610/672 | Loss: 0.4177
2026-06-04 14:16:37 | DEBUG    |   Batch  620/672 | Loss: 0.4813
2026-06-04 14:16:39 | DEBUG    |   Batch  630/672 | Loss: 0.4425
2026-06-04 14:16:42 | DEBUG    |   Batch  640/672 | Loss: 0.4614
2026-06-04 14:16:44 | DEBUG    |   Batch  650/672 | Loss: 0.4717
2026-06-04 14:16:46 | DEBUG    |   Batch  660/672 | Loss: 0.4520
2026-06-04 14:16:49 | DEBUG    |   Batch  670/672 | Loss: 0.5018
2026-06-04 14:16:58 | INFO     |   Train Loss: 0.4756 | Val Loss: 0.5254 | Mean Dice: 0.0131
2026-06-04 14:16:58 | INFO     |   Dice NCR/ED/ET: 0.0020 / 0.0274 / 0.0099
2026-06-04 14:16:58 | INFO     |   Time: 170.1s | Elapsed: 1.28h | ETA: 12h 54m | LR: 9.80e-05
2026-06-04 14:16:58 | INFO     | ------------------------------------------------------------
2026-06-04 14:16:58 | INFO     | Epoch 28/300
2026-06-04 14:16:58 | DEBUG    |   Batch    0/672 | Loss: 0.6874
2026-06-04 14:17:01 | DEBUG    |   Batch   10/672 | Loss: 0.6148
2026-06-04 14:17:03 | DEBUG    |   Batch   20/672 | Loss: 0.4630
2026-06-04 14:17:05 | DEBUG    |   Batch   30/672 | Loss: 0.4320
2026-06-04 14:17:08 | DEBUG    |   Batch   40/672 | Loss: 0.4919
2026-06-04 14:17:10 | DEBUG    |   Batch   50/672 | Loss: 0.4294
2026-06-04 14:17:13 | DEBUG    |   Batch   60/672 | Loss: 0.5260
2026-06-04 14:17:15 | DEBUG    |   Batch   70/672 | Loss: 0.5189
2026-06-04 14:17:17 | DEBUG    |   Batch   80/672 | Loss: 0.4651
2026-06-04 14:17:20 | DEBUG    |   Batch   90/672 | Loss: 0.4754
2026-06-04 14:17:22 | DEBUG    |   Batch  100/672 | Loss: 0.4596
2026-06-04 14:17:25 | DEBUG    |   Batch  110/672 | Loss: 0.5453
2026-06-04 14:17:27 | DEBUG    |   Batch  120/672 | Loss: 0.4550
2026-06-04 14:17:29 | DEBUG    |   Batch  130/672 | Loss: 0.4137
2026-06-04 14:17:32 | DEBUG    |   Batch  140/672 | Loss: 0.3820
2026-06-04 14:17:34 | DEBUG    |   Batch  150/672 | Loss: 0.5007
2026-06-04 14:17:37 | DEBUG    |   Batch  160/672 | Loss: 0.4934
2026-06-04 14:17:39 | DEBUG    |   Batch  170/672 | Loss: 0.4707
2026-06-04 14:17:41 | DEBUG    |   Batch  180/672 | Loss: 0.4701
2026-06-04 14:17:44 | DEBUG    |   Batch  190/672 | Loss: 0.4527
2026-06-04 14:17:46 | DEBUG    |   Batch  200/672 | Loss: 0.4651
2026-06-04 14:17:49 | DEBUG    |   Batch  210/672 | Loss: 0.4359
2026-06-04 14:17:51 | DEBUG    |   Batch  220/672 | Loss: 0.4548
2026-06-04 14:17:53 | DEBUG    |   Batch  230/672 | Loss: 0.4149
2026-06-04 14:17:56 | DEBUG    |   Batch  240/672 | Loss: 0.4309
2026-06-04 14:17:58 | DEBUG    |   Batch  250/672 | Loss: 0.4865
2026-06-04 14:18:01 | DEBUG    |   Batch  260/672 | Loss: 0.4555
2026-06-04 14:18:03 | DEBUG    |   Batch  270/672 | Loss: 0.4646
2026-06-04 14:18:05 | DEBUG    |   Batch  280/672 | Loss: 0.4194
2026-06-04 14:18:08 | DEBUG    |   Batch  290/672 | Loss: 0.3977
2026-06-04 14:18:10 | DEBUG    |   Batch  300/672 | Loss: 0.4378
2026-06-04 14:18:12 | DEBUG    |   Batch  310/672 | Loss: 0.4903
2026-06-04 14:18:15 | DEBUG    |   Batch  320/672 | Loss: 0.4245
2026-06-04 14:18:17 | DEBUG    |   Batch  330/672 | Loss: 0.4898
2026-06-04 14:18:20 | DEBUG    |   Batch  340/672 | Loss: 0.5668
2026-06-04 14:18:22 | DEBUG    |   Batch  350/672 | Loss: 0.4320
2026-06-04 14:18:24 | DEBUG    |   Batch  360/672 | Loss: 0.4684
2026-06-04 14:18:27 | DEBUG    |   Batch  370/672 | Loss: 0.5860
2026-06-04 14:18:29 | DEBUG    |   Batch  380/672 | Loss: 0.4109
2026-06-04 14:18:32 | DEBUG    |   Batch  390/672 | Loss: 0.4609
2026-06-04 14:18:34 | DEBUG    |   Batch  400/672 | Loss: 0.4334
2026-06-04 14:18:36 | DEBUG    |   Batch  410/672 | Loss: 0.4347
2026-06-04 14:18:39 | DEBUG    |   Batch  420/672 | Loss: 0.4375
2026-06-04 14:18:41 | DEBUG    |   Batch  430/672 | Loss: 0.4962
2026-06-04 14:18:44 | DEBUG    |   Batch  440/672 | Loss: 0.4729
2026-06-04 14:18:46 | DEBUG    |   Batch  450/672 | Loss: 0.4911
2026-06-04 14:18:48 | DEBUG    |   Batch  460/672 | Loss: 0.5042
2026-06-04 14:18:51 | DEBUG    |   Batch  470/672 | Loss: 0.4574
2026-06-04 14:18:53 | DEBUG    |   Batch  480/672 | Loss: 0.4528
2026-06-04 14:18:56 | DEBUG    |   Batch  490/672 | Loss: 0.5802
2026-06-04 14:18:58 | DEBUG    |   Batch  500/672 | Loss: 0.5341
2026-06-04 14:19:00 | DEBUG    |   Batch  510/672 | Loss: 0.5593
2026-06-10 09:54:46 | INFO     | Log file: /home/mci/arsyadl/mmsk/results/baseline1_unet_dice/train.log
2026-06-10 09:54:46 | INFO     | Device         : cuda:0
2026-06-10 09:54:46 | INFO     | Model          : Standard 3D U-Net (MONAI)
2026-06-10 09:54:46 | INFO     | Loss           : Dice  [Baseline 1]
2026-06-10 09:54:46 | INFO     | out_channels   : 5
2026-06-10 09:54:46 | INFO     | Label space    : BraTS 2024 raw {0,1,2,3,4}
2026-06-10 09:54:46 | INFO     | Output dir     : /home/mci/arsyadl/mmsk/results/baseline1_unet_dice
2026-06-10 09:54:46 | INFO     | Total parameters: 4,750,810
2026-06-10 09:54:46 | INFO     | Pre-flight: validating .npz files ...
2026-06-10 09:54:46 | INFO     | [Validation] Scanning 1344 .npz files ...
2026-06-10 09:54:47 | DEBUG    |   [1/1344] OK: BraTS-GLI-00005-100.npz
2026-06-10 09:54:57 | DEBUG    |   [101/1344] OK: BraTS-GLI-02066-101.npz
2026-06-10 09:55:07 | DEBUG    |   [201/1344] OK: BraTS-GLI-02103-100.npz
2026-06-10 09:55:18 | DEBUG    |   [301/1344] OK: BraTS-GLI-02145-100.npz
2026-06-10 09:55:28 | DEBUG    |   [401/1344] OK: BraTS-GLI-02194-100.npz
2026-06-10 09:55:38 | DEBUG    |   [501/1344] OK: BraTS-GLI-02236-101.npz
2026-06-10 09:55:49 | DEBUG    |   [601/1344] OK: BraTS-GLI-02315-100.npz
2026-06-10 09:55:59 | DEBUG    |   [701/1344] OK: BraTS-GLI-02549-100.npz
2026-06-10 10:10:54 | INFO     | Log file: /home/mci/arsyadl/mmsk/results/baseline1_unet_dice/train.log
2026-06-10 10:10:54 | INFO     | Device       : cuda:0
2026-06-10 10:10:54 | INFO     | Model        : Standard 3D U-Net (MONAI)
2026-06-10 10:10:54 | INFO     | Loss         : Dice  [Baseline 1]
2026-06-10 10:10:54 | INFO     | out_channels : 5  labels {0,1,2,3,4}
2026-06-10 10:10:54 | INFO     | Parameters   : 4,750,810
2026-06-10 10:10:54 | WARNING  | FLOPs: neither fvcore nor thop available. Install with: pip install fvcore  OR  pip install thop
2026-06-10 10:10:54 | INFO     | [Validation] Scanning 1344 .npz files ...
2026-06-10 10:10:54 | DEBUG    |   [1/1344] OK: BraTS-GLI-00005-100.npz
2026-06-10 10:11:05 | DEBUG    |   [101/1344] OK: BraTS-GLI-02066-101.npz
2026-06-10 10:11:14 | DEBUG    |   [201/1344] OK: BraTS-GLI-02103-100.npz
2026-06-10 10:11:24 | DEBUG    |   [301/1344] OK: BraTS-GLI-02145-100.npz
2026-06-10 10:11:34 | DEBUG    |   [401/1344] OK: BraTS-GLI-02194-100.npz
2026-06-10 10:11:44 | DEBUG    |   [501/1344] OK: BraTS-GLI-02236-101.npz
2026-06-10 10:11:54 | DEBUG    |   [601/1344] OK: BraTS-GLI-02315-100.npz
2026-06-10 10:12:04 | DEBUG    |   [701/1344] OK: BraTS-GLI-02549-100.npz
2026-06-22 13:45:59 | INFO     | Log file: /home/mci/arsyadl/mmsk/results/baseline1_unet_dice/train.log
2026-06-22 13:46:00 | INFO     | VRAM cap       : 16 GB / 51 GB (fraction=0.315)
2026-06-22 13:46:00 | INFO     | Device         : cuda:0
2026-06-22 13:46:00 | INFO     | Model          : Standard 3D U-Net (MONAI)
2026-06-22 13:46:00 | INFO     | Loss           : Dice  [Baseline 1]
2026-06-22 13:46:00 | INFO     | out_channels   : 5
2026-06-22 13:46:00 | INFO     | Label space    : BraTS 2024 raw {0,1,2,3,4}
2026-06-22 13:46:00 | INFO     | Output dir     : /home/mci/arsyadl/mmsk/results/baseline1_unet_dice
2026-06-22 13:46:00 | INFO     | Total parameters: 4,750,810
2026-06-22 13:46:00 | INFO     | AMP             : ON
2026-06-22 13:46:00 | WARNING  | FLOPs: skipped — fvcore/thop unavailable or incompatible (compiled model?). Set to -1.0.
2026-06-22 13:46:00 | INFO     | Pre-flight: validating .npz files ...
2026-06-22 13:46:00 | INFO     | [Validation] Scanning 1344 .npz files ...
2026-06-22 13:46:00 | DEBUG    |   [1/1344] OK: BraTS-GLI-00005-100.npz
2026-06-22 13:46:10 | DEBUG    |   [101/1344] OK: BraTS-GLI-02066-101.npz
2026-06-22 13:46:21 | DEBUG    |   [201/1344] OK: BraTS-GLI-02103-100.npz
2026-06-22 13:46:30 | WARNING  | [CORRUPT] BraTS-GLI-02138-101.npz -> Bad CRC-32 for file 'images.npy'
2026-06-22 13:46:31 | DEBUG    |   [301/1344] OK: BraTS-GLI-02145-100.npz
2026-06-22 13:46:41 | DEBUG    |   [401/1344] OK: BraTS-GLI-02194-100.npz
2026-06-22 13:46:51 | DEBUG    |   [501/1344] OK: BraTS-GLI-02236-101.npz
2026-06-22 13:47:02 | DEBUG    |   [601/1344] OK: BraTS-GLI-02315-100.npz
2026-06-22 13:47:12 | DEBUG    |   [701/1344] OK: BraTS-GLI-02549-100.npz
2026-06-22 13:47:23 | DEBUG    |   [801/1344] OK: BraTS-GLI-02736-101.npz
2026-06-22 13:47:33 | DEBUG    |   [901/1344] OK: BraTS-GLI-02793-100.npz
2026-06-22 13:47:44 | DEBUG    |   [1001/1344] OK: BraTS-GLI-02851-100.npz
2026-06-22 13:47:55 | DEBUG    |   [1101/1344] OK: BraTS-GLI-02902-100.npz
2026-06-22 13:48:05 | DEBUG    |   [1201/1344] OK: BraTS-GLI-02961-100.npz
2026-06-22 13:48:16 | DEBUG    |   [1301/1344] OK: BraTS-GLI-03026-100.npz
2026-06-22 13:48:21 | INFO     | [Validation] 1343 healthy, 1 dropped.
2026-06-22 13:48:21 | WARNING  |   x /home/mci/arsyadl/braTS/preprocessed/BraTS-GLI-02138-101.npz  (Bad CRC-32 for file 'images.npy')
2026-06-22 13:48:21 | INFO     | [Validation] Scanning 269 .npz files ...
2026-06-22 13:48:21 | DEBUG    |   [1/269] OK: BraTS-GLI-02405-100.npz
2026-06-22 13:48:31 | DEBUG    |   [101/269] OK: BraTS-GLI-02507-101.npz
2026-06-22 13:48:41 | DEBUG    |   [201/269] OK: BraTS-GLI-02584-101.npz
2026-06-22 13:48:48 | INFO     | [Validation] 269 healthy, 0 dropped.
2026-06-22 13:48:48 | INFO     | Probing batch_size=4, accum_steps=1 ...
2026-06-22 13:48:50 | INFO     | Probe OK — bs=4, accum=1, effective_batch=4
2026-06-22 13:48:50 | INFO     | Train batches  : 335 (bs=4)
2026-06-22 13:48:50 | INFO     | Val batches    : 269
2026-06-22 13:48:50 | INFO     | Accum steps    : 1 (effective batch=4)
2026-06-22 13:48:50 | INFO     | Starting training for 300 epochs
2026-06-22 13:48:50 | INFO     | =================================================================
2026-06-22 13:48:50 | INFO     | Epoch 1/300
2026-06-22 13:48:51 | DEBUG    |   Batch    0/335 | Loss: 0.9948
2026-06-22 13:48:52 | DEBUG    |   Batch   10/335 | Loss: 0.9926
2026-06-22 13:48:54 | DEBUG    |   Batch   20/335 | Loss: 0.9892
2026-06-22 13:48:56 | DEBUG    |   Batch   30/335 | Loss: 0.9727
2026-06-22 13:48:57 | DEBUG    |   Batch   40/335 | Loss: 0.9532
2026-06-22 13:48:59 | DEBUG    |   Batch   50/335 | Loss: 0.9788
2026-06-22 13:49:00 | DEBUG    |   Batch   60/335 | Loss: 0.9572
2026-06-22 13:49:02 | DEBUG    |   Batch   70/335 | Loss: 0.9616
2026-06-22 13:49:03 | DEBUG    |   Batch   80/335 | Loss: 0.9651
2026-06-22 13:49:05 | DEBUG    |   Batch   90/335 | Loss: 0.9572
2026-06-22 13:49:06 | DEBUG    |   Batch  100/335 | Loss: 0.9414
2026-06-22 13:49:08 | DEBUG    |   Batch  110/335 | Loss: 0.9559
2026-06-22 13:49:10 | DEBUG    |   Batch  120/335 | Loss: 0.9160
2026-06-22 13:49:11 | DEBUG    |   Batch  130/335 | Loss: 0.9054
2026-06-22 13:49:13 | DEBUG    |   Batch  140/335 | Loss: 0.9457
2026-06-22 13:49:14 | DEBUG    |   Batch  150/335 | Loss: 0.9179
2026-06-22 13:49:16 | DEBUG    |   Batch  160/335 | Loss: 0.9368
2026-06-22 13:49:17 | DEBUG    |   Batch  170/335 | Loss: 0.8866
2026-06-22 13:49:19 | DEBUG    |   Batch  180/335 | Loss: 0.9129
2026-06-22 13:49:20 | DEBUG    |   Batch  190/335 | Loss: 0.9063
2026-06-22 13:49:22 | DEBUG    |   Batch  200/335 | Loss: 0.9117
2026-06-22 13:49:24 | DEBUG    |   Batch  210/335 | Loss: 0.9034
2026-06-22 13:49:25 | DEBUG    |   Batch  220/335 | Loss: 0.8259
2026-06-22 13:49:27 | DEBUG    |   Batch  230/335 | Loss: 0.8600
2026-06-22 13:49:28 | DEBUG    |   Batch  240/335 | Loss: 0.8938
2026-06-22 13:49:30 | DEBUG    |   Batch  250/335 | Loss: 0.8796
2026-06-22 13:49:31 | DEBUG    |   Batch  260/335 | Loss: 0.9104
2026-06-22 13:49:33 | DEBUG    |   Batch  270/335 | Loss: 0.8236
2026-06-22 13:49:34 | DEBUG    |   Batch  280/335 | Loss: 0.8645
2026-06-22 13:49:36 | DEBUG    |   Batch  290/335 | Loss: 0.8177
2026-06-22 13:49:38 | DEBUG    |   Batch  300/335 | Loss: 0.8000
2026-06-22 13:49:39 | DEBUG    |   Batch  310/335 | Loss: 0.8356
2026-06-22 13:49:41 | DEBUG    |   Batch  320/335 | Loss: 0.8443
2026-06-22 13:49:42 | DEBUG    |   Batch  330/335 | Loss: 0.8844
2026-06-22 13:57:47 | INFO     | Inference time: 25.0 ms/volume (avg over 10 passes)
2026-06-22 13:57:47 | INFO     |   Train Loss: 0.9083 | Val Loss: 0.8519 | Mean DSC: 0.2350
2026-06-22 13:57:47 | INFO     |   DSC   NCR/ED/NET/ET : 0.0003 / 0.7274 / 0.0049 / 0.2074
2026-06-22 13:57:47 | INFO     |   HD95  NCR/ED/NET/ET : 103.77 / 19.73 / 93.76 / 56.89  mm
2026-06-22 13:57:47 | INFO     |   Sens  NCR/ED/NET/ET : 0.0418 / 0.7951 / 0.3278 / 0.6198
2026-06-22 13:57:47 | INFO     |   Prec  NCR/ED/NET/ET : 0.0001 / 0.6703 / 0.0025 / 0.1245
2026-06-22 13:57:47 | INFO     |   Time: 537.4s | Elapsed: 0.15h | ETA: 44h 38m | LR: 1.00e-04
2026-06-22 13:57:47 | INFO     |   ✓ New best model saved (DSC: 0.2350)
2026-06-22 13:57:47 | INFO     | -----------------------------------------------------------------
2026-06-22 13:57:47 | INFO     | Epoch 2/300
2026-06-22 13:57:48 | DEBUG    |   Batch    0/335 | Loss: 0.7954
2026-06-22 13:57:50 | DEBUG    |   Batch   10/335 | Loss: 0.8197
2026-06-22 13:57:51 | DEBUG    |   Batch   20/335 | Loss: 0.7207
2026-06-22 13:57:53 | DEBUG    |   Batch   30/335 | Loss: 0.7240
2026-06-22 13:57:54 | DEBUG    |   Batch   40/335 | Loss: 0.8255
2026-06-22 13:57:56 | DEBUG    |   Batch   50/335 | Loss: 0.7763
2026-06-22 13:57:58 | DEBUG    |   Batch   60/335 | Loss: 0.7972
2026-06-22 13:57:59 | DEBUG    |   Batch   70/335 | Loss: 0.7799
2026-06-22 13:58:01 | DEBUG    |   Batch   80/335 | Loss: 0.8076
2026-06-22 13:58:02 | DEBUG    |   Batch   90/335 | Loss: 0.8001
2026-06-22 13:58:04 | DEBUG    |   Batch  100/335 | Loss: 0.7630
2026-06-22 13:58:05 | DEBUG    |   Batch  110/335 | Loss: 0.7543
2026-06-22 13:58:07 | DEBUG    |   Batch  120/335 | Loss: 0.7595
2026-06-22 13:58:08 | DEBUG    |   Batch  130/335 | Loss: 0.7289
2026-06-22 13:58:10 | DEBUG    |   Batch  140/335 | Loss: 0.7688
2026-06-22 13:58:11 | DEBUG    |   Batch  150/335 | Loss: 0.8051
2026-06-22 13:58:13 | DEBUG    |   Batch  160/335 | Loss: 0.6833
2026-06-22 13:58:15 | DEBUG    |   Batch  170/335 | Loss: 0.7170
2026-06-22 13:58:16 | DEBUG    |   Batch  180/335 | Loss: 0.7444
2026-06-22 13:58:18 | DEBUG    |   Batch  190/335 | Loss: 0.8125
2026-06-22 13:58:19 | DEBUG    |   Batch  200/335 | Loss: 0.7356
2026-06-22 13:58:21 | DEBUG    |   Batch  210/335 | Loss: 0.7636
2026-06-22 13:58:22 | DEBUG    |   Batch  220/335 | Loss: 0.8051
2026-06-22 13:58:24 | DEBUG    |   Batch  230/335 | Loss: 0.7541
2026-06-22 13:58:25 | DEBUG    |   Batch  240/335 | Loss: 0.8503
2026-06-22 13:58:27 | DEBUG    |   Batch  250/335 | Loss: 0.7444
2026-06-22 13:58:29 | DEBUG    |   Batch  260/335 | Loss: 0.6988
2026-06-22 13:58:30 | DEBUG    |   Batch  270/335 | Loss: 0.7454
2026-06-22 13:58:32 | DEBUG    |   Batch  280/335 | Loss: 0.7697
2026-06-22 13:58:33 | DEBUG    |   Batch  290/335 | Loss: 0.6803
2026-06-22 13:58:35 | DEBUG    |   Batch  300/335 | Loss: 0.7188
2026-06-22 13:58:36 | DEBUG    |   Batch  310/335 | Loss: 0.6575
2026-06-22 13:58:38 | DEBUG    |   Batch  320/335 | Loss: 0.7219
2026-06-22 13:58:39 | DEBUG    |   Batch  330/335 | Loss: 0.7498
2026-06-22 14:07:12 | INFO     |   Train Loss: 0.7721 | Val Loss: 0.7875 | Mean DSC: 0.2948
2026-06-22 14:07:12 | INFO     |   DSC   NCR/ED/NET/ET : 0.0001 / 0.7740 / 0.0041 / 0.4010
2026-06-22 14:07:12 | INFO     |   HD95  NCR/ED/NET/ET : 105.07 / 13.44 / 94.55 / 21.01  mm
2026-06-22 14:07:12 | INFO     |   Sens  NCR/ED/NET/ET : 0.0062 / 0.7542 / 0.3217 / 0.4111
2026-06-22 14:07:12 | INFO     |   Prec  NCR/ED/NET/ET : 0.0000 / 0.7949 / 0.0020 / 0.3914
2026-06-22 14:07:12 | INFO     |   Time: 564.6s | Elapsed: 0.31h | ETA: 45h 36m | LR: 1.00e-04
2026-06-22 14:07:12 | INFO     |   ✓ New best model saved (DSC: 0.2948)
2026-06-22 14:07:12 | INFO     | -----------------------------------------------------------------
2026-06-22 14:07:12 | INFO     | Epoch 3/300
2026-06-22 14:07:13 | DEBUG    |   Batch    0/335 | Loss: 0.8163
2026-06-22 14:07:14 | DEBUG    |   Batch   10/335 | Loss: 0.8039
2026-06-22 14:07:16 | DEBUG    |   Batch   20/335 | Loss: 0.7339
2026-06-22 14:07:18 | DEBUG    |   Batch   30/335 | Loss: 0.6656
2026-06-22 14:07:19 | DEBUG    |   Batch   40/335 | Loss: 0.6738
2026-06-22 14:07:21 | DEBUG    |   Batch   50/335 | Loss: 0.6580
2026-06-22 14:07:22 | DEBUG    |   Batch   60/335 | Loss: 0.7814
2026-06-22 14:07:24 | DEBUG    |   Batch   70/335 | Loss: 0.7255
2026-06-22 14:07:25 | DEBUG    |   Batch   80/335 | Loss: 0.6908
2026-06-22 14:07:27 | DEBUG    |   Batch   90/335 | Loss: 0.7397
2026-06-22 14:07:28 | DEBUG    |   Batch  100/335 | Loss: 0.6836
2026-06-22 14:07:30 | DEBUG    |   Batch  110/335 | Loss: 0.6735
2026-06-22 14:07:32 | DEBUG    |   Batch  120/335 | Loss: 0.7900
2026-06-22 14:07:33 | DEBUG    |   Batch  130/335 | Loss: 0.7152
2026-06-22 14:07:35 | DEBUG    |   Batch  140/335 | Loss: 0.7302
2026-06-22 14:07:36 | DEBUG    |   Batch  150/335 | Loss: 0.6367
2026-06-22 14:07:38 | DEBUG    |   Batch  160/335 | Loss: 0.6640
2026-06-22 14:07:39 | DEBUG    |   Batch  170/335 | Loss: 0.7056
2026-06-22 14:07:41 | DEBUG    |   Batch  180/335 | Loss: 0.7206
2026-06-22 14:07:42 | DEBUG    |   Batch  190/335 | Loss: 0.7160
2026-06-22 14:07:44 | DEBUG    |   Batch  200/335 | Loss: 0.7240
2026-06-22 14:07:46 | DEBUG    |   Batch  210/335 | Loss: 0.6813
2026-06-22 14:07:47 | DEBUG    |   Batch  220/335 | Loss: 0.6347
2026-06-22 14:07:49 | DEBUG    |   Batch  230/335 | Loss: 0.7347
2026-06-22 14:07:50 | DEBUG    |   Batch  240/335 | Loss: 0.6644
2026-06-22 14:07:52 | DEBUG    |   Batch  250/335 | Loss: 0.7228
2026-06-22 14:07:53 | DEBUG    |   Batch  260/335 | Loss: 0.7634
2026-06-22 14:07:55 | DEBUG    |   Batch  270/335 | Loss: 0.6798
2026-06-22 14:07:56 | DEBUG    |   Batch  280/335 | Loss: 0.6650
2026-06-22 14:07:58 | DEBUG    |   Batch  290/335 | Loss: 0.6225
2026-06-22 14:07:59 | DEBUG    |   Batch  300/335 | Loss: 0.7489
2026-06-22 14:08:01 | DEBUG    |   Batch  310/335 | Loss: 0.7593
2026-06-22 14:08:03 | DEBUG    |   Batch  320/335 | Loss: 0.6971
2026-06-22 14:08:04 | DEBUG    |   Batch  330/335 | Loss: 0.6915
2026-06-22 14:16:47 | INFO     |   Train Loss: 0.7172 | Val Loss: 0.7625 | Mean DSC: 0.3350
2026-06-22 14:16:47 | INFO     |   DSC   NCR/ED/NET/ET : 0.0048 / 0.7914 / 0.0049 / 0.5390
2026-06-22 14:16:47 | INFO     |   HD95  NCR/ED/NET/ET : 104.21 / 14.70 / 95.23 / 21.18  mm
2026-06-22 14:16:47 | INFO     |   Sens  NCR/ED/NET/ET : 0.0165 / 0.7876 / 0.4189 / 0.5213
2026-06-22 14:16:47 | INFO     |   Prec  NCR/ED/NET/ET : 0.0028 / 0.7952 / 0.0025 / 0.5579
2026-06-22 14:16:47 | INFO     |   Time: 575.0s | Elapsed: 0.47h | ETA: 46h 7m | LR: 1.00e-04
2026-06-22 14:16:47 | INFO     |   ✓ New best model saved (DSC: 0.3350)
2026-06-22 14:16:47 | INFO     | -----------------------------------------------------------------
2026-06-22 14:16:47 | INFO     | Epoch 4/300
2026-06-22 14:16:48 | DEBUG    |   Batch    0/335 | Loss: 0.7334
2026-06-22 14:16:50 | DEBUG    |   Batch   10/335 | Loss: 0.7100
2026-06-22 14:16:51 | DEBUG    |   Batch   20/335 | Loss: 0.7069
2026-06-22 14:16:53 | DEBUG    |   Batch   30/335 | Loss: 0.7037
2026-06-22 14:16:54 | DEBUG    |   Batch   40/335 | Loss: 0.7324
2026-06-22 14:16:56 | DEBUG    |   Batch   50/335 | Loss: 0.6812
2026-06-22 14:16:57 | DEBUG    |   Batch   60/335 | Loss: 0.5955
2026-06-22 14:16:59 | DEBUG    |   Batch   70/335 | Loss: 0.6562
2026-06-22 14:17:00 | DEBUG    |   Batch   80/335 | Loss: 0.7961
2026-06-22 14:17:02 | DEBUG    |   Batch   90/335 | Loss: 0.6837
2026-06-22 14:17:04 | DEBUG    |   Batch  100/335 | Loss: 0.6738
2026-06-22 14:17:05 | DEBUG    |   Batch  110/335 | Loss: 0.6686
2026-06-22 14:17:07 | DEBUG    |   Batch  120/335 | Loss: 0.7379
2026-06-22 14:17:08 | DEBUG    |   Batch  130/335 | Loss: 0.6392
2026-06-22 14:17:10 | DEBUG    |   Batch  140/335 | Loss: 0.7184
2026-06-22 14:17:11 | DEBUG    |   Batch  150/335 | Loss: 0.7978
2026-06-22 14:17:13 | DEBUG    |   Batch  160/335 | Loss: 0.6572
2026-06-22 14:17:14 | DEBUG    |   Batch  170/335 | Loss: 0.7055
2026-06-22 14:17:16 | DEBUG    |   Batch  180/335 | Loss: 0.6663
2026-06-22 14:17:17 | DEBUG    |   Batch  190/335 | Loss: 0.7122
2026-06-22 14:17:19 | DEBUG    |   Batch  200/335 | Loss: 0.6755
2026-06-22 14:17:21 | DEBUG    |   Batch  210/335 | Loss: 0.7181
2026-06-22 14:17:22 | DEBUG    |   Batch  220/335 | Loss: 0.7220
2026-06-22 14:17:24 | DEBUG    |   Batch  230/335 | Loss: 0.7573
2026-06-22 14:17:25 | DEBUG    |   Batch  240/335 | Loss: 0.7049
2026-06-22 14:17:27 | DEBUG    |   Batch  250/335 | Loss: 0.7817
2026-06-22 14:17:28 | DEBUG    |   Batch  260/335 | Loss: 0.6088
2026-06-22 14:17:30 | DEBUG    |   Batch  270/335 | Loss: 0.6506
2026-06-22 14:17:31 | DEBUG    |   Batch  280/335 | Loss: 0.6414
2026-06-22 14:17:33 | DEBUG    |   Batch  290/335 | Loss: 0.6076
2026-06-22 14:17:35 | DEBUG    |   Batch  300/335 | Loss: 0.7921
2026-06-22 14:17:36 | DEBUG    |   Batch  310/335 | Loss: 0.6465
2026-06-22 14:17:38 | DEBUG    |   Batch  320/335 | Loss: 0.6332
2026-06-22 14:17:39 | DEBUG    |   Batch  330/335 | Loss: 0.6671
2026-06-22 14:26:20 | INFO     |   Train Loss: 0.7025 | Val Loss: 0.7559 | Mean DSC: 0.3568
2026-06-22 14:26:20 | INFO     |   DSC   NCR/ED/NET/ET : 0.0290 / 0.7955 / 0.0050 / 0.5976
2026-06-22 14:26:20 | INFO     |   HD95  NCR/ED/NET/ET : 95.75 / 16.67 / 95.24 / 18.26  mm
2026-06-22 14:26:20 | INFO     |   Sens  NCR/ED/NET/ET : 0.0403 / 0.8290 / 0.4250 / 0.5588
2026-06-22 14:26:20 | INFO     |   Prec  NCR/ED/NET/ET : 0.0227 / 0.7647 / 0.0025 / 0.6422
2026-06-22 14:26:20 | INFO     |   Time: 573.3s | Elapsed: 0.63h | ETA: 46h 15m | LR: 1.00e-04
2026-06-22 14:26:20 | INFO     |   ✓ New best model saved (DSC: 0.3568)
2026-06-22 14:26:20 | INFO     | -----------------------------------------------------------------
2026-06-22 14:26:20 | INFO     | Epoch 5/300
2026-06-22 14:26:21 | DEBUG    |   Batch    0/335 | Loss: 0.6422
2026-06-22 14:26:23 | DEBUG    |   Batch   10/335 | Loss: 0.7090
2026-06-22 14:26:25 | DEBUG    |   Batch   20/335 | Loss: 0.6796
2026-06-22 14:26:26 | DEBUG    |   Batch   30/335 | Loss: 0.7394
2026-06-22 14:26:28 | DEBUG    |   Batch   40/335 | Loss: 0.6332
2026-06-22 14:26:29 | DEBUG    |   Batch   50/335 | Loss: 0.6713
2026-06-22 14:26:31 | DEBUG    |   Batch   60/335 | Loss: 0.6209
2026-06-22 14:26:32 | DEBUG    |   Batch   70/335 | Loss: 0.7559
2026-06-22 14:26:34 | DEBUG    |   Batch   80/335 | Loss: 0.7136
2026-06-22 14:26:35 | DEBUG    |   Batch   90/335 | Loss: 0.6872
2026-06-22 14:26:37 | DEBUG    |   Batch  100/335 | Loss: 0.6421
2026-06-22 14:26:38 | DEBUG    |   Batch  110/335 | Loss: 0.6432
2026-06-22 14:26:40 | DEBUG    |   Batch  120/335 | Loss: 0.6665
2026-06-22 14:26:42 | DEBUG    |   Batch  130/335 | Loss: 0.7407
2026-06-22 14:26:43 | DEBUG    |   Batch  140/335 | Loss: 0.6894
2026-06-22 14:26:45 | DEBUG    |   Batch  150/335 | Loss: 0.6889
2026-06-22 14:26:46 | DEBUG    |   Batch  160/335 | Loss: 0.7534
2026-06-22 14:26:48 | DEBUG    |   Batch  170/335 | Loss: 0.6921
2026-06-22 14:26:49 | DEBUG    |   Batch  180/335 | Loss: 0.6595
2026-06-22 14:26:51 | DEBUG    |   Batch  190/335 | Loss: 0.6908
2026-06-22 14:26:52 | DEBUG    |   Batch  200/335 | Loss: 0.7025
2026-06-22 14:26:54 | DEBUG    |   Batch  210/335 | Loss: 0.7030
2026-06-22 14:26:56 | DEBUG    |   Batch  220/335 | Loss: 0.6485
2026-06-22 14:26:57 | DEBUG    |   Batch  230/335 | Loss: 0.6055
2026-06-22 14:26:59 | DEBUG    |   Batch  240/335 | Loss: 0.6440
2026-06-22 14:27:00 | DEBUG    |   Batch  250/335 | Loss: 0.6453
2026-06-22 14:27:02 | DEBUG    |   Batch  260/335 | Loss: 0.6400
2026-06-22 14:27:03 | DEBUG    |   Batch  270/335 | Loss: 0.6069
2026-06-22 14:27:05 | DEBUG    |   Batch  280/335 | Loss: 0.6760
2026-06-22 14:27:06 | DEBUG    |   Batch  290/335 | Loss: 0.7839
2026-06-22 14:27:08 | DEBUG    |   Batch  300/335 | Loss: 0.6640
2026-06-22 14:27:09 | DEBUG    |   Batch  310/335 | Loss: 0.7048
2026-06-22 14:27:11 | DEBUG    |   Batch  320/335 | Loss: 0.6920
2026-06-22 14:27:13 | DEBUG    |   Batch  330/335 | Loss: 0.6330
2026-06-22 14:35:53 | INFO     |   Train Loss: 0.6893 | Val Loss: 0.7505 | Mean DSC: 0.3543
2026-06-22 14:35:53 | INFO     |   DSC   NCR/ED/NET/ET : 0.0540 / 0.7891 / 0.0049 / 0.5691
2026-06-22 14:35:53 | INFO     |   HD95  NCR/ED/NET/ET : 28.51 / 16.61 / 95.26 / 19.37  mm
2026-06-22 14:35:53 | INFO     |   Sens  NCR/ED/NET/ET : 0.0693 / 0.8438 / 0.4120 / 0.6484
2026-06-22 14:35:53 | INFO     |   Prec  NCR/ED/NET/ET : 0.0442 / 0.7411 / 0.0024 / 0.5072
2026-06-22 14:35:53 | INFO     |   Time: 572.1s | Elapsed: 0.78h | ETA: 46h 15m | LR: 9.99e-05
2026-06-22 14:35:53 | INFO     | -----------------------------------------------------------------
2026-06-22 14:35:53 | INFO     | Epoch 6/300
2026-06-22 14:35:53 | DEBUG    |   Batch    0/335 | Loss: 0.7085
2026-06-22 14:35:55 | DEBUG    |   Batch   10/335 | Loss: 0.6148
2026-06-22 14:35:57 | DEBUG    |   Batch   20/335 | Loss: 0.6692
2026-06-22 14:35:58 | DEBUG    |   Batch   30/335 | Loss: 0.6892
2026-06-22 14:36:00 | DEBUG    |   Batch   40/335 | Loss: 0.6457
2026-06-22 14:36:01 | DEBUG    |   Batch   50/335 | Loss: 0.6457
2026-06-22 14:36:03 | DEBUG    |   Batch   60/335 | Loss: 0.7036
2026-06-22 14:36:04 | DEBUG    |   Batch   70/335 | Loss: 0.6701
2026-06-22 14:36:06 | DEBUG    |   Batch   80/335 | Loss: 0.6889
2026-06-22 14:36:07 | DEBUG    |   Batch   90/335 | Loss: 0.6619
2026-06-22 14:36:09 | DEBUG    |   Batch  100/335 | Loss: 0.6807
2026-06-22 14:36:11 | DEBUG    |   Batch  110/335 | Loss: 0.6718
2026-06-22 14:36:12 | DEBUG    |   Batch  120/335 | Loss: 0.7372
2026-06-22 14:36:14 | DEBUG    |   Batch  130/335 | Loss: 0.6778
2026-06-22 14:36:15 | DEBUG    |   Batch  140/335 | Loss: 0.6957
2026-06-22 14:36:17 | DEBUG    |   Batch  150/335 | Loss: 0.6977
2026-06-22 14:36:18 | DEBUG    |   Batch  160/335 | Loss: 0.6982
2026-06-22 14:36:20 | DEBUG    |   Batch  170/335 | Loss: 0.6561
2026-06-22 14:36:21 | DEBUG    |   Batch  180/335 | Loss: 0.6896
2026-06-22 14:36:23 | DEBUG    |   Batch  190/335 | Loss: 0.6383
2026-06-22 14:36:24 | DEBUG    |   Batch  200/335 | Loss: 0.7188
2026-06-22 14:36:26 | DEBUG    |   Batch  210/335 | Loss: 0.7126
2026-06-22 14:36:28 | DEBUG    |   Batch  220/335 | Loss: 0.7877
2026-06-22 14:36:29 | DEBUG    |   Batch  230/335 | Loss: 0.6633
2026-06-22 14:36:31 | DEBUG    |   Batch  240/335 | Loss: 0.7664
2026-06-22 14:36:32 | DEBUG    |   Batch  250/335 | Loss: 0.6281
2026-06-22 14:36:34 | DEBUG    |   Batch  260/335 | Loss: 0.7682
2026-06-22 14:36:35 | DEBUG    |   Batch  270/335 | Loss: 0.6353
2026-06-22 14:36:37 | DEBUG    |   Batch  280/335 | Loss: 0.6649
2026-06-22 14:36:38 | DEBUG    |   Batch  290/335 | Loss: 0.7050
2026-06-22 14:36:40 | DEBUG    |   Batch  300/335 | Loss: 0.7667
2026-06-22 14:36:42 | DEBUG    |   Batch  310/335 | Loss: 0.7045
2026-06-22 14:36:43 | DEBUG    |   Batch  320/335 | Loss: 0.7457
2026-06-22 14:36:45 | DEBUG    |   Batch  330/335 | Loss: 0.7201
2026-06-22 14:45:24 | INFO     |   Train Loss: 0.6827 | Val Loss: 0.7406 | Mean DSC: 0.3689
2026-06-22 14:45:24 | INFO     |   DSC   NCR/ED/NET/ET : 0.0708 / 0.8063 / 0.0050 / 0.5933
2026-06-22 14:45:24 | INFO     |   HD95  NCR/ED/NET/ET : 24.31 / 12.08 / 95.24 / 19.90  mm
2026-06-22 14:45:24 | INFO     |   Sens  NCR/ED/NET/ET : 0.1046 / 0.8033 / 0.4224 / 0.6866
2026-06-22 14:45:24 | INFO     |   Prec  NCR/ED/NET/ET : 0.0536 / 0.8093 / 0.0025 / 0.5224
2026-06-22 14:45:24 | INFO     |   Time: 571.9s | Elapsed: 0.94h | ETA: 46h 12m | LR: 9.99e-05
2026-06-22 14:45:24 | INFO     |   ✓ New best model saved (DSC: 0.3689)
2026-06-22 14:45:24 | INFO     | -----------------------------------------------------------------
2026-06-22 14:45:24 | INFO     | Epoch 7/300
2026-06-22 14:45:25 | DEBUG    |   Batch    0/335 | Loss: 0.6502
2026-06-22 14:45:27 | DEBUG    |   Batch   10/335 | Loss: 0.6970
2026-06-22 14:45:29 | DEBUG    |   Batch   20/335 | Loss: 0.6157
2026-06-22 14:45:30 | DEBUG    |   Batch   30/335 | Loss: 0.6495
2026-06-22 14:45:32 | DEBUG    |   Batch   40/335 | Loss: 0.6187
2026-06-22 14:45:33 | DEBUG    |   Batch   50/335 | Loss: 0.6638
2026-06-22 14:45:35 | DEBUG    |   Batch   60/335 | Loss: 0.6601
2026-06-22 14:45:36 | DEBUG    |   Batch   70/335 | Loss: 0.6159
2026-06-22 14:45:38 | DEBUG    |   Batch   80/335 | Loss: 0.7038
2026-06-22 14:45:39 | DEBUG    |   Batch   90/335 | Loss: 0.6871
2026-06-22 14:45:41 | DEBUG    |   Batch  100/335 | Loss: 0.5649
2026-06-22 14:45:42 | DEBUG    |   Batch  110/335 | Loss: 0.6479
2026-06-22 14:45:44 | DEBUG    |   Batch  120/335 | Loss: 0.6088
2026-06-22 14:45:46 | DEBUG    |   Batch  130/335 | Loss: 0.7027
2026-06-22 14:45:47 | DEBUG    |   Batch  140/335 | Loss: 0.6951
2026-06-22 14:45:49 | DEBUG    |   Batch  150/335 | Loss: 0.6629
2026-06-22 14:45:50 | DEBUG    |   Batch  160/335 | Loss: 0.6251
2026-06-22 14:45:52 | DEBUG    |   Batch  170/335 | Loss: 0.6451
2026-06-22 14:45:53 | DEBUG    |   Batch  180/335 | Loss: 0.6801
2026-06-22 14:45:55 | DEBUG    |   Batch  190/335 | Loss: 0.7415
2026-06-22 14:45:56 | DEBUG    |   Batch  200/335 | Loss: 0.7084
2026-06-22 14:45:58 | DEBUG    |   Batch  210/335 | Loss: 0.7170
2026-06-22 14:46:00 | DEBUG    |   Batch  220/335 | Loss: 0.6779
2026-06-22 14:46:01 | DEBUG    |   Batch  230/335 | Loss: 0.6693
2026-06-22 14:46:03 | DEBUG    |   Batch  240/335 | Loss: 0.5903
2026-06-22 14:46:04 | DEBUG    |   Batch  250/335 | Loss: 0.7041
2026-06-22 14:46:06 | DEBUG    |   Batch  260/335 | Loss: 0.6663
2026-06-22 14:46:07 | DEBUG    |   Batch  270/335 | Loss: 0.6730
2026-06-22 14:46:09 | DEBUG    |   Batch  280/335 | Loss: 0.7079
2026-06-22 14:46:10 | DEBUG    |   Batch  290/335 | Loss: 0.7333
2026-06-22 14:46:12 | DEBUG    |   Batch  300/335 | Loss: 0.6536
2026-06-22 14:46:13 | DEBUG    |   Batch  310/335 | Loss: 0.6230
2026-06-22 14:46:15 | DEBUG    |   Batch  320/335 | Loss: 0.6758
2026-06-22 14:46:17 | DEBUG    |   Batch  330/335 | Loss: 0.6182
2026-06-22 14:54:57 | INFO     |   Train Loss: 0.6739 | Val Loss: 0.7298 | Mean DSC: 0.3895
2026-06-22 14:54:57 | INFO     |   DSC   NCR/ED/NET/ET : 0.1166 / 0.8234 / 0.0046 / 0.6134
2026-06-22 14:54:57 | INFO     |   HD95  NCR/ED/NET/ET : 12.77 / 12.15 / 95.24 / 15.84  mm
2026-06-22 14:54:57 | INFO     |   Sens  NCR/ED/NET/ET : 0.1540 / 0.8448 / 0.3931 / 0.5709
2026-06-22 14:54:57 | INFO     |   Prec  NCR/ED/NET/ET : 0.0938 / 0.8031 / 0.0023 / 0.6627
2026-06-22 14:54:57 | INFO     |   Time: 572.4s | Elapsed: 1.10h | ETA: 46h 7m | LR: 9.99e-05
2026-06-22 14:54:57 | INFO     |   ✓ New best model saved (DSC: 0.3895)
2026-06-22 14:54:57 | INFO     | -----------------------------------------------------------------
2026-06-22 14:54:57 | INFO     | Epoch 8/300
2026-06-22 14:54:58 | DEBUG    |   Batch    0/335 | Loss: 0.6373
2026-06-22 14:54:59 | DEBUG    |   Batch   10/335 | Loss: 0.6351
2026-06-22 14:55:01 | DEBUG    |   Batch   20/335 | Loss: 0.6249
2026-06-22 14:55:02 | DEBUG    |   Batch   30/335 | Loss: 0.6773
2026-06-22 14:55:04 | DEBUG    |   Batch   40/335 | Loss: 0.6535
2026-06-22 14:55:05 | DEBUG    |   Batch   50/335 | Loss: 0.6276
2026-06-22 14:55:07 | DEBUG    |   Batch   60/335 | Loss: 0.5751
2026-06-22 14:55:09 | DEBUG    |   Batch   70/335 | Loss: 0.6561
2026-06-22 14:55:10 | DEBUG    |   Batch   80/335 | Loss: 0.6249
2026-06-22 14:55:12 | DEBUG    |   Batch   90/335 | Loss: 0.7288
2026-06-22 14:55:13 | DEBUG    |   Batch  100/335 | Loss: 0.6863
2026-06-22 14:55:15 | DEBUG    |   Batch  110/335 | Loss: 0.6918
2026-06-22 14:55:16 | DEBUG    |   Batch  120/335 | Loss: 0.6397
2026-06-22 14:55:18 | DEBUG    |   Batch  130/335 | Loss: 0.6716
2026-06-22 14:55:19 | DEBUG    |   Batch  140/335 | Loss: 0.6352
2026-06-22 14:55:21 | DEBUG    |   Batch  150/335 | Loss: 0.6568
2026-06-22 14:55:22 | DEBUG    |   Batch  160/335 | Loss: 0.6853
2026-06-22 14:55:24 | DEBUG    |   Batch  170/335 | Loss: 0.7002
2026-06-22 14:55:26 | DEBUG    |   Batch  180/335 | Loss: 0.6674
2026-06-22 14:55:27 | DEBUG    |   Batch  190/335 | Loss: 0.6873
2026-06-22 14:55:29 | DEBUG    |   Batch  200/335 | Loss: 0.6334
2026-06-22 14:55:30 | DEBUG    |   Batch  210/335 | Loss: 0.6571
2026-06-22 14:55:32 | DEBUG    |   Batch  220/335 | Loss: 0.6998
2026-06-22 14:55:33 | DEBUG    |   Batch  230/335 | Loss: 0.6334
2026-06-22 14:55:35 | DEBUG    |   Batch  240/335 | Loss: 0.6897
2026-06-22 14:55:36 | DEBUG    |   Batch  250/335 | Loss: 0.6378
2026-06-22 14:55:38 | DEBUG    |   Batch  260/335 | Loss: 0.6744
2026-06-22 14:55:40 | DEBUG    |   Batch  270/335 | Loss: 0.6397
2026-06-22 14:55:41 | DEBUG    |   Batch  280/335 | Loss: 0.6986
2026-06-22 14:55:43 | DEBUG    |   Batch  290/335 | Loss: 0.5935
2026-06-22 14:55:44 | DEBUG    |   Batch  300/335 | Loss: 0.6519
2026-06-22 14:55:46 | DEBUG    |   Batch  310/335 | Loss: 0.6272
2026-06-22 14:55:47 | DEBUG    |   Batch  320/335 | Loss: 0.6592
2026-06-22 14:55:49 | DEBUG    |   Batch  330/335 | Loss: 0.6938
2026-06-22 16:28:13 | INFO     | Log file: /home/mci/arsyadl/mmsk/results/baseline1_unet_dice/train.log
2026-06-22 16:28:13 | INFO     | VRAM cap       : 16 GB / 51 GB (fraction=0.315)
2026-06-22 16:28:13 | INFO     | Device         : cuda:0
2026-06-22 16:28:13 | INFO     | Model          : Standard 3D U-Net (MONAI)
2026-06-22 16:28:13 | INFO     | Loss           : Dice  [Baseline 1]
2026-06-22 16:28:13 | INFO     | out_channels   : 5
2026-06-22 16:28:13 | INFO     | Label space    : BraTS 2024 raw {0,1,2,3,4}
2026-06-22 16:28:13 | INFO     | Output dir     : /home/mci/arsyadl/mmsk/results/baseline1_unet_dice
2026-06-22 16:28:13 | INFO     | Total parameters: 4,750,810
2026-06-22 16:28:13 | INFO     | AMP             : ON
2026-06-22 16:28:13 | WARNING  | FLOPs: skipped — fvcore/thop unavailable or incompatible (compiled model?). Set to -1.0.
2026-06-22 16:28:13 | INFO     | Pre-flight: validating .npz files ...
2026-06-22 16:28:13 | INFO     | [Validation] Scanning 1344 .npz files ...
2026-06-22 16:28:13 | DEBUG    |   [1/1344] OK: BraTS-GLI-00005-100.npz
2026-06-22 16:28:24 | DEBUG    |   [101/1344] OK: BraTS-GLI-02066-101.npz
2026-06-22 16:28:34 | DEBUG    |   [201/1344] OK: BraTS-GLI-02103-100.npz
2026-06-22 16:28:45 | DEBUG    |   [301/1344] OK: BraTS-GLI-02145-100.npz
2026-06-22 16:28:56 | DEBUG    |   [401/1344] OK: BraTS-GLI-02194-100.npz
2026-06-22 16:29:06 | DEBUG    |   [501/1344] OK: BraTS-GLI-02236-101.npz
2026-06-22 16:29:17 | DEBUG    |   [601/1344] OK: BraTS-GLI-02315-100.npz
2026-06-22 16:29:28 | DEBUG    |   [701/1344] OK: BraTS-GLI-02549-100.npz
2026-06-22 16:29:39 | DEBUG    |   [801/1344] OK: BraTS-GLI-02736-101.npz
2026-06-22 16:29:51 | DEBUG    |   [901/1344] OK: BraTS-GLI-02793-100.npz
2026-06-22 16:30:02 | DEBUG    |   [1001/1344] OK: BraTS-GLI-02851-100.npz
2026-06-22 16:30:13 | DEBUG    |   [1101/1344] OK: BraTS-GLI-02902-100.npz
2026-06-22 16:30:24 | DEBUG    |   [1201/1344] OK: BraTS-GLI-02961-100.npz
2026-06-22 16:30:35 | DEBUG    |   [1301/1344] OK: BraTS-GLI-03026-100.npz
2026-06-22 16:30:40 | INFO     | [Validation] 1344 healthy, 0 dropped.
2026-06-22 16:30:40 | INFO     | [Validation] Scanning 269 .npz files ...
2026-06-22 16:30:40 | DEBUG    |   [1/269] OK: BraTS-GLI-02405-100.npz
2026-06-22 16:30:51 | DEBUG    |   [101/269] OK: BraTS-GLI-02507-101.npz
2026-06-22 16:31:01 | DEBUG    |   [201/269] OK: BraTS-GLI-02584-101.npz
2026-06-22 16:31:08 | INFO     | [Validation] 269 healthy, 0 dropped.
2026-06-22 16:31:08 | INFO     | Probing batch_size=4, accum_steps=1 ...
2026-06-22 16:31:09 | INFO     | Probe OK — bs=4, accum=1, effective_batch=4
2026-06-22 16:31:09 | INFO     | Train batches  : 336 (bs=4)
2026-06-22 16:31:09 | INFO     | Val batches    : 269
2026-06-22 16:31:09 | INFO     | Accum steps    : 1 (effective batch=4)
2026-06-22 16:31:09 | INFO     | Starting training for 300 epochs
2026-06-22 16:31:09 | INFO     | =================================================================
2026-06-22 16:31:09 | INFO     | Resumed from   : best_model.pth | start_epoch=7 | best_dsc=0.3895
2026-06-22 16:31:09 | INFO     | Epoch 8/300
2026-06-22 16:31:10 | DEBUG    |   Batch    0/336 | Loss: 0.5912
2026-06-22 16:31:12 | DEBUG    |   Batch   10/336 | Loss: 0.6976
2026-06-22 16:31:14 | DEBUG    |   Batch   20/336 | Loss: 0.6674
2026-06-22 16:31:15 | DEBUG    |   Batch   30/336 | Loss: 0.8031
2026-06-22 16:31:17 | DEBUG    |   Batch   40/336 | Loss: 0.6416
2026-06-22 16:31:18 | DEBUG    |   Batch   50/336 | Loss: 0.7152
2026-06-22 16:31:20 | DEBUG    |   Batch   60/336 | Loss: 0.7016
2026-06-22 16:31:21 | DEBUG    |   Batch   70/336 | Loss: 0.7037
2026-06-22 16:31:23 | DEBUG    |   Batch   80/336 | Loss: 0.5927
2026-06-22 16:31:25 | DEBUG    |   Batch   90/336 | Loss: 0.7445
2026-06-22 16:31:26 | DEBUG    |   Batch  100/336 | Loss: 0.6556
2026-06-22 16:31:28 | DEBUG    |   Batch  110/336 | Loss: 0.6293
2026-06-22 16:31:29 | DEBUG    |   Batch  120/336 | Loss: 0.7264
2026-06-22 16:31:31 | DEBUG    |   Batch  130/336 | Loss: 0.6417
2026-06-22 16:31:33 | DEBUG    |   Batch  140/336 | Loss: 0.6875
2026-06-22 16:31:35 | DEBUG    |   Batch  150/336 | Loss: 0.6034
2026-06-22 16:31:37 | DEBUG    |   Batch  160/336 | Loss: 0.6252
2026-06-22 16:31:39 | DEBUG    |   Batch  170/336 | Loss: 0.6526
2026-06-22 16:31:41 | DEBUG    |   Batch  180/336 | Loss: 0.6463
2026-06-22 16:31:43 | DEBUG    |   Batch  190/336 | Loss: 0.6374
2026-06-22 16:31:45 | DEBUG    |   Batch  200/336 | Loss: 0.7078
2026-06-22 16:31:47 | DEBUG    |   Batch  210/336 | Loss: 0.7049
2026-06-22 16:31:49 | DEBUG    |   Batch  220/336 | Loss: 0.6530
2026-06-22 16:31:51 | DEBUG    |   Batch  230/336 | Loss: 0.6142
2026-06-22 16:31:53 | DEBUG    |   Batch  240/336 | Loss: 0.6445
2026-06-22 16:31:55 | DEBUG    |   Batch  250/336 | Loss: 0.6099
2026-06-22 16:31:57 | DEBUG    |   Batch  260/336 | Loss: 0.6359
2026-06-22 16:31:59 | DEBUG    |   Batch  270/336 | Loss: 0.6380
2026-06-22 16:32:00 | DEBUG    |   Batch  280/336 | Loss: 0.6368
2026-06-22 16:32:02 | DEBUG    |   Batch  290/336 | Loss: 0.5698
2026-06-22 16:32:04 | DEBUG    |   Batch  300/336 | Loss: 0.6564
2026-06-22 16:32:06 | DEBUG    |   Batch  310/336 | Loss: 0.6441
2026-06-22 16:32:08 | DEBUG    |   Batch  320/336 | Loss: 0.6559
2026-06-22 16:32:10 | DEBUG    |   Batch  330/336 | Loss: 0.6599
2026-06-22 16:40:49 | INFO     | Inference time: 24.9 ms/volume (avg over 10 passes)
2026-06-22 16:40:49 | INFO     |   Train Loss: 0.6671 | Val Loss: 0.7189 | Mean DSC: 0.3995
2026-06-22 16:40:49 | INFO     |   DSC   NCR/ED/NET/ET : 0.1572 / 0.8207 / 0.0047 / 0.6155
2026-06-22 16:40:49 | INFO     |   HD95  NCR/ED/NET/ET : 13.58 / 13.20 / 95.25 / 20.90  mm
2026-06-22 16:40:49 | INFO     |   Sens  NCR/ED/NET/ET : 0.2199 / 0.8373 / 0.3959 / 0.6670
2026-06-22 16:40:49 | INFO     |   Prec  NCR/ED/NET/ET : 0.1224 / 0.8047 / 0.0023 / 0.5713
2026-06-22 16:40:49 | INFO     |   Time: 579.8s | Elapsed: 0.16h | ETA: 47h 2m | LR: 9.98e-05
2026-06-22 16:40:49 | INFO     |   ✓ New best model saved (DSC: 0.3995)
2026-06-22 16:40:49 | INFO     | -----------------------------------------------------------------
2026-06-22 16:40:49 | INFO     | Epoch 9/300
2026-06-22 16:40:50 | DEBUG    |   Batch    0/336 | Loss: 0.6502
2026-06-22 16:40:52 | DEBUG    |   Batch   10/336 | Loss: 0.6464
2026-06-22 16:40:53 | DEBUG    |   Batch   20/336 | Loss: 0.6038
2026-06-22 16:40:55 | DEBUG    |   Batch   30/336 | Loss: 0.6235
2026-06-22 16:40:56 | DEBUG    |   Batch   40/336 | Loss: 0.7170
2026-06-22 16:40:58 | DEBUG    |   Batch   50/336 | Loss: 0.6381
2026-06-22 16:40:59 | DEBUG    |   Batch   60/336 | Loss: 0.6587
2026-06-22 16:41:01 | DEBUG    |   Batch   70/336 | Loss: 0.6210
2026-06-22 16:41:03 | DEBUG    |   Batch   80/336 | Loss: 0.6561
2026-06-22 16:41:04 | DEBUG    |   Batch   90/336 | Loss: 0.6460
2026-06-22 16:41:06 | DEBUG    |   Batch  100/336 | Loss: 0.7050
2026-06-22 16:41:07 | DEBUG    |   Batch  110/336 | Loss: 0.6913
2026-06-22 16:41:09 | DEBUG    |   Batch  120/336 | Loss: 0.7340
2026-06-22 16:41:11 | DEBUG    |   Batch  130/336 | Loss: 0.6501
2026-06-22 16:41:12 | DEBUG    |   Batch  140/336 | Loss: 0.6115
2026-06-22 16:41:14 | DEBUG    |   Batch  150/336 | Loss: 0.7201
2026-06-22 16:41:16 | DEBUG    |   Batch  160/336 | Loss: 0.7501
2026-06-22 16:41:18 | DEBUG    |   Batch  170/336 | Loss: 0.6497
2026-06-22 16:41:20 | DEBUG    |   Batch  180/336 | Loss: 0.6705
2026-06-22 16:41:22 | DEBUG    |   Batch  190/336 | Loss: 0.6287
2026-06-22 16:41:23 | DEBUG    |   Batch  200/336 | Loss: 0.6787
2026-06-22 16:41:25 | DEBUG    |   Batch  210/336 | Loss: 0.6985
2026-06-22 16:41:26 | DEBUG    |   Batch  220/336 | Loss: 0.6957
2026-06-22 16:41:28 | DEBUG    |   Batch  230/336 | Loss: 0.7170
2026-06-22 16:41:29 | DEBUG    |   Batch  240/336 | Loss: 0.6870
2026-06-22 16:41:31 | DEBUG    |   Batch  250/336 | Loss: 0.7125
2026-06-22 16:41:33 | DEBUG    |   Batch  260/336 | Loss: 0.5828
2026-06-22 16:41:34 | DEBUG    |   Batch  270/336 | Loss: 0.6428
2026-06-22 16:41:36 | DEBUG    |   Batch  280/336 | Loss: 0.6837
2026-06-22 16:41:38 | DEBUG    |   Batch  290/336 | Loss: 0.7354
2026-06-22 16:41:40 | DEBUG    |   Batch  300/336 | Loss: 0.7169
2026-06-22 16:41:42 | DEBUG    |   Batch  310/336 | Loss: 0.5834
2026-06-22 16:41:43 | DEBUG    |   Batch  320/336 | Loss: 0.6677
2026-06-22 16:41:45 | DEBUG    |   Batch  330/336 | Loss: 0.6333
2026-06-22 16:50:25 | INFO     |   Train Loss: 0.6589 | Val Loss: 0.7118 | Mean DSC: 0.4295
2026-06-22 16:50:25 | INFO     |   DSC   NCR/ED/NET/ET : 0.2573 / 0.8353 / 0.0051 / 0.6202
2026-06-22 16:50:25 | INFO     |   HD95  NCR/ED/NET/ET : 11.76 / 11.35 / 95.24 / 21.50  mm
2026-06-22 16:50:25 | INFO     |   Sens  NCR/ED/NET/ET : 0.2205 / 0.8283 / 0.4329 / 0.6488
2026-06-22 16:50:25 | INFO     |   Prec  NCR/ED/NET/ET : 0.3090 / 0.8423 / 0.0026 / 0.5941
2026-06-22 16:50:25 | INFO     |   Time: 575.7s | Elapsed: 0.32h | ETA: 46h 42m | LR: 9.98e-05
2026-06-22 16:50:25 | INFO     |   ✓ New best model saved (DSC: 0.4295)
2026-06-22 16:50:25 | INFO     | -----------------------------------------------------------------
2026-06-22 16:50:25 | INFO     | Epoch 10/300
2026-06-22 16:50:26 | DEBUG    |   Batch    0/336 | Loss: 0.6769
2026-06-22 16:50:28 | DEBUG    |   Batch   10/336 | Loss: 0.6078
2026-06-22 16:50:29 | DEBUG    |   Batch   20/336 | Loss: 0.7113
2026-06-22 16:50:31 | DEBUG    |   Batch   30/336 | Loss: 0.6798
2026-06-22 16:50:32 | DEBUG    |   Batch   40/336 | Loss: 0.6505
2026-06-22 16:50:34 | DEBUG    |   Batch   50/336 | Loss: 0.6579
2026-06-22 16:50:35 | DEBUG    |   Batch   60/336 | Loss: 0.6283
2026-06-22 16:50:37 | DEBUG    |   Batch   70/336 | Loss: 0.6760
2026-06-22 16:50:38 | DEBUG    |   Batch   80/336 | Loss: 0.6404
2026-06-22 16:50:40 | DEBUG    |   Batch   90/336 | Loss: 0.6258
2026-06-22 16:50:42 | DEBUG    |   Batch  100/336 | Loss: 0.6527
2026-06-22 16:50:43 | DEBUG    |   Batch  110/336 | Loss: 0.7079
2026-06-22 16:50:45 | DEBUG    |   Batch  120/336 | Loss: 0.6846
2026-06-22 16:50:46 | DEBUG    |   Batch  130/336 | Loss: 0.6378
2026-06-22 16:50:48 | DEBUG    |   Batch  140/336 | Loss: 0.6876
2026-06-22 16:50:49 | DEBUG    |   Batch  150/336 | Loss: 0.6963
2026-06-22 16:50:51 | DEBUG    |   Batch  160/336 | Loss: 0.7379
2026-06-22 16:50:52 | DEBUG    |   Batch  170/336 | Loss: 0.6476
2026-06-22 16:50:54 | DEBUG    |   Batch  180/336 | Loss: 0.7302
2026-06-22 16:50:56 | DEBUG    |   Batch  190/336 | Loss: 0.6782
2026-06-22 16:50:57 | DEBUG    |   Batch  200/336 | Loss: 0.6313
2026-06-22 16:50:59 | DEBUG    |   Batch  210/336 | Loss: 0.6595
2026-06-22 16:51:00 | DEBUG    |   Batch  220/336 | Loss: 0.6111
2026-06-22 16:51:02 | DEBUG    |   Batch  230/336 | Loss: 0.6955
2026-06-22 16:51:03 | DEBUG    |   Batch  240/336 | Loss: 0.7358
2026-06-22 16:51:05 | DEBUG    |   Batch  250/336 | Loss: 0.6239
2026-06-22 16:51:06 | DEBUG    |   Batch  260/336 | Loss: 0.6744
2026-06-22 16:51:08 | DEBUG    |   Batch  270/336 | Loss: 0.6133
2026-06-22 16:51:10 | DEBUG    |   Batch  280/336 | Loss: 0.6212
2026-06-22 16:51:11 | DEBUG    |   Batch  290/336 | Loss: 0.6006
2026-06-22 16:51:13 | DEBUG    |   Batch  300/336 | Loss: 0.6714
2026-06-22 16:51:14 | DEBUG    |   Batch  310/336 | Loss: 0.5984
2026-06-22 16:51:16 | DEBUG    |   Batch  320/336 | Loss: 0.6229
2026-06-22 16:51:17 | DEBUG    |   Batch  330/336 | Loss: 0.5829
2026-06-22 16:59:57 | INFO     |   Train Loss: 0.6509 | Val Loss: 0.7005 | Mean DSC: 0.4208
2026-06-22 16:59:57 | INFO     |   DSC   NCR/ED/NET/ET : 0.2391 / 0.8251 / 0.0053 / 0.6136
2026-06-22 16:59:57 | INFO     |   HD95  NCR/ED/NET/ET : 11.43 / 13.16 / 95.24 / 18.65  mm
2026-06-22 16:59:57 | INFO     |   Sens  NCR/ED/NET/ET : 0.1963 / 0.8099 / 0.4508 / 0.6371
2026-06-22 16:59:57 | INFO     |   Prec  NCR/ED/NET/ET : 0.3057 / 0.8408 / 0.0027 / 0.5917
2026-06-22 16:59:57 | INFO     |   Time: 572.1s | Elapsed: 0.48h | ETA: 46h 23m | LR: 9.97e-05
2026-06-22 16:59:57 | INFO     |   Checkpoint saved → checkpoint_epoch10.pth
2026-06-22 16:59:57 | INFO     | -----------------------------------------------------------------
2026-06-22 16:59:57 | INFO     | Epoch 11/300
2026-06-22 16:59:58 | DEBUG    |   Batch    0/336 | Loss: 0.6195
2026-06-22 17:00:00 | DEBUG    |   Batch   10/336 | Loss: 0.7046
2026-06-22 17:00:01 | DEBUG    |   Batch   20/336 | Loss: 0.6544
2026-06-22 17:00:03 | DEBUG    |   Batch   30/336 | Loss: 0.5738
2026-06-22 17:00:04 | DEBUG    |   Batch   40/336 | Loss: 0.6470
2026-06-22 17:00:06 | DEBUG    |   Batch   50/336 | Loss: 0.7230
2026-06-22 17:00:08 | DEBUG    |   Batch   60/336 | Loss: 0.6396
2026-06-22 17:00:09 | DEBUG    |   Batch   70/336 | Loss: 0.7338
2026-06-22 17:00:11 | DEBUG    |   Batch   80/336 | Loss: 0.6757
2026-06-22 17:00:12 | DEBUG    |   Batch   90/336 | Loss: 0.6501
2026-06-22 17:00:14 | DEBUG    |   Batch  100/336 | Loss: 0.6352
2026-06-22 17:00:15 | DEBUG    |   Batch  110/336 | Loss: 0.6330
2026-06-22 17:00:17 | DEBUG    |   Batch  120/336 | Loss: 0.6408
2026-06-22 17:00:18 | DEBUG    |   Batch  130/336 | Loss: 0.6158
2026-06-22 17:00:20 | DEBUG    |   Batch  140/336 | Loss: 0.7119
2026-06-22 17:00:22 | DEBUG    |   Batch  150/336 | Loss: 0.7448
2026-06-22 17:00:23 | DEBUG    |   Batch  160/336 | Loss: 0.6702
2026-06-22 17:00:25 | DEBUG    |   Batch  170/336 | Loss: 0.6601
2026-06-22 17:00:26 | DEBUG    |   Batch  180/336 | Loss: 0.6272
2026-06-22 17:00:28 | DEBUG    |   Batch  190/336 | Loss: 0.6732
2026-06-22 17:00:29 | DEBUG    |   Batch  200/336 | Loss: 0.7015
2026-06-22 17:00:31 | DEBUG    |   Batch  210/336 | Loss: 0.6043
2026-06-22 17:00:32 | DEBUG    |   Batch  220/336 | Loss: 0.6367
2026-06-22 17:00:34 | DEBUG    |   Batch  230/336 | Loss: 0.6862
2026-06-22 17:00:36 | DEBUG    |   Batch  240/336 | Loss: 0.6505
2026-06-22 17:00:37 | DEBUG    |   Batch  250/336 | Loss: 0.6940
2026-06-22 17:00:39 | DEBUG    |   Batch  260/336 | Loss: 0.7713
2026-06-22 17:00:40 | DEBUG    |   Batch  270/336 | Loss: 0.6027
2026-06-22 17:00:42 | DEBUG    |   Batch  280/336 | Loss: 0.5751
2026-06-22 17:00:43 | DEBUG    |   Batch  290/336 | Loss: 0.6055
2026-06-22 17:00:45 | DEBUG    |   Batch  300/336 | Loss: 0.6404
2026-06-22 17:00:46 | DEBUG    |   Batch  310/336 | Loss: 0.6927
2026-06-22 17:00:48 | DEBUG    |   Batch  320/336 | Loss: 0.5649
2026-06-22 17:00:50 | DEBUG    |   Batch  330/336 | Loss: 0.7282
2026-06-22 20:03:45 | INFO     | Log file: /home/mci/arsyadl/mmsk/results/baseline1_unet_dice/train.log
2026-06-22 20:03:45 | INFO     | VRAM cap       : 16 GB / 51 GB (fraction=0.315)
2026-06-22 20:03:45 | INFO     | Device         : cuda:0
2026-06-22 20:03:45 | INFO     | Model          : Standard 3D U-Net (MONAI)
2026-06-22 20:03:45 | INFO     | Loss           : Dice  [Baseline 1]
2026-06-22 20:03:45 | INFO     | out_channels   : 5
2026-06-22 20:03:45 | INFO     | Label space    : BraTS 2024 raw {0,1,2,3,4}
2026-06-22 20:03:45 | INFO     | Output dir     : /home/mci/arsyadl/mmsk/results/baseline1_unet_dice
2026-06-22 20:03:45 | INFO     | Total parameters: 4,750,810
2026-06-22 20:03:45 | INFO     | AMP             : ON
2026-06-22 20:03:45 | WARNING  | FLOPs: skipped — fvcore/thop unavailable or incompatible (compiled model?). Set to -1.0.
2026-06-22 20:03:45 | INFO     | Pre-flight: validating .npz files ...
2026-06-22 20:03:45 | INFO     | [Validation] Scanning 1344 .npz files ...
2026-06-22 20:03:45 | DEBUG    |   [1/1344] OK: BraTS-GLI-00005-100.npz
2026-06-22 20:03:55 | DEBUG    |   [101/1344] OK: BraTS-GLI-02066-101.npz
2026-06-22 20:04:05 | DEBUG    |   [201/1344] OK: BraTS-GLI-02103-100.npz
2026-06-22 20:04:15 | DEBUG    |   [301/1344] OK: BraTS-GLI-02145-100.npz
2026-06-22 20:04:25 | DEBUG    |   [401/1344] OK: BraTS-GLI-02194-100.npz
2026-06-22 20:04:35 | DEBUG    |   [501/1344] OK: BraTS-GLI-02236-101.npz
2026-06-22 20:04:45 | DEBUG    |   [601/1344] OK: BraTS-GLI-02315-100.npz
2026-06-22 20:04:55 | DEBUG    |   [701/1344] OK: BraTS-GLI-02549-100.npz
2026-06-22 20:05:05 | DEBUG    |   [801/1344] OK: BraTS-GLI-02736-101.npz
2026-06-22 20:05:16 | DEBUG    |   [901/1344] OK: BraTS-GLI-02793-100.npz
2026-06-22 20:05:26 | DEBUG    |   [1001/1344] OK: BraTS-GLI-02851-100.npz
2026-06-22 20:05:36 | DEBUG    |   [1101/1344] OK: BraTS-GLI-02902-100.npz
2026-06-22 20:05:46 | DEBUG    |   [1201/1344] OK: BraTS-GLI-02961-100.npz
2026-06-22 20:05:56 | DEBUG    |   [1301/1344] OK: BraTS-GLI-03026-100.npz
2026-06-22 20:06:01 | INFO     | [Validation] 1344 healthy, 0 dropped.
2026-06-22 20:06:01 | INFO     | [Validation] Scanning 269 .npz files ...
2026-06-22 20:06:01 | DEBUG    |   [1/269] OK: BraTS-GLI-02405-100.npz
2026-06-22 20:06:11 | DEBUG    |   [101/269] OK: BraTS-GLI-02507-101.npz
2026-06-22 20:06:21 | DEBUG    |   [201/269] OK: BraTS-GLI-02584-101.npz
2026-06-22 20:06:28 | INFO     | [Validation] 269 healthy, 0 dropped.
2026-06-22 20:06:28 | INFO     | Probing batch_size=4, accum_steps=1 ...
2026-06-22 20:06:29 | INFO     | Probe OK — bs=4, accum=1, effective_batch=4
2026-06-22 20:06:29 | INFO     | Train batches  : 336 (bs=4)
2026-06-22 20:06:29 | INFO     | Val batches    : 269
2026-06-22 20:06:29 | INFO     | Accum steps    : 1 (effective batch=4)
2026-06-22 20:06:29 | INFO     | Starting training for 300 epochs
2026-06-22 20:06:29 | INFO     | =================================================================
2026-06-22 20:06:29 | INFO     | Resumed from   : checkpoint_epoch10.pth | start_epoch=10 | best_dsc=0.4295
2026-06-22 20:06:29 | INFO     | Epoch 11/300
2026-06-22 20:06:30 | DEBUG    |   Batch    0/336 | Loss: 0.5718
2026-06-22 20:06:32 | DEBUG    |   Batch   10/336 | Loss: 0.6237
2026-06-22 20:06:34 | DEBUG    |   Batch   20/336 | Loss: 0.6877
2026-06-22 20:06:35 | DEBUG    |   Batch   30/336 | Loss: 0.7395
2026-06-22 20:06:37 | DEBUG    |   Batch   40/336 | Loss: 0.6008
2026-06-22 20:06:38 | DEBUG    |   Batch   50/336 | Loss: 0.6657
2026-06-22 20:06:40 | DEBUG    |   Batch   60/336 | Loss: 0.7090
2026-06-22 20:06:41 | DEBUG    |   Batch   70/336 | Loss: 0.6132
2026-06-22 20:06:43 | DEBUG    |   Batch   80/336 | Loss: 0.7901
2026-06-22 20:06:45 | DEBUG    |   Batch   90/336 | Loss: 0.7112
2026-06-22 20:06:46 | DEBUG    |   Batch  100/336 | Loss: 0.6809
2026-06-22 20:06:48 | DEBUG    |   Batch  110/336 | Loss: 0.6919
2026-06-22 20:06:49 | DEBUG    |   Batch  120/336 | Loss: 0.6645
2026-06-22 20:06:51 | DEBUG    |   Batch  130/336 | Loss: 0.6751
2026-06-22 20:06:52 | DEBUG    |   Batch  140/336 | Loss: 0.6472
2026-06-22 20:06:54 | DEBUG    |   Batch  150/336 | Loss: 0.6079
2026-06-22 20:06:55 | DEBUG    |   Batch  160/336 | Loss: 0.6332
2026-06-22 20:06:57 | DEBUG    |   Batch  170/336 | Loss: 0.7525
2026-06-22 20:06:59 | DEBUG    |   Batch  180/336 | Loss: 0.5936
2026-06-22 20:07:00 | DEBUG    |   Batch  190/336 | Loss: 0.6161
2026-06-22 20:07:02 | DEBUG    |   Batch  200/336 | Loss: 0.6279
2026-06-22 20:07:03 | DEBUG    |   Batch  210/336 | Loss: 0.6193
2026-06-22 20:07:05 | DEBUG    |   Batch  220/336 | Loss: 0.6055
2026-06-22 20:07:06 | DEBUG    |   Batch  230/336 | Loss: 0.7016
2026-06-22 20:07:08 | DEBUG    |   Batch  240/336 | Loss: 0.6004
2026-06-22 20:07:10 | DEBUG    |   Batch  250/336 | Loss: 0.6390
2026-06-22 20:07:11 | DEBUG    |   Batch  260/336 | Loss: 0.6369
2026-06-22 20:07:13 | DEBUG    |   Batch  270/336 | Loss: 0.5689
2026-06-22 20:07:14 | DEBUG    |   Batch  280/336 | Loss: 0.6449
2026-06-22 20:07:16 | DEBUG    |   Batch  290/336 | Loss: 0.6396
2026-06-22 20:07:17 | DEBUG    |   Batch  300/336 | Loss: 0.6598
2026-06-22 20:07:19 | DEBUG    |   Batch  310/336 | Loss: 0.6841
2026-06-22 20:07:20 | DEBUG    |   Batch  320/336 | Loss: 0.6860
2026-06-22 20:07:22 | DEBUG    |   Batch  330/336 | Loss: 0.6962
2026-06-22 20:16:02 | INFO     | Inference time: 24.9 ms/volume (avg over 10 passes)
2026-06-22 20:16:02 | INFO     |   Train Loss: 0.6442 | Val Loss: 0.7018 | Mean DSC: 0.4413
2026-06-22 20:16:02 | INFO     |   DSC   NCR/ED/NET/ET : 0.2837 / 0.8315 / 0.0051 / 0.6447
2026-06-22 20:16:02 | INFO     |   HD95  NCR/ED/NET/ET : 10.97 / 14.08 / 95.26 / 20.26  mm
2026-06-22 20:16:02 | INFO     |   Sens  NCR/ED/NET/ET : 0.2178 / 0.8793 / 0.4340 / 0.6851
2026-06-22 20:16:02 | INFO     |   Prec  NCR/ED/NET/ET : 0.4067 / 0.7887 / 0.0026 / 0.6088
2026-06-22 20:16:02 | INFO     |   Time: 572.3s | Elapsed: 0.16h | ETA: 45h 56m | LR: 9.97e-05
2026-06-22 20:16:02 | INFO     |   ✓ New best model saved (DSC: 0.4413)
2026-06-22 20:16:02 | INFO     | -----------------------------------------------------------------
2026-06-22 20:16:02 | INFO     | Epoch 12/300
2026-06-22 20:16:02 | DEBUG    |   Batch    0/336 | Loss: 0.6397
2026-06-22 20:16:04 | DEBUG    |   Batch   10/336 | Loss: 0.6048
2026-06-22 20:16:06 | DEBUG    |   Batch   20/336 | Loss: 0.6243
2026-06-22 20:16:07 | DEBUG    |   Batch   30/336 | Loss: 0.6171
2026-06-22 20:16:09 | DEBUG    |   Batch   40/336 | Loss: 0.6856
2026-06-22 20:16:10 | DEBUG    |   Batch   50/336 | Loss: 0.6258
2026-06-22 20:16:12 | DEBUG    |   Batch   60/336 | Loss: 0.6064
2026-06-22 20:16:13 | DEBUG    |   Batch   70/336 | Loss: 0.6343
2026-06-22 20:16:15 | DEBUG    |   Batch   80/336 | Loss: 0.5848
2026-06-22 20:16:16 | DEBUG    |   Batch   90/336 | Loss: 0.7083
2026-06-22 20:16:18 | DEBUG    |   Batch  100/336 | Loss: 0.5664
2026-06-22 20:16:20 | DEBUG    |   Batch  110/336 | Loss: 0.6827
2026-06-22 20:16:21 | DEBUG    |   Batch  120/336 | Loss: 0.6249
2026-06-22 20:16:23 | DEBUG    |   Batch  130/336 | Loss: 0.6823
2026-06-22 20:16:24 | DEBUG    |   Batch  140/336 | Loss: 0.5781
2026-06-22 20:16:26 | DEBUG    |   Batch  150/336 | Loss: 0.7138
2026-06-22 20:16:27 | DEBUG    |   Batch  160/336 | Loss: 0.6677
2026-06-22 20:16:29 | DEBUG    |   Batch  170/336 | Loss: 0.6604
2026-06-22 20:16:30 | DEBUG    |   Batch  180/336 | Loss: 0.7131
2026-06-22 20:16:32 | DEBUG    |   Batch  190/336 | Loss: 0.6558
2026-06-22 20:16:34 | DEBUG    |   Batch  200/336 | Loss: 0.6825
2026-06-22 20:16:35 | DEBUG    |   Batch  210/336 | Loss: 0.6877
2026-06-22 20:16:37 | DEBUG    |   Batch  220/336 | Loss: 0.7400
2026-06-22 20:16:38 | DEBUG    |   Batch  230/336 | Loss: 0.5861
2026-06-22 20:16:40 | DEBUG    |   Batch  240/336 | Loss: 0.6142
2026-06-22 20:16:41 | DEBUG    |   Batch  250/336 | Loss: 0.7443
2026-06-22 20:16:43 | DEBUG    |   Batch  260/336 | Loss: 0.6311
2026-06-22 20:16:44 | DEBUG    |   Batch  270/336 | Loss: 0.5954
2026-06-22 20:16:46 | DEBUG    |   Batch  280/336 | Loss: 0.6912
2026-06-22 20:16:48 | DEBUG    |   Batch  290/336 | Loss: 0.6329
2026-06-22 20:16:49 | DEBUG    |   Batch  300/336 | Loss: 0.6259
2026-06-22 20:16:51 | DEBUG    |   Batch  310/336 | Loss: 0.6847
2026-06-22 20:16:52 | DEBUG    |   Batch  320/336 | Loss: 0.6091
2026-06-22 20:16:54 | DEBUG    |   Batch  330/336 | Loss: 0.5358
2026-06-22 20:25:36 | INFO     |   Train Loss: 0.6414 | Val Loss: 0.7228 | Mean DSC: 0.3647
2026-06-22 20:25:36 | INFO     |   DSC   NCR/ED/NET/ET : 0.2084 / 0.7439 / 0.0053 / 0.5014
2026-06-22 20:25:36 | INFO     |   HD95  NCR/ED/NET/ET : 13.07 / 11.17 / 95.21 / 18.03  mm
2026-06-22 20:25:36 | INFO     |   Sens  NCR/ED/NET/ET : 0.1547 / 0.6293 / 0.4539 / 0.6764
2026-06-22 20:25:36 | INFO     |   Prec  NCR/ED/NET/ET : 0.3191 / 0.9095 / 0.0027 / 0.3983
2026-06-22 20:25:36 | INFO     |   Time: 573.9s | Elapsed: 0.32h | ETA: 45h 51m | LR: 9.96e-05
2026-06-22 20:25:36 | INFO     | -----------------------------------------------------------------
2026-06-22 20:25:36 | INFO     | Epoch 13/300
2026-06-22 20:25:36 | DEBUG    |   Batch    0/336 | Loss: 0.6318
2026-06-22 20:25:38 | DEBUG    |   Batch   10/336 | Loss: 0.6592
2026-06-22 20:25:39 | DEBUG    |   Batch   20/336 | Loss: 0.6161
2026-06-22 20:25:41 | DEBUG    |   Batch   30/336 | Loss: 0.6400
2026-06-22 20:25:42 | DEBUG    |   Batch   40/336 | Loss: 0.6468
2026-06-22 20:25:44 | DEBUG    |   Batch   50/336 | Loss: 0.5725
2026-06-22 20:25:46 | DEBUG    |   Batch   60/336 | Loss: 0.6133
2026-06-22 20:25:47 | DEBUG    |   Batch   70/336 | Loss: 0.6266
2026-06-22 20:25:49 | DEBUG    |   Batch   80/336 | Loss: 0.6676
2026-06-22 20:25:50 | DEBUG    |   Batch   90/336 | Loss: 0.6242
2026-06-22 20:25:52 | DEBUG    |   Batch  100/336 | Loss: 0.6634
2026-06-22 20:25:53 | DEBUG    |   Batch  110/336 | Loss: 0.6185
2026-06-22 20:25:55 | DEBUG    |   Batch  120/336 | Loss: 0.5533
2026-06-22 20:25:56 | DEBUG    |   Batch  130/336 | Loss: 0.6258
2026-06-22 20:25:58 | DEBUG    |   Batch  140/336 | Loss: 0.6592
2026-06-22 20:26:00 | DEBUG    |   Batch  150/336 | Loss: 0.7097
2026-06-22 20:26:01 | DEBUG    |   Batch  160/336 | Loss: 0.5944
2026-06-22 20:26:03 | DEBUG    |   Batch  170/336 | Loss: 0.6192
2026-06-22 20:26:04 | DEBUG    |   Batch  180/336 | Loss: 0.5866
2026-06-22 20:26:06 | DEBUG    |   Batch  190/336 | Loss: 0.6679
2026-06-22 20:26:07 | DEBUG    |   Batch  200/336 | Loss: 0.5888
2026-06-22 20:26:09 | DEBUG    |   Batch  210/336 | Loss: 0.6741
2026-06-22 20:26:11 | DEBUG    |   Batch  220/336 | Loss: 0.7018
2026-06-22 20:26:12 | DEBUG    |   Batch  230/336 | Loss: 0.6694
2026-06-22 20:26:14 | DEBUG    |   Batch  240/336 | Loss: 0.6026
2026-06-22 20:26:15 | DEBUG    |   Batch  250/336 | Loss: 0.6087
2026-06-22 20:26:17 | DEBUG    |   Batch  260/336 | Loss: 0.6486
2026-06-22 20:26:18 | DEBUG    |   Batch  270/336 | Loss: 0.6595
2026-06-22 20:26:20 | DEBUG    |   Batch  280/336 | Loss: 0.6381
2026-06-22 20:26:21 | DEBUG    |   Batch  290/336 | Loss: 0.6018
2026-06-22 20:26:23 | DEBUG    |   Batch  300/336 | Loss: 0.6623
2026-06-22 20:26:25 | DEBUG    |   Batch  310/336 | Loss: 0.5961
2026-06-22 20:26:26 | DEBUG    |   Batch  320/336 | Loss: 0.7237
2026-06-22 20:26:28 | DEBUG    |   Batch  330/336 | Loss: 0.6310
2026-06-22 20:35:06 | INFO     |   Train Loss: 0.6389 | Val Loss: 0.6901 | Mean DSC: 0.4424
2026-06-22 20:35:06 | INFO     |   DSC   NCR/ED/NET/ET : 0.2880 / 0.8274 / 0.0051 / 0.6491
2026-06-22 20:35:06 | INFO     |   HD95  NCR/ED/NET/ET : 10.54 / 15.01 / 95.24 / 16.52  mm
2026-06-22 20:35:06 | INFO     |   Sens  NCR/ED/NET/ET : 0.2063 / 0.8267 / 0.4342 / 0.7257
2026-06-22 20:35:06 | INFO     |   Prec  NCR/ED/NET/ET : 0.4766 / 0.8281 / 0.0026 / 0.5870
2026-06-22 20:35:06 | INFO     |   Time: 570.2s | Elapsed: 0.48h | ETA: 45h 36m | LR: 9.95e-05
2026-06-22 20:35:06 | INFO     |   ✓ New best model saved (DSC: 0.4424)
2026-06-22 20:35:06 | INFO     | -----------------------------------------------------------------
2026-06-22 20:35:06 | INFO     | Epoch 14/300
2026-06-22 20:35:07 | DEBUG    |   Batch    0/336 | Loss: 0.6093
2026-06-22 20:35:08 | DEBUG    |   Batch   10/336 | Loss: 0.5950
2026-06-22 20:35:10 | DEBUG    |   Batch   20/336 | Loss: 0.5920
2026-06-22 20:35:11 | DEBUG    |   Batch   30/336 | Loss: 0.6279
2026-06-22 20:35:13 | DEBUG    |   Batch   40/336 | Loss: 0.6039
2026-06-22 20:35:14 | DEBUG    |   Batch   50/336 | Loss: 0.7089
2026-06-22 20:35:16 | DEBUG    |   Batch   60/336 | Loss: 0.6033
2026-06-22 20:35:17 | DEBUG    |   Batch   70/336 | Loss: 0.5937
2026-06-22 20:35:19 | DEBUG    |   Batch   80/336 | Loss: 0.7479
2026-06-22 20:35:21 | DEBUG    |   Batch   90/336 | Loss: 0.5838
2026-06-22 20:35:22 | DEBUG    |   Batch  100/336 | Loss: 0.6860
2026-06-22 20:35:24 | DEBUG    |   Batch  110/336 | Loss: 0.6477
2026-06-22 20:35:25 | DEBUG    |   Batch  120/336 | Loss: 0.6024
2026-06-22 20:35:27 | DEBUG    |   Batch  130/336 | Loss: 0.6094
2026-06-22 20:35:28 | DEBUG    |   Batch  140/336 | Loss: 0.6405
2026-06-22 20:35:30 | DEBUG    |   Batch  150/336 | Loss: 0.6027
2026-06-22 20:35:31 | DEBUG    |   Batch  160/336 | Loss: 0.5882
2026-06-22 20:35:33 | DEBUG    |   Batch  170/336 | Loss: 0.6855
2026-06-22 20:35:35 | DEBUG    |   Batch  180/336 | Loss: 0.6093
2026-06-22 20:35:36 | DEBUG    |   Batch  190/336 | Loss: 0.5916
2026-06-22 20:35:38 | DEBUG    |   Batch  200/336 | Loss: 0.6707
2026-06-22 20:35:39 | DEBUG    |   Batch  210/336 | Loss: 0.6196
2026-06-22 20:35:41 | DEBUG    |   Batch  220/336 | Loss: 0.5782
2026-06-22 20:35:42 | DEBUG    |   Batch  230/336 | Loss: 0.5347
2026-06-22 20:35:44 | DEBUG    |   Batch  240/336 | Loss: 0.5865
2026-06-22 20:35:45 | DEBUG    |   Batch  250/336 | Loss: 0.6317
2026-06-22 20:35:47 | DEBUG    |   Batch  260/336 | Loss: 0.6475
2026-06-22 20:35:49 | DEBUG    |   Batch  270/336 | Loss: 0.6244
2026-06-22 20:35:50 | DEBUG    |   Batch  280/336 | Loss: 0.7073
2026-06-22 20:35:52 | DEBUG    |   Batch  290/336 | Loss: 0.7172
2026-06-22 20:35:53 | DEBUG    |   Batch  300/336 | Loss: 0.6234
2026-06-22 20:35:55 | DEBUG    |   Batch  310/336 | Loss: 0.6765
2026-06-22 20:35:56 | DEBUG    |   Batch  320/336 | Loss: 0.6196
2026-06-22 20:35:58 | DEBUG    |   Batch  330/336 | Loss: 0.5649
2026-06-22 20:44:50 | INFO     |   Train Loss: 0.6328 | Val Loss: 0.6880 | Mean DSC: 0.4577
2026-06-22 20:44:50 | INFO     |   DSC   NCR/ED/NET/ET : 0.3312 / 0.8465 / 0.0052 / 0.6477
2026-06-22 20:44:50 | INFO     |   HD95  NCR/ED/NET/ET : 10.46 / 10.46 / 95.25 / 22.18  mm
2026-06-22 20:44:50 | INFO     |   Sens  NCR/ED/NET/ET : 0.2595 / 0.8600 / 0.4428 / 0.7217
2026-06-22 20:44:50 | INFO     |   Prec  NCR/ED/NET/ET : 0.4577 / 0.8334 / 0.0026 / 0.5875
2026-06-22 20:44:50 | INFO     |   Time: 584.2s | Elapsed: 0.64h | ETA: 45h 41m | LR: 9.95e-05
2026-06-22 20:44:50 | INFO     |   ✓ New best model saved (DSC: 0.4577)
2026-06-22 20:44:50 | INFO     | -----------------------------------------------------------------
2026-06-22 20:44:50 | INFO     | Epoch 15/300
2026-06-22 20:44:51 | DEBUG    |   Batch    0/336 | Loss: 0.6286
2026-06-22 20:44:52 | DEBUG    |   Batch   10/336 | Loss: 0.6087
2026-06-22 20:44:54 | DEBUG    |   Batch   20/336 | Loss: 0.5732
2026-06-22 20:44:56 | DEBUG    |   Batch   30/336 | Loss: 0.6266
2026-06-22 20:44:57 | DEBUG    |   Batch   40/336 | Loss: 0.6267
2026-06-22 20:44:59 | DEBUG    |   Batch   50/336 | Loss: 0.6085
2026-06-22 20:45:00 | DEBUG    |   Batch   60/336 | Loss: 0.6118
2026-06-22 20:45:02 | DEBUG    |   Batch   70/336 | Loss: 0.7557
2026-06-22 20:45:03 | DEBUG    |   Batch   80/336 | Loss: 0.6496
2026-06-22 20:45:05 | DEBUG    |   Batch   90/336 | Loss: 0.6443
2026-06-22 20:45:06 | DEBUG    |   Batch  100/336 | Loss: 0.7668
2026-06-22 20:45:08 | DEBUG    |   Batch  110/336 | Loss: 0.6146
2026-06-22 20:45:10 | DEBUG    |   Batch  120/336 | Loss: 0.5989
2026-06-22 20:45:11 | DEBUG    |   Batch  130/336 | Loss: 0.6890
2026-06-22 20:45:13 | DEBUG    |   Batch  140/336 | Loss: 0.5546
2026-06-22 20:45:14 | DEBUG    |   Batch  150/336 | Loss: 0.5949
2026-06-22 20:45:16 | DEBUG    |   Batch  160/336 | Loss: 0.5786
2026-06-22 20:45:17 | DEBUG    |   Batch  170/336 | Loss: 0.6320
2026-06-22 20:45:19 | DEBUG    |   Batch  180/336 | Loss: 0.6136
2026-06-22 20:45:20 | DEBUG    |   Batch  190/336 | Loss: 0.5961
2026-06-22 20:45:22 | DEBUG    |   Batch  200/336 | Loss: 0.5777
2026-06-22 20:45:24 | DEBUG    |   Batch  210/336 | Loss: 0.6036
2026-06-22 20:45:25 | DEBUG    |   Batch  220/336 | Loss: 0.6564
2026-06-22 20:45:27 | DEBUG    |   Batch  230/336 | Loss: 0.5748
2026-06-22 20:45:28 | DEBUG    |   Batch  240/336 | Loss: 0.6236
2026-06-22 20:45:30 | DEBUG    |   Batch  250/336 | Loss: 0.6786
2026-06-22 20:45:31 | DEBUG    |   Batch  260/336 | Loss: 0.6119
2026-06-22 20:45:33 | DEBUG    |   Batch  270/336 | Loss: 0.6516
2026-06-22 20:45:34 | DEBUG    |   Batch  280/336 | Loss: 0.6474
2026-06-22 20:45:36 | DEBUG    |   Batch  290/336 | Loss: 0.6342
2026-06-22 20:45:38 | DEBUG    |   Batch  300/336 | Loss: 0.6944
2026-06-22 20:45:39 | DEBUG    |   Batch  310/336 | Loss: 0.7015
2026-06-22 20:45:41 | DEBUG    |   Batch  320/336 | Loss: 0.6641
2026-06-22 20:45:42 | DEBUG    |   Batch  330/336 | Loss: 0.7367
2026-06-22 20:54:20 | INFO     |   Train Loss: 0.6314 | Val Loss: 0.6880 | Mean DSC: 0.4340
2026-06-22 20:54:20 | INFO     |   DSC   NCR/ED/NET/ET : 0.2603 / 0.8313 / 0.0052 / 0.6392
2026-06-22 20:54:20 | INFO     |   HD95  NCR/ED/NET/ET : 12.35 / 8.61 / 95.23 / 16.73  mm
2026-06-22 20:54:20 | INFO     |   Sens  NCR/ED/NET/ET : 0.2253 / 0.7933 / 0.4449 / 0.7090
2026-06-22 20:54:20 | INFO     |   Prec  NCR/ED/NET/ET : 0.3081 / 0.8732 / 0.0026 / 0.5820
2026-06-22 20:54:20 | INFO     |   Time: 570.2s | Elapsed: 0.80h | ETA: 45h 27m | LR: 9.94e-05
2026-06-22 20:54:20 | INFO     | -----------------------------------------------------------------
2026-06-22 20:54:20 | INFO     | Epoch 16/300
2026-06-22 20:54:21 | DEBUG    |   Batch    0/336 | Loss: 0.6117
2026-06-22 20:54:23 | DEBUG    |   Batch   10/336 | Loss: 0.5840
2026-06-22 20:54:24 | DEBUG    |   Batch   20/336 | Loss: 0.6325
2026-06-22 20:54:26 | DEBUG    |   Batch   30/336 | Loss: 0.6124
2026-06-22 20:54:27 | DEBUG    |   Batch   40/336 | Loss: 0.6346
2026-06-22 20:54:29 | DEBUG    |   Batch   50/336 | Loss: 0.6070
2026-06-22 20:54:30 | DEBUG    |   Batch   60/336 | Loss: 0.6601
2026-06-22 20:54:32 | DEBUG    |   Batch   70/336 | Loss: 0.6870
2026-06-22 20:54:34 | DEBUG    |   Batch   80/336 | Loss: 0.5515
2026-06-22 20:54:35 | DEBUG    |   Batch   90/336 | Loss: 0.6672
2026-06-22 20:54:37 | DEBUG    |   Batch  100/336 | Loss: 0.7278
2026-06-22 20:54:38 | DEBUG    |   Batch  110/336 | Loss: 0.6700
2026-06-22 20:54:40 | DEBUG    |   Batch  120/336 | Loss: 0.6641
2026-06-22 20:54:41 | DEBUG    |   Batch  130/336 | Loss: 0.6115
2026-06-22 20:54:43 | DEBUG    |   Batch  140/336 | Loss: 0.7493
2026-06-22 20:54:44 | DEBUG    |   Batch  150/336 | Loss: 0.6677
2026-06-22 20:54:46 | DEBUG    |   Batch  160/336 | Loss: 0.6450
2026-06-22 20:54:48 | DEBUG    |   Batch  170/336 | Loss: 0.5740
2026-06-22 20:54:49 | DEBUG    |   Batch  180/336 | Loss: 0.5105
2026-06-22 20:54:51 | DEBUG    |   Batch  190/336 | Loss: 0.7626
2026-06-22 20:54:52 | DEBUG    |   Batch  200/336 | Loss: 0.6115
2026-06-22 20:54:54 | DEBUG    |   Batch  210/336 | Loss: 0.5589
2026-06-22 20:54:55 | DEBUG    |   Batch  220/336 | Loss: 0.6308
2026-06-22 20:54:57 | DEBUG    |   Batch  230/336 | Loss: 0.5961
2026-06-22 20:54:58 | DEBUG    |   Batch  240/336 | Loss: 0.6416
2026-06-22 20:55:00 | DEBUG    |   Batch  250/336 | Loss: 0.6378
2026-06-22 20:55:02 | DEBUG    |   Batch  260/336 | Loss: 0.5748
2026-06-22 20:55:03 | DEBUG    |   Batch  270/336 | Loss: 0.6894
2026-06-22 20:55:05 | DEBUG    |   Batch  280/336 | Loss: 0.6251
2026-06-22 20:55:06 | DEBUG    |   Batch  290/336 | Loss: 0.5989
2026-06-22 20:55:08 | DEBUG    |   Batch  300/336 | Loss: 0.6285
2026-06-22 20:55:09 | DEBUG    |   Batch  310/336 | Loss: 0.6463
2026-06-22 20:55:11 | DEBUG    |   Batch  320/336 | Loss: 0.6351
2026-06-22 20:55:12 | DEBUG    |   Batch  330/336 | Loss: 0.6600
2026-06-22 21:03:51 | INFO     |   Train Loss: 0.6303 | Val Loss: 0.6836 | Mean DSC: 0.4605
2026-06-22 21:03:51 | INFO     |   DSC   NCR/ED/NET/ET : 0.3311 / 0.8465 / 0.0052 / 0.6591
2026-06-22 21:03:51 | INFO     |   HD95  NCR/ED/NET/ET : 10.47 / 10.62 / 95.25 / 20.48  mm
2026-06-22 21:03:51 | INFO     |   Sens  NCR/ED/NET/ET : 0.2527 / 0.8634 / 0.4403 / 0.7424
2026-06-22 21:03:51 | INFO     |   Prec  NCR/ED/NET/ET : 0.4801 / 0.8302 / 0.0026 / 0.5926
2026-06-22 21:03:51 | INFO     |   Time: 570.5s | Elapsed: 0.96h | ETA: 45h 15m | LR: 9.93e-05
2026-06-22 21:03:51 | INFO     |   ✓ New best model saved (DSC: 0.4605)
2026-06-22 21:03:51 | INFO     | -----------------------------------------------------------------
2026-06-22 21:03:51 | INFO     | Epoch 17/300
2026-06-22 21:03:52 | DEBUG    |   Batch    0/336 | Loss: 0.6403
2026-06-22 21:03:53 | DEBUG    |   Batch   10/336 | Loss: 0.6933
2026-06-22 21:03:55 | DEBUG    |   Batch   20/336 | Loss: 0.6420
2026-06-22 21:03:56 | DEBUG    |   Batch   30/336 | Loss: 0.6672
2026-06-22 21:03:58 | DEBUG    |   Batch   40/336 | Loss: 0.6356
2026-06-22 21:03:59 | DEBUG    |   Batch   50/336 | Loss: 0.6612
2026-06-22 21:04:01 | DEBUG    |   Batch   60/336 | Loss: 0.6190
2026-06-22 21:04:03 | DEBUG    |   Batch   70/336 | Loss: 0.6178
2026-06-22 21:04:04 | DEBUG    |   Batch   80/336 | Loss: 0.5669
2026-06-22 21:04:06 | DEBUG    |   Batch   90/336 | Loss: 0.6365
2026-06-22 21:04:07 | DEBUG    |   Batch  100/336 | Loss: 0.5832
2026-06-22 21:04:09 | DEBUG    |   Batch  110/336 | Loss: 0.6713
2026-06-22 21:04:10 | DEBUG    |   Batch  120/336 | Loss: 0.6046
2026-06-22 21:04:12 | DEBUG    |   Batch  130/336 | Loss: 0.7080
2026-06-22 21:04:13 | DEBUG    |   Batch  140/336 | Loss: 0.5918
2026-06-22 21:04:15 | DEBUG    |   Batch  150/336 | Loss: 0.5851
2026-06-22 21:04:17 | DEBUG    |   Batch  160/336 | Loss: 0.5810
2026-06-22 21:04:18 | DEBUG    |   Batch  170/336 | Loss: 0.5522
2026-06-22 21:04:20 | DEBUG    |   Batch  180/336 | Loss: 0.6323
2026-06-22 21:04:21 | DEBUG    |   Batch  190/336 | Loss: 0.6509
2026-06-22 21:04:23 | DEBUG    |   Batch  200/336 | Loss: 0.6094
2026-06-22 21:04:24 | DEBUG    |   Batch  210/336 | Loss: 0.7014
2026-06-22 21:04:26 | DEBUG    |   Batch  220/336 | Loss: 0.5880
2026-06-22 21:04:27 | DEBUG    |   Batch  230/336 | Loss: 0.6409
2026-06-22 21:04:29 | DEBUG    |   Batch  240/336 | Loss: 0.6230
2026-06-22 21:04:31 | DEBUG    |   Batch  250/336 | Loss: 0.6704
2026-06-22 21:04:32 | DEBUG    |   Batch  260/336 | Loss: 0.6138
2026-06-22 21:04:34 | DEBUG    |   Batch  270/336 | Loss: 0.6489
2026-06-22 21:04:35 | DEBUG    |   Batch  280/336 | Loss: 0.6756
2026-06-22 21:04:37 | DEBUG    |   Batch  290/336 | Loss: 0.7031
2026-06-22 21:04:38 | DEBUG    |   Batch  300/336 | Loss: 0.6444
2026-06-22 21:04:40 | DEBUG    |   Batch  310/336 | Loss: 0.6701
2026-06-22 21:04:41 | DEBUG    |   Batch  320/336 | Loss: 0.6935
2026-06-22 21:04:43 | DEBUG    |   Batch  330/336 | Loss: 0.6504
2026-06-22 21:13:21 | INFO     |   Train Loss: 0.6267 | Val Loss: 0.6819 | Mean DSC: 0.4531
2026-06-22 21:13:21 | INFO     |   DSC   NCR/ED/NET/ET : 0.3001 / 0.8455 / 0.0048 / 0.6621
2026-06-22 21:13:21 | INFO     |   HD95  NCR/ED/NET/ET : 10.10 / 11.62 / 95.26 / 17.53  mm
2026-06-22 21:13:21 | INFO     |   Sens  NCR/ED/NET/ET : 0.2187 / 0.8744 / 0.4118 / 0.7517
2026-06-22 21:13:21 | INFO     |   Prec  NCR/ED/NET/ET : 0.4779 / 0.8184 / 0.0024 / 0.5916
2026-06-22 21:13:21 | INFO     |   Time: 570.4s | Elapsed: 1.11h | ETA: 45h 3m | LR: 9.92e-05
2026-06-22 21:13:21 | INFO     | -----------------------------------------------------------------
2026-06-22 21:13:21 | INFO     | Epoch 18/300
2026-06-22 21:13:22 | DEBUG    |   Batch    0/336 | Loss: 0.5780
2026-06-22 21:13:24 | DEBUG    |   Batch   10/336 | Loss: 0.5869
2026-06-22 21:13:25 | DEBUG    |   Batch   20/336 | Loss: 0.6992
2026-06-22 21:13:27 | DEBUG    |   Batch   30/336 | Loss: 0.5663
2026-06-22 21:13:28 | DEBUG    |   Batch   40/336 | Loss: 0.6317
2026-06-22 21:13:30 | DEBUG    |   Batch   50/336 | Loss: 0.6148
2026-06-22 21:13:32 | DEBUG    |   Batch   60/336 | Loss: 0.7006
2026-06-22 21:13:33 | DEBUG    |   Batch   70/336 | Loss: 0.7206
2026-06-22 21:13:35 | DEBUG    |   Batch   80/336 | Loss: 0.6028
2026-06-22 21:13:36 | DEBUG    |   Batch   90/336 | Loss: 0.6056
2026-06-22 21:13:38 | DEBUG    |   Batch  100/336 | Loss: 0.6647
2026-06-22 21:13:39 | DEBUG    |   Batch  110/336 | Loss: 0.6072
2026-06-22 21:13:41 | DEBUG    |   Batch  120/336 | Loss: 0.5903
2026-06-22 21:13:42 | DEBUG    |   Batch  130/336 | Loss: 0.6648
2026-06-22 21:13:44 | DEBUG    |   Batch  140/336 | Loss: 0.5626
2026-06-22 21:13:46 | DEBUG    |   Batch  150/336 | Loss: 0.6779
2026-06-22 21:13:47 | DEBUG    |   Batch  160/336 | Loss: 0.7263
2026-06-22 21:13:49 | DEBUG    |   Batch  170/336 | Loss: 0.6248
2026-06-22 21:13:50 | DEBUG    |   Batch  180/336 | Loss: 0.7275
2026-06-22 21:13:52 | DEBUG    |   Batch  190/336 | Loss: 0.5621
2026-06-22 21:13:53 | DEBUG    |   Batch  200/336 | Loss: 0.6374
2026-06-22 21:13:55 | DEBUG    |   Batch  210/336 | Loss: 0.7132
2026-06-22 21:13:56 | DEBUG    |   Batch  220/336 | Loss: 0.6698
2026-06-22 21:13:58 | DEBUG    |   Batch  230/336 | Loss: 0.6583
2026-06-22 21:14:00 | DEBUG    |   Batch  240/336 | Loss: 0.6499
2026-06-22 21:14:01 | DEBUG    |   Batch  250/336 | Loss: 0.5953
2026-06-22 21:14:03 | DEBUG    |   Batch  260/336 | Loss: 0.6475
2026-06-22 21:14:04 | DEBUG    |   Batch  270/336 | Loss: 0.6577
2026-06-22 21:14:06 | DEBUG    |   Batch  280/336 | Loss: 0.6490
2026-06-22 21:14:07 | DEBUG    |   Batch  290/336 | Loss: 0.5606
2026-06-22 21:14:09 | DEBUG    |   Batch  300/336 | Loss: 0.6646
2026-06-22 21:14:10 | DEBUG    |   Batch  310/336 | Loss: 0.6557
2026-06-22 21:14:12 | DEBUG    |   Batch  320/336 | Loss: 0.6380
2026-06-22 21:14:14 | DEBUG    |   Batch  330/336 | Loss: 0.6329
2026-06-22 21:22:54 | INFO     |   Train Loss: 0.6267 | Val Loss: 0.6776 | Mean DSC: 0.4483
2026-06-22 21:22:54 | INFO     |   DSC   NCR/ED/NET/ET : 0.2683 / 0.8516 / 0.0051 / 0.6680
2026-06-22 21:22:54 | INFO     |   HD95  NCR/ED/NET/ET : 10.78 / 9.27 / 95.23 / 17.58  mm
2026-06-22 21:22:54 | INFO     |   Sens  NCR/ED/NET/ET : 0.1927 / 0.8192 / 0.4363 / 0.7359
2026-06-22 21:22:54 | INFO     |   Prec  NCR/ED/NET/ET : 0.4413 / 0.8867 / 0.0026 / 0.6115
2026-06-22 21:22:54 | INFO     |   Time: 572.3s | Elapsed: 1.27h | ETA: 44h 53m | LR: 9.91e-05
2026-06-22 21:22:54 | INFO     | -----------------------------------------------------------------
2026-06-22 21:22:54 | INFO     | Epoch 19/300
2026-06-22 21:22:54 | DEBUG    |   Batch    0/336 | Loss: 0.6171
2026-06-22 21:22:56 | DEBUG    |   Batch   10/336 | Loss: 0.7594
2026-06-22 21:22:58 | DEBUG    |   Batch   20/336 | Loss: 0.5887
2026-06-22 21:22:59 | DEBUG    |   Batch   30/336 | Loss: 0.6985
2026-06-22 21:23:01 | DEBUG    |   Batch   40/336 | Loss: 0.5913
2026-06-22 21:23:02 | DEBUG    |   Batch   50/336 | Loss: 0.6167
2026-06-22 21:23:04 | DEBUG    |   Batch   60/336 | Loss: 0.6602
2026-06-22 21:23:05 | DEBUG    |   Batch   70/336 | Loss: 0.5904
2026-06-22 21:23:07 | DEBUG    |   Batch   80/336 | Loss: 0.6084
2026-06-22 21:23:08 | DEBUG    |   Batch   90/336 | Loss: 0.6079
2026-06-22 21:23:10 | DEBUG    |   Batch  100/336 | Loss: 0.6738
2026-06-22 21:23:12 | DEBUG    |   Batch  110/336 | Loss: 0.6380
2026-06-22 21:23:13 | DEBUG    |   Batch  120/336 | Loss: 0.6263
2026-06-22 21:23:15 | DEBUG    |   Batch  130/336 | Loss: 0.6860
2026-06-22 21:23:16 | DEBUG    |   Batch  140/336 | Loss: 0.6015
2026-06-22 21:23:18 | DEBUG    |   Batch  150/336 | Loss: 0.7104
2026-06-22 21:23:19 | DEBUG    |   Batch  160/336 | Loss: 0.6132
2026-06-22 21:23:21 | DEBUG    |   Batch  170/336 | Loss: 0.6778
2026-06-22 21:23:22 | DEBUG    |   Batch  180/336 | Loss: 0.6777
2026-06-22 21:23:24 | DEBUG    |   Batch  190/336 | Loss: 0.6392
2026-06-22 21:23:26 | DEBUG    |   Batch  200/336 | Loss: 0.5834
2026-06-22 21:23:27 | DEBUG    |   Batch  210/336 | Loss: 0.5688
2026-06-22 21:23:29 | DEBUG    |   Batch  220/336 | Loss: 0.5804
2026-06-22 21:23:30 | DEBUG    |   Batch  230/336 | Loss: 0.7402
2026-06-22 21:23:32 | DEBUG    |   Batch  240/336 | Loss: 0.6392
2026-06-22 21:23:33 | DEBUG    |   Batch  250/336 | Loss: 0.5972
2026-06-22 21:23:35 | DEBUG    |   Batch  260/336 | Loss: 0.6219
2026-06-22 21:23:37 | DEBUG    |   Batch  270/336 | Loss: 0.5933
2026-06-22 21:23:38 | DEBUG    |   Batch  280/336 | Loss: 0.7427
2026-06-22 21:23:40 | DEBUG    |   Batch  290/336 | Loss: 0.6331
2026-06-22 21:23:41 | DEBUG    |   Batch  300/336 | Loss: 0.6156
2026-06-22 21:23:43 | DEBUG    |   Batch  310/336 | Loss: 0.6443
2026-06-22 21:23:44 | DEBUG    |   Batch  320/336 | Loss: 0.6692
2026-06-22 21:23:46 | DEBUG    |   Batch  330/336 | Loss: 0.6173
2026-06-22 21:32:29 | INFO     |   Train Loss: 0.6213 | Val Loss: 0.6789 | Mean DSC: 0.4665
2026-06-22 21:32:29 | INFO     |   DSC   NCR/ED/NET/ET : 0.3699 / 0.8567 / 0.0050 / 0.6341
2026-06-22 21:32:29 | INFO     |   HD95  NCR/ED/NET/ET : 9.57 / 10.29 / 95.24 / 15.08  mm
2026-06-22 21:32:29 | INFO     |   Sens  NCR/ED/NET/ET : 0.2869 / 0.8607 / 0.4289 / 0.5506
2026-06-22 21:32:29 | INFO     |   Prec  NCR/ED/NET/ET : 0.5207 / 0.8527 / 0.0025 / 0.7476
2026-06-22 21:32:29 | INFO     |   Time: 575.0s | Elapsed: 1.43h | ETA: 44h 44m | LR: 9.90e-05
2026-06-22 21:32:29 | INFO     |   ✓ New best model saved (DSC: 0.4665)
2026-06-22 21:32:29 | INFO     | -----------------------------------------------------------------
2026-06-22 21:32:29 | INFO     | Epoch 20/300
2026-06-22 21:32:30 | DEBUG    |   Batch    0/336 | Loss: 0.5556
2026-06-22 21:32:31 | DEBUG    |   Batch   10/336 | Loss: 0.5998
2026-06-22 21:32:33 | DEBUG    |   Batch   20/336 | Loss: 0.6356
2026-06-22 21:32:34 | DEBUG    |   Batch   30/336 | Loss: 0.6690
2026-06-22 21:32:36 | DEBUG    |   Batch   40/336 | Loss: 0.6401
2026-06-22 21:32:37 | DEBUG    |   Batch   50/336 | Loss: 0.6958
2026-06-22 21:32:39 | DEBUG    |   Batch   60/336 | Loss: 0.6560
2026-06-22 21:32:40 | DEBUG    |   Batch   70/336 | Loss: 0.6176
2026-06-22 21:32:42 | DEBUG    |   Batch   80/336 | Loss: 0.6570
2026-06-22 21:32:44 | DEBUG    |   Batch   90/336 | Loss: 0.6114
2026-06-22 21:32:45 | DEBUG    |   Batch  100/336 | Loss: 0.7741
2026-06-22 21:32:47 | DEBUG    |   Batch  110/336 | Loss: 0.6136
2026-06-22 21:32:48 | DEBUG    |   Batch  120/336 | Loss: 0.5827
2026-06-22 21:32:50 | DEBUG    |   Batch  130/336 | Loss: 0.6563
2026-06-22 21:32:51 | DEBUG    |   Batch  140/336 | Loss: 0.6435
2026-06-22 21:32:53 | DEBUG    |   Batch  150/336 | Loss: 0.6020
2026-06-22 21:32:54 | DEBUG    |   Batch  160/336 | Loss: 0.5938
2026-06-22 21:32:56 | DEBUG    |   Batch  170/336 | Loss: 0.6426
2026-06-22 21:32:58 | DEBUG    |   Batch  180/336 | Loss: 0.6548
2026-06-22 21:32:59 | DEBUG    |   Batch  190/336 | Loss: 0.6210
2026-06-22 21:33:01 | DEBUG    |   Batch  200/336 | Loss: 0.5222
2026-06-22 21:33:02 | DEBUG    |   Batch  210/336 | Loss: 0.6243
2026-06-22 21:33:04 | DEBUG    |   Batch  220/336 | Loss: 0.6320
2026-06-22 21:33:05 | DEBUG    |   Batch  230/336 | Loss: 0.6070
2026-06-22 21:33:07 | DEBUG    |   Batch  240/336 | Loss: 0.5752
2026-06-22 21:33:08 | DEBUG    |   Batch  250/336 | Loss: 0.5683
2026-06-22 21:33:10 | DEBUG    |   Batch  260/336 | Loss: 0.6636
2026-06-22 21:33:12 | DEBUG    |   Batch  270/336 | Loss: 0.6294
2026-06-22 21:33:13 | DEBUG    |   Batch  280/336 | Loss: 0.6663
2026-06-22 21:33:15 | DEBUG    |   Batch  290/336 | Loss: 0.6433
2026-06-22 21:33:16 | DEBUG    |   Batch  300/336 | Loss: 0.6393
2026-06-22 21:33:18 | DEBUG    |   Batch  310/336 | Loss: 0.6184
2026-06-22 21:33:19 | DEBUG    |   Batch  320/336 | Loss: 0.6448
2026-06-22 21:33:21 | DEBUG    |   Batch  330/336 | Loss: 0.6080
2026-06-22 21:41:59 | INFO     |   Train Loss: 0.6222 | Val Loss: 0.6812 | Mean DSC: 0.4387
2026-06-22 21:41:59 | INFO     |   DSC   NCR/ED/NET/ET : 0.2468 / 0.8586 / 0.0049 / 0.6443
2026-06-22 21:41:59 | INFO     |   HD95  NCR/ED/NET/ET : 10.32 / 11.05 / 95.25 / 21.25  mm
2026-06-22 21:41:59 | INFO     |   Sens  NCR/ED/NET/ET : 0.1628 / 0.8732 / 0.4143 / 0.7735
2026-06-22 21:41:59 | INFO     |   Prec  NCR/ED/NET/ET : 0.5098 / 0.8445 / 0.0025 / 0.5520
2026-06-22 21:41:59 | INFO     |   Time: 570.1s | Elapsed: 1.59h | ETA: 44h 33m | LR: 9.89e-05
2026-06-22 21:41:59 | INFO     |   Checkpoint saved → checkpoint_epoch20.pth
2026-06-22 21:41:59 | INFO     | -----------------------------------------------------------------
2026-06-22 21:41:59 | INFO     | Epoch 21/300
2026-06-22 21:42:00 | DEBUG    |   Batch    0/336 | Loss: 0.6386
2026-06-22 21:42:01 | DEBUG    |   Batch   10/336 | Loss: 0.5886
2026-06-22 21:42:03 | DEBUG    |   Batch   20/336 | Loss: 0.5657
2026-06-22 21:42:04 | DEBUG    |   Batch   30/336 | Loss: 0.6350
2026-06-22 21:42:06 | DEBUG    |   Batch   40/336 | Loss: 0.6208
2026-06-22 21:42:07 | DEBUG    |   Batch   50/336 | Loss: 0.6282
2026-06-22 21:42:09 | DEBUG    |   Batch   60/336 | Loss: 0.6165
2026-06-22 21:42:11 | DEBUG    |   Batch   70/336 | Loss: 0.6391
2026-06-22 21:42:12 | DEBUG    |   Batch   80/336 | Loss: 0.6313
2026-06-22 21:42:14 | DEBUG    |   Batch   90/336 | Loss: 0.6406
2026-06-22 21:42:15 | DEBUG    |   Batch  100/336 | Loss: 0.5895
2026-06-22 21:42:17 | DEBUG    |   Batch  110/336 | Loss: 0.5355
2026-06-22 21:42:18 | DEBUG    |   Batch  120/336 | Loss: 0.6396
2026-06-22 21:42:20 | DEBUG    |   Batch  130/336 | Loss: 0.6640
2026-06-22 21:42:21 | DEBUG    |   Batch  140/336 | Loss: 0.5558
2026-06-22 21:42:23 | DEBUG    |   Batch  150/336 | Loss: 0.6313
2026-06-22 21:42:25 | DEBUG    |   Batch  160/336 | Loss: 0.6095
2026-06-22 21:42:26 | DEBUG    |   Batch  170/336 | Loss: 0.6138
2026-06-22 21:42:28 | DEBUG    |   Batch  180/336 | Loss: 0.6463
2026-06-22 21:42:29 | DEBUG    |   Batch  190/336 | Loss: 0.5332
2026-06-22 21:42:31 | DEBUG    |   Batch  200/336 | Loss: 0.5829
2026-06-22 21:42:32 | DEBUG    |   Batch  210/336 | Loss: 0.6716
2026-06-22 21:42:34 | DEBUG    |   Batch  220/336 | Loss: 0.6013
2026-06-22 21:42:35 | DEBUG    |   Batch  230/336 | Loss: 0.6771
2026-06-22 21:42:37 | DEBUG    |   Batch  240/336 | Loss: 0.6354
2026-06-22 21:42:39 | DEBUG    |   Batch  250/336 | Loss: 0.6089
2026-06-22 21:42:40 | DEBUG    |   Batch  260/336 | Loss: 0.5956
2026-06-22 21:42:42 | DEBUG    |   Batch  270/336 | Loss: 0.5879
2026-06-22 21:42:43 | DEBUG    |   Batch  280/336 | Loss: 0.6346
2026-06-22 21:42:45 | DEBUG    |   Batch  290/336 | Loss: 0.5819
2026-06-22 21:42:46 | DEBUG    |   Batch  300/336 | Loss: 0.6449
2026-06-22 21:42:48 | DEBUG    |   Batch  310/336 | Loss: 0.6060
2026-06-22 21:42:49 | DEBUG    |   Batch  320/336 | Loss: 0.5837
2026-06-22 21:42:51 | DEBUG    |   Batch  330/336 | Loss: 0.7001
2026-06-22 21:51:27 | INFO     |   Train Loss: 0.6176 | Val Loss: 0.6777 | Mean DSC: 0.4581
2026-06-22 21:51:27 | INFO     |   DSC   NCR/ED/NET/ET : 0.2904 / 0.8527 / 0.0053 / 0.6838
2026-06-22 21:51:27 | INFO     |   HD95  NCR/ED/NET/ET : 11.38 / 8.49 / 95.23 / 14.62  mm
2026-06-22 21:51:27 | INFO     |   Sens  NCR/ED/NET/ET : 0.2009 / 0.8187 / 0.4538 / 0.7326
2026-06-22 21:51:27 | INFO     |   Prec  NCR/ED/NET/ET : 0.5232 / 0.8897 / 0.0027 / 0.6410
2026-06-22 21:51:27 | INFO     |   Time: 568.0s | Elapsed: 1.75h | ETA: 44h 22m | LR: 9.88e-05
2026-06-22 21:51:27 | INFO     | -----------------------------------------------------------------
2026-06-22 21:51:27 | INFO     | Epoch 22/300
2026-06-22 21:51:28 | DEBUG    |   Batch    0/336 | Loss: 0.7168
2026-06-22 21:51:29 | DEBUG    |   Batch   10/336 | Loss: 0.6237
2026-06-22 21:51:31 | DEBUG    |   Batch   20/336 | Loss: 0.6756
2026-06-22 21:51:32 | DEBUG    |   Batch   30/336 | Loss: 0.6719
2026-06-22 21:51:34 | DEBUG    |   Batch   40/336 | Loss: 0.6457
2026-06-22 21:51:35 | DEBUG    |   Batch   50/336 | Loss: 0.6834
2026-06-22 21:51:37 | DEBUG    |   Batch   60/336 | Loss: 0.6570
2026-06-22 21:51:39 | DEBUG    |   Batch   70/336 | Loss: 0.5737
2026-06-22 21:51:40 | DEBUG    |   Batch   80/336 | Loss: 0.6262
2026-06-22 21:51:42 | DEBUG    |   Batch   90/336 | Loss: 0.6807
2026-06-22 21:51:43 | DEBUG    |   Batch  100/336 | Loss: 0.6791
2026-06-22 21:51:45 | DEBUG    |   Batch  110/336 | Loss: 0.6318
2026-06-22 21:51:46 | DEBUG    |   Batch  120/336 | Loss: 0.6411
2026-06-22 21:51:48 | DEBUG    |   Batch  130/336 | Loss: 0.6558
2026-06-22 21:51:49 | DEBUG    |   Batch  140/336 | Loss: 0.5610
2026-06-22 21:51:51 | DEBUG    |   Batch  150/336 | Loss: 0.6471
2026-06-22 21:51:53 | DEBUG    |   Batch  160/336 | Loss: 0.6691
2026-06-22 21:51:54 | DEBUG    |   Batch  170/336 | Loss: 0.7148
2026-06-22 21:51:56 | DEBUG    |   Batch  180/336 | Loss: 0.6347
2026-06-22 21:51:57 | DEBUG    |   Batch  190/336 | Loss: 0.5894
2026-06-22 21:51:59 | DEBUG    |   Batch  200/336 | Loss: 0.5900
2026-06-22 21:52:00 | DEBUG    |   Batch  210/336 | Loss: 0.5808
2026-06-22 21:52:02 | DEBUG    |   Batch  220/336 | Loss: 0.6006
2026-06-22 21:52:03 | DEBUG    |   Batch  230/336 | Loss: 0.6273
2026-06-22 21:52:05 | DEBUG    |   Batch  240/336 | Loss: 0.5667
2026-06-22 21:52:07 | DEBUG    |   Batch  250/336 | Loss: 0.5023
2026-06-22 21:52:08 | DEBUG    |   Batch  260/336 | Loss: 0.7421
2026-06-22 21:52:10 | DEBUG    |   Batch  270/336 | Loss: 0.6524
2026-06-22 21:52:11 | DEBUG    |   Batch  280/336 | Loss: 0.6448
2026-06-22 21:52:13 | DEBUG    |   Batch  290/336 | Loss: 0.6672
2026-06-22 21:52:14 | DEBUG    |   Batch  300/336 | Loss: 0.6461
2026-06-22 21:52:16 | DEBUG    |   Batch  310/336 | Loss: 0.6073
2026-06-22 21:52:17 | DEBUG    |   Batch  320/336 | Loss: 0.5953
2026-06-22 21:52:19 | DEBUG    |   Batch  330/336 | Loss: 0.5715
2026-06-22 22:00:55 | INFO     |   Train Loss: 0.6159 | Val Loss: 0.6820 | Mean DSC: 0.4437
2026-06-22 22:00:55 | INFO     |   DSC   NCR/ED/NET/ET : 0.2640 / 0.8420 / 0.0052 / 0.6635
2026-06-22 22:00:55 | INFO     |   HD95  NCR/ED/NET/ET : 10.66 / 9.89 / 95.24 / 13.98  mm
2026-06-22 22:00:55 | INFO     |   Sens  NCR/ED/NET/ET : 0.1804 / 0.8128 / 0.4397 / 0.7330
2026-06-22 22:00:55 | INFO     |   Prec  NCR/ED/NET/ET : 0.4922 / 0.8733 / 0.0026 / 0.6060
2026-06-22 22:00:55 | INFO     |   Time: 568.5s | Elapsed: 1.91h | ETA: 44h 11m | LR: 9.87e-05
2026-06-22 22:00:55 | INFO     | -----------------------------------------------------------------
2026-06-22 22:00:55 | INFO     | Epoch 23/300
2026-06-22 22:00:56 | DEBUG    |   Batch    0/336 | Loss: 0.6010
2026-06-22 22:00:58 | DEBUG    |   Batch   10/336 | Loss: 0.6267
2026-06-22 22:00:59 | DEBUG    |   Batch   20/336 | Loss: 0.6218
2026-06-22 22:01:01 | DEBUG    |   Batch   30/336 | Loss: 0.6428
2026-06-22 22:01:02 | DEBUG    |   Batch   40/336 | Loss: 0.5634
2026-06-22 22:01:04 | DEBUG    |   Batch   50/336 | Loss: 0.5771
2026-06-22 22:01:06 | DEBUG    |   Batch   60/336 | Loss: 0.5971
2026-06-22 22:01:07 | DEBUG    |   Batch   70/336 | Loss: 0.5691
2026-06-22 22:01:09 | DEBUG    |   Batch   80/336 | Loss: 0.5638
2026-06-22 22:01:10 | DEBUG    |   Batch   90/336 | Loss: 0.6445
2026-06-22 22:01:12 | DEBUG    |   Batch  100/336 | Loss: 0.6275
2026-06-22 22:01:13 | DEBUG    |   Batch  110/336 | Loss: 0.6253
2026-06-22 22:01:15 | DEBUG    |   Batch  120/336 | Loss: 0.5712
2026-06-22 22:01:16 | DEBUG    |   Batch  130/336 | Loss: 0.6584
2026-06-22 22:01:18 | DEBUG    |   Batch  140/336 | Loss: 0.6574
2026-06-22 22:01:20 | DEBUG    |   Batch  150/336 | Loss: 0.7515
2026-06-22 22:01:21 | DEBUG    |   Batch  160/336 | Loss: 0.6443
2026-06-22 22:01:23 | DEBUG    |   Batch  170/336 | Loss: 0.5868
2026-06-22 22:01:24 | DEBUG    |   Batch  180/336 | Loss: 0.6191
2026-06-22 22:01:26 | DEBUG    |   Batch  190/336 | Loss: 0.6573
2026-06-22 22:01:27 | DEBUG    |   Batch  200/336 | Loss: 0.5818
2026-06-22 22:01:29 | DEBUG    |   Batch  210/336 | Loss: 0.5514
2026-06-22 22:01:30 | DEBUG    |   Batch  220/336 | Loss: 0.5966
2026-06-22 22:01:32 | DEBUG    |   Batch  230/336 | Loss: 0.6485
2026-06-22 22:01:34 | DEBUG    |   Batch  240/336 | Loss: 0.5765
2026-06-22 22:01:35 | DEBUG    |   Batch  250/336 | Loss: 0.6651
2026-06-22 22:01:37 | DEBUG    |   Batch  260/336 | Loss: 0.5732
2026-06-22 22:01:38 | DEBUG    |   Batch  270/336 | Loss: 0.6590
2026-06-22 22:01:40 | DEBUG    |   Batch  280/336 | Loss: 0.6615
2026-06-22 22:01:41 | DEBUG    |   Batch  290/336 | Loss: 0.5814
2026-06-22 22:01:43 | DEBUG    |   Batch  300/336 | Loss: 0.5663
2026-06-22 22:01:44 | DEBUG    |   Batch  310/336 | Loss: 0.5829
2026-06-22 22:01:46 | DEBUG    |   Batch  320/336 | Loss: 0.6301
2026-06-22 22:01:48 | DEBUG    |   Batch  330/336 | Loss: 0.6213
2026-06-22 22:10:23 | INFO     |   Train Loss: 0.6170 | Val Loss: 0.6757 | Mean DSC: 0.4689
2026-06-22 22:10:23 | INFO     |   DSC   NCR/ED/NET/ET : 0.3668 / 0.8504 / 0.0051 / 0.6532
2026-06-22 22:10:23 | INFO     |   HD95  NCR/ED/NET/ET : 9.18 / 8.74 / 95.25 / 21.73  mm
2026-06-22 22:10:23 | INFO     |   Sens  NCR/ED/NET/ET : 0.2815 / 0.8342 / 0.4345 / 0.8177
2026-06-22 22:10:23 | INFO     |   Prec  NCR/ED/NET/ET : 0.5263 / 0.8672 / 0.0026 / 0.5438
2026-06-22 22:10:23 | INFO     |   Time: 567.9s | Elapsed: 2.07h | ETA: 44h 0m | LR: 9.86e-05
2026-06-22 22:10:23 | INFO     |   ✓ New best model saved (DSC: 0.4689)
2026-06-22 22:10:23 | INFO     | -----------------------------------------------------------------
2026-06-22 22:10:23 | INFO     | Epoch 24/300
2026-06-22 22:10:24 | DEBUG    |   Batch    0/336 | Loss: 0.5893
2026-06-22 22:10:26 | DEBUG    |   Batch   10/336 | Loss: 0.6430
2026-06-22 22:10:27 | DEBUG    |   Batch   20/336 | Loss: 0.6106
2026-06-22 22:10:29 | DEBUG    |   Batch   30/336 | Loss: 0.6688
2026-06-22 22:10:30 | DEBUG    |   Batch   40/336 | Loss: 0.5936
2026-06-22 22:10:32 | DEBUG    |   Batch   50/336 | Loss: 0.5645
2026-06-22 22:10:34 | DEBUG    |   Batch   60/336 | Loss: 0.5436
2026-06-22 22:10:35 | DEBUG    |   Batch   70/336 | Loss: 0.5382
2026-06-22 22:10:37 | DEBUG    |   Batch   80/336 | Loss: 0.7125
2026-06-22 22:10:38 | DEBUG    |   Batch   90/336 | Loss: 0.5633
2026-06-22 22:10:40 | DEBUG    |   Batch  100/336 | Loss: 0.6969
2026-06-22 22:10:41 | DEBUG    |   Batch  110/336 | Loss: 0.5721
2026-06-22 22:10:43 | DEBUG    |   Batch  120/336 | Loss: 0.6120
2026-06-22 22:10:44 | DEBUG    |   Batch  130/336 | Loss: 0.5928
2026-06-22 22:10:46 | DEBUG    |   Batch  140/336 | Loss: 0.6127
2026-06-22 22:10:48 | DEBUG    |   Batch  150/336 | Loss: 0.6160
2026-06-22 22:10:49 | DEBUG    |   Batch  160/336 | Loss: 0.5818
2026-06-22 22:10:51 | DEBUG    |   Batch  170/336 | Loss: 0.6075
2026-06-22 22:10:52 | DEBUG    |   Batch  180/336 | Loss: 0.6707
2026-06-22 22:10:54 | DEBUG    |   Batch  190/336 | Loss: 0.6182
2026-06-22 22:10:55 | DEBUG    |   Batch  200/336 | Loss: 0.5821
2026-06-22 22:10:57 | DEBUG    |   Batch  210/336 | Loss: 0.6746
2026-06-22 22:10:58 | DEBUG    |   Batch  220/336 | Loss: 0.6316
2026-06-22 22:11:00 | DEBUG    |   Batch  230/336 | Loss: 0.5876
2026-06-22 22:11:02 | DEBUG    |   Batch  240/336 | Loss: 0.5950
2026-06-22 22:11:03 | DEBUG    |   Batch  250/336 | Loss: 0.6342
2026-06-22 22:11:05 | DEBUG    |   Batch  260/336 | Loss: 0.6595
2026-06-22 22:11:06 | DEBUG    |   Batch  270/336 | Loss: 0.5665
2026-06-22 22:11:08 | DEBUG    |   Batch  280/336 | Loss: 0.6658
2026-06-22 22:11:09 | DEBUG    |   Batch  290/336 | Loss: 0.6002
2026-06-22 22:11:11 | DEBUG    |   Batch  300/336 | Loss: 0.5457
2026-06-22 22:11:12 | DEBUG    |   Batch  310/336 | Loss: 0.6132
2026-06-22 22:11:14 | DEBUG    |   Batch  320/336 | Loss: 0.6067
2026-06-22 22:11:16 | DEBUG    |   Batch  330/336 | Loss: 0.5947
2026-06-22 22:19:53 | INFO     |   Train Loss: 0.6136 | Val Loss: 0.6680 | Mean DSC: 0.4776
2026-06-22 22:19:53 | INFO     |   DSC   NCR/ED/NET/ET : 0.3421 / 0.8598 / 0.0051 / 0.7033
2026-06-22 22:19:53 | INFO     |   HD95  NCR/ED/NET/ET : 11.04 / 10.93 / 95.25 / 16.51  mm
2026-06-22 22:19:53 | INFO     |   Sens  NCR/ED/NET/ET : 0.2796 / 0.8663 / 0.4363 / 0.7822
2026-06-22 22:19:53 | INFO     |   Prec  NCR/ED/NET/ET : 0.4406 / 0.8535 / 0.0026 / 0.6389
2026-06-22 22:19:53 | INFO     |   Time: 569.6s | Elapsed: 2.22h | ETA: 43h 49m | LR: 9.84e-05
2026-06-22 22:19:53 | INFO     |   ✓ New best model saved (DSC: 0.4776)
2026-06-22 22:19:53 | INFO     | -----------------------------------------------------------------
2026-06-22 22:19:53 | INFO     | Epoch 25/300
2026-06-22 22:19:54 | DEBUG    |   Batch    0/336 | Loss: 0.5864
2026-06-22 22:19:55 | DEBUG    |   Batch   10/336 | Loss: 0.6628
2026-06-22 22:19:57 | DEBUG    |   Batch   20/336 | Loss: 0.6296
2026-06-22 22:19:58 | DEBUG    |   Batch   30/336 | Loss: 0.5543
2026-06-22 22:20:00 | DEBUG    |   Batch   40/336 | Loss: 0.6675
2026-06-22 22:20:02 | DEBUG    |   Batch   50/336 | Loss: 0.6412
2026-06-22 22:20:03 | DEBUG    |   Batch   60/336 | Loss: 0.7081
2026-06-22 22:20:05 | DEBUG    |   Batch   70/336 | Loss: 0.5495
2026-06-22 22:20:06 | DEBUG    |   Batch   80/336 | Loss: 0.6102
2026-06-22 22:20:08 | DEBUG    |   Batch   90/336 | Loss: 0.5502
2026-06-22 22:20:09 | DEBUG    |   Batch  100/336 | Loss: 0.7129
2026-06-22 22:20:11 | DEBUG    |   Batch  110/336 | Loss: 0.5151
2026-06-22 22:20:12 | DEBUG    |   Batch  120/336 | Loss: 0.5830
2026-06-22 22:20:14 | DEBUG    |   Batch  130/336 | Loss: 0.6476
2026-06-22 22:20:16 | DEBUG    |   Batch  140/336 | Loss: 0.6299
2026-06-22 22:20:17 | DEBUG    |   Batch  150/336 | Loss: 0.5844
2026-06-22 22:20:19 | DEBUG    |   Batch  160/336 | Loss: 0.6679
2026-06-22 22:20:20 | DEBUG    |   Batch  170/336 | Loss: 0.5874
2026-06-22 22:20:22 | DEBUG    |   Batch  180/336 | Loss: 0.6456
2026-06-22 22:20:23 | DEBUG    |   Batch  190/336 | Loss: 0.5727
2026-06-22 22:20:25 | DEBUG    |   Batch  200/336 | Loss: 0.6436
2026-06-22 22:20:26 | DEBUG    |   Batch  210/336 | Loss: 0.6656
2026-06-22 22:20:28 | DEBUG    |   Batch  220/336 | Loss: 0.5634
2026-06-22 22:20:30 | DEBUG    |   Batch  230/336 | Loss: 0.5457
2026-06-22 22:20:31 | DEBUG    |   Batch  240/336 | Loss: 0.6120
2026-06-22 22:20:33 | DEBUG    |   Batch  250/336 | Loss: 0.6145
2026-06-22 22:20:34 | DEBUG    |   Batch  260/336 | Loss: 0.6160
2026-06-22 22:20:36 | DEBUG    |   Batch  270/336 | Loss: 0.5695
2026-06-22 22:20:37 | DEBUG    |   Batch  280/336 | Loss: 0.5686
2026-06-22 22:20:39 | DEBUG    |   Batch  290/336 | Loss: 0.6497
2026-06-22 22:20:41 | DEBUG    |   Batch  300/336 | Loss: 0.6287
2026-06-22 22:20:42 | DEBUG    |   Batch  310/336 | Loss: 0.6184
2026-06-22 22:20:44 | DEBUG    |   Batch  320/336 | Loss: 0.5720
2026-06-22 22:20:45 | DEBUG    |   Batch  330/336 | Loss: 0.5346
2026-06-22 22:29:21 | INFO     |   Train Loss: 0.6132 | Val Loss: 0.6713 | Mean DSC: 0.4916
2026-06-22 22:29:21 | INFO     |   DSC   NCR/ED/NET/ET : 0.3829 / 0.8596 / 0.0052 / 0.7188
2026-06-22 22:29:21 | INFO     |   HD95  NCR/ED/NET/ET : 10.32 / 9.01 / 95.23 / 16.13  mm
2026-06-22 22:29:21 | INFO     |   Sens  NCR/ED/NET/ET : 0.3195 / 0.8324 / 0.4389 / 0.7296
2026-06-22 22:29:21 | INFO     |   Prec  NCR/ED/NET/ET : 0.4776 / 0.8887 / 0.0026 / 0.7083
2026-06-22 22:29:21 | INFO     |   Time: 568.5s | Elapsed: 2.38h | ETA: 43h 39m | LR: 9.83e-05
2026-06-22 22:29:22 | INFO     |   ✓ New best model saved (DSC: 0.4916)
2026-06-22 22:29:22 | INFO     | -----------------------------------------------------------------
2026-06-22 22:29:22 | INFO     | Epoch 26/300
2026-06-22 22:29:22 | DEBUG    |   Batch    0/336 | Loss: 0.6301
2026-06-22 22:29:24 | DEBUG    |   Batch   10/336 | Loss: 0.6476
2026-06-22 22:29:25 | DEBUG    |   Batch   20/336 | Loss: 0.6309
2026-06-22 22:29:27 | DEBUG    |   Batch   30/336 | Loss: 0.6042
2026-06-22 22:29:29 | DEBUG    |   Batch   40/336 | Loss: 0.5093
2026-06-22 22:29:30 | DEBUG    |   Batch   50/336 | Loss: 0.6204
2026-06-22 22:29:32 | DEBUG    |   Batch   60/336 | Loss: 0.6231
2026-06-22 22:29:33 | DEBUG    |   Batch   70/336 | Loss: 0.5782
2026-06-22 22:29:35 | DEBUG    |   Batch   80/336 | Loss: 0.5988
2026-06-22 22:29:36 | DEBUG    |   Batch   90/336 | Loss: 0.6111
2026-06-22 22:29:38 | DEBUG    |   Batch  100/336 | Loss: 0.6425
2026-06-22 22:29:39 | DEBUG    |   Batch  110/336 | Loss: 0.6187
2026-06-22 22:29:41 | DEBUG    |   Batch  120/336 | Loss: 0.7269
2026-06-22 22:29:43 | DEBUG    |   Batch  130/336 | Loss: 0.5571
2026-06-22 22:29:44 | DEBUG    |   Batch  140/336 | Loss: 0.6616
2026-06-22 22:29:46 | DEBUG    |   Batch  150/336 | Loss: 0.6315
2026-06-22 22:29:47 | DEBUG    |   Batch  160/336 | Loss: 0.6202
2026-06-22 22:29:49 | DEBUG    |   Batch  170/336 | Loss: 0.6419
2026-06-22 22:29:50 | DEBUG    |   Batch  180/336 | Loss: 0.6499
2026-06-22 22:29:52 | DEBUG    |   Batch  190/336 | Loss: 0.6548
2026-06-22 22:29:53 | DEBUG    |   Batch  200/336 | Loss: 0.5919
2026-06-22 22:29:55 | DEBUG    |   Batch  210/336 | Loss: 0.5888
2026-06-22 22:29:57 | DEBUG    |   Batch  220/336 | Loss: 0.5790
2026-06-22 22:29:58 | DEBUG    |   Batch  230/336 | Loss: 0.6519
2026-06-22 22:30:00 | DEBUG    |   Batch  240/336 | Loss: 0.5526
2026-06-22 22:30:01 | DEBUG    |   Batch  250/336 | Loss: 0.5487
2026-06-22 22:30:03 | DEBUG    |   Batch  260/336 | Loss: 0.6935
2026-06-22 22:30:04 | DEBUG    |   Batch  270/336 | Loss: 0.5571
2026-06-22 22:30:06 | DEBUG    |   Batch  280/336 | Loss: 0.6514
2026-06-22 22:30:07 | DEBUG    |   Batch  290/336 | Loss: 0.5920
2026-06-22 22:30:09 | DEBUG    |   Batch  300/336 | Loss: 0.6321
2026-06-22 22:30:11 | DEBUG    |   Batch  310/336 | Loss: 0.6210
2026-06-22 22:30:12 | DEBUG    |   Batch  320/336 | Loss: 0.5898
2026-06-22 22:30:14 | DEBUG    |   Batch  330/336 | Loss: 0.6381
2026-06-22 22:38:51 | INFO     |   Train Loss: 0.6126 | Val Loss: 0.6723 | Mean DSC: 0.4708
2026-06-22 22:38:51 | INFO     |   DSC   NCR/ED/NET/ET : 0.3417 / 0.8410 / 0.0052 / 0.6955
2026-06-22 22:38:51 | INFO     |   HD95  NCR/ED/NET/ET : 9.41 / 9.57 / 95.23 / 14.56  mm
2026-06-22 22:38:51 | INFO     |   Sens  NCR/ED/NET/ET : 0.2523 / 0.7808 / 0.4429 / 0.7756
2026-06-22 22:38:51 | INFO     |   Prec  NCR/ED/NET/ET : 0.5294 / 0.9113 / 0.0026 / 0.6304
2026-06-22 22:38:51 | INFO     |   Time: 569.0s | Elapsed: 2.54h | ETA: 43h 29m | LR: 9.82e-05
2026-06-22 22:38:51 | INFO     | -----------------------------------------------------------------
2026-06-22 22:38:51 | INFO     | Epoch 27/300
2026-06-22 22:38:51 | DEBUG    |   Batch    0/336 | Loss: 0.5827
2026-06-22 22:38:53 | DEBUG    |   Batch   10/336 | Loss: 0.6379
2026-06-22 22:38:54 | DEBUG    |   Batch   20/336 | Loss: 0.6221
2026-06-22 22:38:56 | DEBUG    |   Batch   30/336 | Loss: 0.6213
2026-06-22 22:38:58 | DEBUG    |   Batch   40/336 | Loss: 0.7023
2026-06-22 22:38:59 | DEBUG    |   Batch   50/336 | Loss: 0.6121
2026-06-22 22:39:01 | DEBUG    |   Batch   60/336 | Loss: 0.6972
2026-06-22 22:39:02 | DEBUG    |   Batch   70/336 | Loss: 0.6498
2026-06-22 22:39:04 | DEBUG    |   Batch   80/336 | Loss: 0.5523
2026-06-22 22:39:05 | DEBUG    |   Batch   90/336 | Loss: 0.5936
2026-06-22 22:39:07 | DEBUG    |   Batch  100/336 | Loss: 0.5838
2026-06-22 22:39:08 | DEBUG    |   Batch  110/336 | Loss: 0.5971
2026-06-22 22:39:10 | DEBUG    |   Batch  120/336 | Loss: 0.6152
2026-06-22 22:39:12 | DEBUG    |   Batch  130/336 | Loss: 0.6302
2026-06-22 22:39:13 | DEBUG    |   Batch  140/336 | Loss: 0.5890
2026-06-22 22:39:15 | DEBUG    |   Batch  150/336 | Loss: 0.6280
2026-06-22 22:39:16 | DEBUG    |   Batch  160/336 | Loss: 0.6007
2026-06-22 22:39:18 | DEBUG    |   Batch  170/336 | Loss: 0.6509
2026-06-22 22:39:19 | DEBUG    |   Batch  180/336 | Loss: 0.6195
2026-06-22 22:39:21 | DEBUG    |   Batch  190/336 | Loss: 0.5243
2026-06-22 22:39:23 | DEBUG    |   Batch  200/336 | Loss: 0.6266
2026-06-22 22:39:24 | DEBUG    |   Batch  210/336 | Loss: 0.6595
2026-06-22 22:39:26 | DEBUG    |   Batch  220/336 | Loss: 0.6268
2026-06-22 22:39:27 | DEBUG    |   Batch  230/336 | Loss: 0.6489
2026-06-22 22:39:29 | DEBUG    |   Batch  240/336 | Loss: 0.5898
2026-06-22 22:39:30 | DEBUG    |   Batch  250/336 | Loss: 0.6247
2026-06-22 22:39:32 | DEBUG    |   Batch  260/336 | Loss: 0.6253
2026-06-22 22:39:33 | DEBUG    |   Batch  270/336 | Loss: 0.5731
2026-06-22 22:39:35 | DEBUG    |   Batch  280/336 | Loss: 0.6874
2026-06-22 22:39:37 | DEBUG    |   Batch  290/336 | Loss: 0.6969
2026-06-22 22:39:38 | DEBUG    |   Batch  300/336 | Loss: 0.5921
2026-06-22 22:39:40 | DEBUG    |   Batch  310/336 | Loss: 0.6137
2026-06-22 22:39:41 | DEBUG    |   Batch  320/336 | Loss: 0.6107
2026-06-22 22:39:43 | DEBUG    |   Batch  330/336 | Loss: 0.6101
2026-06-22 22:48:20 | INFO     |   Train Loss: 0.6112 | Val Loss: 0.6654 | Mean DSC: 0.4786
2026-06-22 22:48:20 | INFO     |   DSC   NCR/ED/NET/ET : 0.3500 / 0.8578 / 0.0051 / 0.7016
2026-06-22 22:48:20 | INFO     |   HD95  NCR/ED/NET/ET : 10.55 / 9.03 / 95.25 / 14.77  mm
2026-06-22 22:48:20 | INFO     |   Sens  NCR/ED/NET/ET : 0.2747 / 0.8642 / 0.4336 / 0.7565
2026-06-22 22:48:20 | INFO     |   Prec  NCR/ED/NET/ET : 0.4822 / 0.8515 / 0.0026 / 0.6541
2026-06-22 22:48:20 | INFO     |   Time: 569.5s | Elapsed: 2.70h | ETA: 43h 19m | LR: 9.80e-05
2026-06-22 22:48:20 | INFO     | -----------------------------------------------------------------
2026-06-22 22:48:20 | INFO     | Epoch 28/300
2026-06-22 22:48:21 | DEBUG    |   Batch    0/336 | Loss: 0.5788
2026-06-22 22:48:22 | DEBUG    |   Batch   10/336 | Loss: 0.6432
2026-06-22 22:48:24 | DEBUG    |   Batch   20/336 | Loss: 0.6085
2026-06-22 22:48:25 | DEBUG    |   Batch   30/336 | Loss: 0.5975
2026-06-22 22:48:27 | DEBUG    |   Batch   40/336 | Loss: 0.6232
2026-06-22 22:48:29 | DEBUG    |   Batch   50/336 | Loss: 0.5416
2026-06-22 22:48:30 | DEBUG    |   Batch   60/336 | Loss: 0.6995
2026-06-22 22:48:32 | DEBUG    |   Batch   70/336 | Loss: 0.5377
2026-06-22 22:48:33 | DEBUG    |   Batch   80/336 | Loss: 0.5926
2026-06-22 22:48:35 | DEBUG    |   Batch   90/336 | Loss: 0.6165
2026-06-22 22:48:36 | DEBUG    |   Batch  100/336 | Loss: 0.5939
2026-06-22 22:48:38 | DEBUG    |   Batch  110/336 | Loss: 0.5988
2026-06-22 22:48:39 | DEBUG    |   Batch  120/336 | Loss: 0.5858
2026-06-22 22:48:41 | DEBUG    |   Batch  130/336 | Loss: 0.5960
2026-06-22 22:48:43 | DEBUG    |   Batch  140/336 | Loss: 0.6151
2026-06-22 22:48:44 | DEBUG    |   Batch  150/336 | Loss: 0.5751
2026-06-22 22:48:46 | DEBUG    |   Batch  160/336 | Loss: 0.5878
2026-06-22 22:48:47 | DEBUG    |   Batch  170/336 | Loss: 0.6040
2026-06-22 22:48:49 | DEBUG    |   Batch  180/336 | Loss: 0.6604
2026-06-22 22:48:50 | DEBUG    |   Batch  190/336 | Loss: 0.6742
2026-06-22 22:48:52 | DEBUG    |   Batch  200/336 | Loss: 0.6414
2026-06-22 22:48:53 | DEBUG    |   Batch  210/336 | Loss: 0.6356
2026-06-22 22:48:55 | DEBUG    |   Batch  220/336 | Loss: 0.6545
2026-06-22 22:48:57 | DEBUG    |   Batch  230/336 | Loss: 0.5946
2026-06-22 22:48:58 | DEBUG    |   Batch  240/336 | Loss: 0.6197
2026-06-22 22:49:00 | DEBUG    |   Batch  250/336 | Loss: 0.5905
2026-06-22 22:49:01 | DEBUG    |   Batch  260/336 | Loss: 0.6280
2026-06-22 22:49:03 | DEBUG    |   Batch  270/336 | Loss: 0.5239
2026-06-22 22:49:04 | DEBUG    |   Batch  280/336 | Loss: 0.5923
2026-06-22 22:49:06 | DEBUG    |   Batch  290/336 | Loss: 0.6985
2026-06-22 22:49:07 | DEBUG    |   Batch  300/336 | Loss: 0.6233
2026-06-22 22:49:09 | DEBUG    |   Batch  310/336 | Loss: 0.6179
2026-06-22 22:49:11 | DEBUG    |   Batch  320/336 | Loss: 0.6174
2026-06-22 22:49:12 | DEBUG    |   Batch  330/336 | Loss: 0.5777
2026-06-22 22:57:48 | INFO     |   Train Loss: 0.6080 | Val Loss: 0.6636 | Mean DSC: 0.4954
2026-06-22 22:57:48 | INFO     |   DSC   NCR/ED/NET/ET : 0.4115 / 0.8623 / 0.0052 / 0.7026
2026-06-22 22:57:48 | INFO     |   HD95  NCR/ED/NET/ET : 10.60 / 9.26 / 95.24 / 15.33  mm
2026-06-22 22:57:48 | INFO     |   Sens  NCR/ED/NET/ET : 0.3675 / 0.8597 / 0.4453 / 0.7040
2026-06-22 22:57:48 | INFO     |   Prec  NCR/ED/NET/ET : 0.4676 / 0.8648 / 0.0026 / 0.7012
2026-06-22 22:57:48 | INFO     |   Time: 567.9s | Elapsed: 2.86h | ETA: 43h 8m | LR: 9.79e-05
2026-06-22 22:57:48 | INFO     |   ✓ New best model saved (DSC: 0.4954)
2026-06-22 22:57:48 | INFO     | -----------------------------------------------------------------
2026-06-22 22:57:48 | INFO     | Epoch 29/300
2026-06-22 22:57:49 | DEBUG    |   Batch    0/336 | Loss: 0.5840
2026-06-22 22:57:50 | DEBUG    |   Batch   10/336 | Loss: 0.5844
2026-06-22 22:57:52 | DEBUG    |   Batch   20/336 | Loss: 0.6498
2026-06-22 22:57:53 | DEBUG    |   Batch   30/336 | Loss: 0.6831
2026-06-22 22:57:55 | DEBUG    |   Batch   40/336 | Loss: 0.5840
2026-06-22 22:57:57 | DEBUG    |   Batch   50/336 | Loss: 0.5552
2026-06-22 22:57:58 | DEBUG    |   Batch   60/336 | Loss: 0.6924
2026-06-22 22:58:00 | DEBUG    |   Batch   70/336 | Loss: 0.5442
2026-06-22 22:58:01 | DEBUG    |   Batch   80/336 | Loss: 0.5517
2026-06-22 22:58:03 | DEBUG    |   Batch   90/336 | Loss: 0.5797
2026-06-22 22:58:04 | DEBUG    |   Batch  100/336 | Loss: 0.6100
2026-06-22 22:58:06 | DEBUG    |   Batch  110/336 | Loss: 0.5819
2026-06-22 22:58:07 | DEBUG    |   Batch  120/336 | Loss: 0.6228
2026-06-22 22:58:09 | DEBUG    |   Batch  130/336 | Loss: 0.5402
2026-06-22 22:58:11 | DEBUG    |   Batch  140/336 | Loss: 0.6651
2026-06-22 22:58:12 | DEBUG    |   Batch  150/336 | Loss: 0.5887
2026-06-22 22:58:14 | DEBUG    |   Batch  160/336 | Loss: 0.6623
2026-06-22 22:58:15 | DEBUG    |   Batch  170/336 | Loss: 0.5793
2026-06-22 22:58:17 | DEBUG    |   Batch  180/336 | Loss: 0.5968
2026-06-22 22:58:18 | DEBUG    |   Batch  190/336 | Loss: 0.5771
2026-06-22 22:58:20 | DEBUG    |   Batch  200/336 | Loss: 0.6428
2026-06-22 22:58:21 | DEBUG    |   Batch  210/336 | Loss: 0.5510
2026-06-22 22:58:23 | DEBUG    |   Batch  220/336 | Loss: 0.6017
2026-06-22 22:58:25 | DEBUG    |   Batch  230/336 | Loss: 0.5762
2026-06-22 22:58:26 | DEBUG    |   Batch  240/336 | Loss: 0.6831
2026-06-22 22:58:28 | DEBUG    |   Batch  250/336 | Loss: 0.6406
2026-06-22 22:58:29 | DEBUG    |   Batch  260/336 | Loss: 0.5107
2026-06-22 22:58:31 | DEBUG    |   Batch  270/336 | Loss: 0.4897
2026-06-22 22:58:32 | DEBUG    |   Batch  280/336 | Loss: 0.5816
2026-06-22 22:58:34 | DEBUG    |   Batch  290/336 | Loss: 0.6510
2026-06-22 22:58:36 | DEBUG    |   Batch  300/336 | Loss: 0.5815
2026-06-22 22:58:37 | DEBUG    |   Batch  310/336 | Loss: 0.5048
2026-06-22 22:58:39 | DEBUG    |   Batch  320/336 | Loss: 0.5695
2026-06-22 22:58:40 | DEBUG    |   Batch  330/336 | Loss: 0.5868
2026-06-22 23:07:23 | INFO     |   Train Loss: 0.6064 | Val Loss: 0.6680 | Mean DSC: 0.4745
2026-06-22 23:07:23 | INFO     |   DSC   NCR/ED/NET/ET : 0.3301 / 0.8464 / 0.0051 / 0.7163
2026-06-22 23:07:23 | INFO     |   HD95  NCR/ED/NET/ET : 12.31 / 13.49 / 95.25 / 17.29  mm
2026-06-22 23:07:23 | INFO     |   Sens  NCR/ED/NET/ET : 0.2829 / 0.8547 / 0.4348 / 0.8128
2026-06-22 23:07:23 | INFO     |   Prec  NCR/ED/NET/ET : 0.3963 / 0.8382 / 0.0026 / 0.6402
2026-06-22 23:07:23 | INFO     |   Time: 575.5s | Elapsed: 3.02h | ETA: 43h 0m | LR: 9.77e-05
2026-06-22 23:07:23 | INFO     | -----------------------------------------------------------------
2026-06-22 23:07:23 | INFO     | Epoch 30/300
2026-06-22 23:07:24 | DEBUG    |   Batch    0/336 | Loss: 0.6225
2026-06-22 23:07:26 | DEBUG    |   Batch   10/336 | Loss: 0.5979
2026-06-22 23:07:27 | DEBUG    |   Batch   20/336 | Loss: 0.6471
2026-06-22 23:07:29 | DEBUG    |   Batch   30/336 | Loss: 0.5954
2026-06-22 23:07:31 | DEBUG    |   Batch   40/336 | Loss: 0.5833
2026-06-22 23:07:32 | DEBUG    |   Batch   50/336 | Loss: 0.5525
2026-06-22 23:07:34 | DEBUG    |   Batch   60/336 | Loss: 0.6504
2026-06-22 23:07:35 | DEBUG    |   Batch   70/336 | Loss: 0.6223
2026-06-22 23:07:37 | DEBUG    |   Batch   80/336 | Loss: 0.6388
2026-06-22 23:07:38 | DEBUG    |   Batch   90/336 | Loss: 0.5575
2026-06-22 23:07:40 | DEBUG    |   Batch  100/336 | Loss: 0.5919
2026-06-22 23:07:41 | DEBUG    |   Batch  110/336 | Loss: 0.6211
2026-06-22 23:07:43 | DEBUG    |   Batch  120/336 | Loss: 0.5893
2026-06-22 23:07:45 | DEBUG    |   Batch  130/336 | Loss: 0.5497
2026-06-22 23:07:46 | DEBUG    |   Batch  140/336 | Loss: 0.5804
2026-06-22 23:07:48 | DEBUG    |   Batch  150/336 | Loss: 0.5588
2026-06-22 23:07:49 | DEBUG    |   Batch  160/336 | Loss: 0.5505
2026-06-22 23:07:51 | DEBUG    |   Batch  170/336 | Loss: 0.6299
2026-06-22 23:07:52 | DEBUG    |   Batch  180/336 | Loss: 0.6881
2026-06-22 23:07:54 | DEBUG    |   Batch  190/336 | Loss: 0.5718
2026-06-22 23:07:55 | DEBUG    |   Batch  200/336 | Loss: 0.5326
2026-06-22 23:07:57 | DEBUG    |   Batch  210/336 | Loss: 0.6512
2026-06-22 23:07:59 | DEBUG    |   Batch  220/336 | Loss: 0.7185
2026-06-22 23:08:00 | DEBUG    |   Batch  230/336 | Loss: 0.6829
2026-06-22 23:08:02 | DEBUG    |   Batch  240/336 | Loss: 0.5610
2026-06-22 23:08:03 | DEBUG    |   Batch  250/336 | Loss: 0.5818
2026-06-22 23:08:05 | DEBUG    |   Batch  260/336 | Loss: 0.4956
2026-06-22 23:08:06 | DEBUG    |   Batch  270/336 | Loss: 0.5524
2026-06-22 23:08:08 | DEBUG    |   Batch  280/336 | Loss: 0.7191
2026-06-22 23:08:09 | DEBUG    |   Batch  290/336 | Loss: 0.5629
2026-06-22 23:08:11 | DEBUG    |   Batch  300/336 | Loss: 0.7685
2026-06-22 23:08:13 | DEBUG    |   Batch  310/336 | Loss: 0.6716
2026-06-22 23:08:14 | DEBUG    |   Batch  320/336 | Loss: 0.6020
2026-06-22 23:08:16 | DEBUG    |   Batch  330/336 | Loss: 0.7862
2026-06-22 23:16:52 | INFO     |   Train Loss: 0.6056 | Val Loss: 0.6760 | Mean DSC: 0.4926
2026-06-22 23:16:52 | INFO     |   DSC   NCR/ED/NET/ET : 0.3754 / 0.8568 / 0.0054 / 0.7330
2026-06-22 23:16:52 | INFO     |   HD95  NCR/ED/NET/ET : 13.36 / 9.15 / 95.24 / 15.91  mm
2026-06-22 23:16:52 | INFO     |   Sens  NCR/ED/NET/ET : 0.4153 / 0.8651 / 0.4596 / 0.6940
2026-06-22 23:16:52 | INFO     |   Prec  NCR/ED/NET/ET : 0.3424 / 0.8486 / 0.0027 / 0.7766
2026-06-22 23:16:52 | INFO     |   Time: 568.6s | Elapsed: 3.17h | ETA: 42h 50m | LR: 9.76e-05
2026-06-22 23:16:52 | INFO     |   Checkpoint saved → checkpoint_epoch30.pth
2026-06-22 23:16:52 | INFO     | -----------------------------------------------------------------
2026-06-22 23:16:52 | INFO     | Epoch 31/300
2026-06-22 23:16:53 | DEBUG    |   Batch    0/336 | Loss: 0.6755
2026-06-22 23:16:54 | DEBUG    |   Batch   10/336 | Loss: 0.7097
2026-06-22 23:16:56 | DEBUG    |   Batch   20/336 | Loss: 0.6279
2026-06-22 23:16:58 | DEBUG    |   Batch   30/336 | Loss: 0.6420
2026-06-22 23:16:59 | DEBUG    |   Batch   40/336 | Loss: 0.6049
2026-06-22 23:17:01 | DEBUG    |   Batch   50/336 | Loss: 0.6100
2026-06-22 23:17:02 | DEBUG    |   Batch   60/336 | Loss: 0.6102
2026-06-22 23:17:04 | DEBUG    |   Batch   70/336 | Loss: 0.6849
2026-06-22 23:17:05 | DEBUG    |   Batch   80/336 | Loss: 0.6635
2026-06-22 23:17:07 | DEBUG    |   Batch   90/336 | Loss: 0.5450
2026-06-22 23:17:08 | DEBUG    |   Batch  100/336 | Loss: 0.5358
2026-06-22 23:17:10 | DEBUG    |   Batch  110/336 | Loss: 0.5245
2026-06-22 23:17:12 | DEBUG    |   Batch  120/336 | Loss: 0.5404
2026-06-22 23:17:13 | DEBUG    |   Batch  130/336 | Loss: 0.6676
2026-06-22 23:17:15 | DEBUG    |   Batch  140/336 | Loss: 0.5950
2026-06-22 23:17:16 | DEBUG    |   Batch  150/336 | Loss: 0.5956
2026-06-22 23:17:18 | DEBUG    |   Batch  160/336 | Loss: 0.5182
2026-06-22 23:17:19 | DEBUG    |   Batch  170/336 | Loss: 0.5786
2026-06-22 23:17:21 | DEBUG    |   Batch  180/336 | Loss: 0.6025
2026-06-22 23:17:23 | DEBUG    |   Batch  190/336 | Loss: 0.5476
2026-06-22 23:17:24 | DEBUG    |   Batch  200/336 | Loss: 0.6556
2026-06-22 23:17:26 | DEBUG    |   Batch  210/336 | Loss: 0.6072
2026-06-22 23:17:27 | DEBUG    |   Batch  220/336 | Loss: 0.5788
2026-06-22 23:17:29 | DEBUG    |   Batch  230/336 | Loss: 0.6065
2026-06-22 23:17:30 | DEBUG    |   Batch  240/336 | Loss: 0.5779
2026-06-22 23:17:32 | DEBUG    |   Batch  250/336 | Loss: 0.5637
2026-06-22 23:17:33 | DEBUG    |   Batch  260/336 | Loss: 0.5930
2026-06-22 23:17:35 | DEBUG    |   Batch  270/336 | Loss: 0.5969
2026-06-22 23:17:37 | DEBUG    |   Batch  280/336 | Loss: 0.5598
2026-06-22 23:17:38 | DEBUG    |   Batch  290/336 | Loss: 0.6208
2026-06-22 23:17:40 | DEBUG    |   Batch  300/336 | Loss: 0.6157
2026-06-22 23:17:41 | DEBUG    |   Batch  310/336 | Loss: 0.5287
2026-06-22 23:17:43 | DEBUG    |   Batch  320/336 | Loss: 0.5527
2026-06-22 23:17:44 | DEBUG    |   Batch  330/336 | Loss: 0.6074
2026-06-22 23:26:21 | INFO     |   Train Loss: 0.6051 | Val Loss: 0.6588 | Mean DSC: 0.4932
2026-06-22 23:26:21 | INFO     |   DSC   NCR/ED/NET/ET : 0.3706 / 0.8622 / 0.0051 / 0.7347
2026-06-22 23:26:21 | INFO     |   HD95  NCR/ED/NET/ET : 10.33 / 10.33 / 95.25 / 12.67  mm
2026-06-22 23:26:21 | INFO     |   Sens  NCR/ED/NET/ET : 0.2928 / 0.8689 / 0.4298 / 0.7885
2026-06-22 23:26:21 | INFO     |   Prec  NCR/ED/NET/ET : 0.5047 / 0.8557 / 0.0025 / 0.6878
2026-06-22 23:26:21 | INFO     |   Time: 569.1s | Elapsed: 3.33h | ETA: 42h 40m | LR: 9.74e-05
2026-06-22 23:26:21 | INFO     | -----------------------------------------------------------------
2026-06-22 23:26:21 | INFO     | Epoch 32/300
2026-06-22 23:26:22 | DEBUG    |   Batch    0/336 | Loss: 0.5461
2026-06-22 23:26:23 | DEBUG    |   Batch   10/336 | Loss: 0.5845
2026-06-22 23:26:25 | DEBUG    |   Batch   20/336 | Loss: 0.6296
2026-06-22 23:26:27 | DEBUG    |   Batch   30/336 | Loss: 0.6003
2026-06-22 23:26:28 | DEBUG    |   Batch   40/336 | Loss: 0.5721
2026-06-22 23:26:30 | DEBUG    |   Batch   50/336 | Loss: 0.5457
2026-06-22 23:26:31 | DEBUG    |   Batch   60/336 | Loss: 0.5656
2026-06-22 23:26:33 | DEBUG    |   Batch   70/336 | Loss: 0.6620
2026-06-22 23:26:34 | DEBUG    |   Batch   80/336 | Loss: 0.5953
2026-06-22 23:26:36 | DEBUG    |   Batch   90/336 | Loss: 0.5998
2026-06-22 23:26:37 | DEBUG    |   Batch  100/336 | Loss: 0.6265
2026-06-22 23:26:39 | DEBUG    |   Batch  110/336 | Loss: 0.6861
2026-06-22 23:26:41 | DEBUG    |   Batch  120/336 | Loss: 0.6280
2026-06-22 23:26:42 | DEBUG    |   Batch  130/336 | Loss: 0.5744
2026-06-22 23:26:44 | DEBUG    |   Batch  140/336 | Loss: 0.5935
2026-06-22 23:26:45 | DEBUG    |   Batch  150/336 | Loss: 0.6093
2026-06-22 23:26:47 | DEBUG    |   Batch  160/336 | Loss: 0.5846
2026-06-22 23:26:48 | DEBUG    |   Batch  170/336 | Loss: 0.6003
2026-06-22 23:26:50 | DEBUG    |   Batch  180/336 | Loss: 0.5511
2026-06-22 23:26:51 | DEBUG    |   Batch  190/336 | Loss: 0.6327
2026-06-22 23:26:53 | DEBUG    |   Batch  200/336 | Loss: 0.6273
2026-06-22 23:26:55 | DEBUG    |   Batch  210/336 | Loss: 0.6261
2026-06-22 23:26:56 | DEBUG    |   Batch  220/336 | Loss: 0.6018
2026-06-22 23:26:58 | DEBUG    |   Batch  230/336 | Loss: 0.5892
2026-06-22 23:26:59 | DEBUG    |   Batch  240/336 | Loss: 0.6631
2026-06-22 23:27:01 | DEBUG    |   Batch  250/336 | Loss: 0.5462
2026-06-22 23:27:02 | DEBUG    |   Batch  260/336 | Loss: 0.5440
2026-06-22 23:27:04 | DEBUG    |   Batch  270/336 | Loss: 0.5799
2026-06-22 23:27:05 | DEBUG    |   Batch  280/336 | Loss: 0.6110
2026-06-22 23:27:07 | DEBUG    |   Batch  290/336 | Loss: 0.6139
2026-06-22 23:27:09 | DEBUG    |   Batch  300/336 | Loss: 0.7136
2026-06-22 23:27:10 | DEBUG    |   Batch  310/336 | Loss: 0.5952
2026-06-22 23:27:12 | DEBUG    |   Batch  320/336 | Loss: 0.5621
2026-06-22 23:27:13 | DEBUG    |   Batch  330/336 | Loss: 0.5825
2026-06-22 23:35:50 | INFO     |   Train Loss: 0.6069 | Val Loss: 0.6574 | Mean DSC: 0.5007
2026-06-22 23:35:50 | INFO     |   DSC   NCR/ED/NET/ET : 0.3954 / 0.8663 / 0.0052 / 0.7358
2026-06-22 23:35:50 | INFO     |   HD95  NCR/ED/NET/ET : 8.90 / 9.67 / 95.24 / 13.22  mm
2026-06-22 23:35:50 | INFO     |   Sens  NCR/ED/NET/ET : 0.3115 / 0.8503 / 0.4436 / 0.7763
2026-06-22 23:35:50 | INFO     |   Prec  NCR/ED/NET/ET : 0.5413 / 0.8830 / 0.0026 / 0.6994
2026-06-22 23:35:50 | INFO     |   Time: 568.7s | Elapsed: 3.49h | ETA: 42h 30m | LR: 9.72e-05
2026-06-22 23:35:50 | INFO     |   ✓ New best model saved (DSC: 0.5007)
2026-06-22 23:35:50 | INFO     | -----------------------------------------------------------------
2026-06-22 23:35:50 | INFO     | Epoch 33/300
2026-06-22 23:35:51 | DEBUG    |   Batch    0/336 | Loss: 0.6009
2026-06-22 23:35:52 | DEBUG    |   Batch   10/336 | Loss: 0.6853
2026-06-22 23:35:54 | DEBUG    |   Batch   20/336 | Loss: 0.5990
2026-06-22 23:35:55 | DEBUG    |   Batch   30/336 | Loss: 0.6082
2026-06-22 23:35:57 | DEBUG    |   Batch   40/336 | Loss: 0.6309
2026-06-22 23:35:58 | DEBUG    |   Batch   50/336 | Loss: 0.6329
2026-06-22 23:36:00 | DEBUG    |   Batch   60/336 | Loss: 0.5845
2026-06-22 23:36:02 | DEBUG    |   Batch   70/336 | Loss: 0.6054
2026-06-22 23:36:03 | DEBUG    |   Batch   80/336 | Loss: 0.6863
2026-06-22 23:36:05 | DEBUG    |   Batch   90/336 | Loss: 0.6353
2026-06-22 23:36:06 | DEBUG    |   Batch  100/336 | Loss: 0.6060
2026-06-22 23:36:08 | DEBUG    |   Batch  110/336 | Loss: 0.6133
2026-06-22 23:36:09 | DEBUG    |   Batch  120/336 | Loss: 0.5443
2026-06-22 23:36:11 | DEBUG    |   Batch  130/336 | Loss: 0.5536
2026-06-22 23:36:12 | DEBUG    |   Batch  140/336 | Loss: 0.6294
2026-06-22 23:36:14 | DEBUG    |   Batch  150/336 | Loss: 0.5752
2026-06-22 23:36:16 | DEBUG    |   Batch  160/336 | Loss: 0.6639
2026-06-22 23:36:17 | DEBUG    |   Batch  170/336 | Loss: 0.6261
2026-06-22 23:36:19 | DEBUG    |   Batch  180/336 | Loss: 0.6114
2026-06-22 23:36:20 | DEBUG    |   Batch  190/336 | Loss: 0.6269
2026-06-22 23:36:22 | DEBUG    |   Batch  200/336 | Loss: 0.5724
2026-06-22 23:36:23 | DEBUG    |   Batch  210/336 | Loss: 0.6342
2026-06-22 23:36:25 | DEBUG    |   Batch  220/336 | Loss: 0.6099
2026-06-22 23:36:26 | DEBUG    |   Batch  230/336 | Loss: 0.5906
2026-06-22 23:36:28 | DEBUG    |   Batch  240/336 | Loss: 0.6430
2026-06-22 23:36:30 | DEBUG    |   Batch  250/336 | Loss: 0.6593
2026-06-22 23:36:31 | DEBUG    |   Batch  260/336 | Loss: 0.5681
2026-06-22 23:36:33 | DEBUG    |   Batch  270/336 | Loss: 0.5728
2026-06-22 23:36:34 | DEBUG    |   Batch  280/336 | Loss: 0.5774
2026-06-22 23:36:36 | DEBUG    |   Batch  290/336 | Loss: 0.7087
2026-06-22 23:36:37 | DEBUG    |   Batch  300/336 | Loss: 0.5672
2026-06-22 23:36:39 | DEBUG    |   Batch  310/336 | Loss: 0.5563
2026-06-22 23:36:40 | DEBUG    |   Batch  320/336 | Loss: 0.6167
2026-06-22 23:36:42 | DEBUG    |   Batch  330/336 | Loss: 0.5248
2026-06-22 23:45:18 | INFO     |   Train Loss: 0.6024 | Val Loss: 0.6715 | Mean DSC: 0.4738
2026-06-22 23:45:18 | INFO     |   DSC   NCR/ED/NET/ET : 0.3338 / 0.8608 / 0.0050 / 0.6957
2026-06-22 23:45:18 | INFO     |   HD95  NCR/ED/NET/ET : 8.64 / 10.22 / 95.23 / 14.20  mm
2026-06-22 23:45:18 | INFO     |   Sens  NCR/ED/NET/ET : 0.2257 / 0.8445 / 0.4274 / 0.6608
2026-06-22 23:45:18 | INFO     |   Prec  NCR/ED/NET/ET : 0.6410 / 0.8779 / 0.0025 / 0.7344
2026-06-22 23:45:18 | INFO     |   Time: 568.5s | Elapsed: 3.65h | ETA: 42h 20m | LR: 9.70e-05
2026-06-22 23:45:18 | INFO     | -----------------------------------------------------------------
2026-06-22 23:45:18 | INFO     | Epoch 34/300
2026-06-22 23:45:19 | DEBUG    |   Batch    0/336 | Loss: 0.6309
2026-06-22 23:45:21 | DEBUG    |   Batch   10/336 | Loss: 0.5770
2026-06-22 23:45:22 | DEBUG    |   Batch   20/336 | Loss: 0.5697
2026-06-22 23:45:24 | DEBUG    |   Batch   30/336 | Loss: 0.7150
2026-06-22 23:45:25 | DEBUG    |   Batch   40/336 | Loss: 0.5589
2026-06-22 23:45:27 | DEBUG    |   Batch   50/336 | Loss: 0.5962
2026-06-22 23:45:29 | DEBUG    |   Batch   60/336 | Loss: 0.5437
2026-06-22 23:45:30 | DEBUG    |   Batch   70/336 | Loss: 0.5698
2026-06-22 23:45:32 | DEBUG    |   Batch   80/336 | Loss: 0.6009
2026-06-22 23:45:33 | DEBUG    |   Batch   90/336 | Loss: 0.5675
2026-06-22 23:45:35 | DEBUG    |   Batch  100/336 | Loss: 0.5390
2026-06-22 23:45:36 | DEBUG    |   Batch  110/336 | Loss: 0.6492
2026-06-22 23:45:38 | DEBUG    |   Batch  120/336 | Loss: 0.5880
2026-06-22 23:45:39 | DEBUG    |   Batch  130/336 | Loss: 0.5370
2026-06-22 23:45:41 | DEBUG    |   Batch  140/336 | Loss: 0.5493
2026-06-22 23:45:43 | DEBUG    |   Batch  150/336 | Loss: 0.5944
2026-06-22 23:45:44 | DEBUG    |   Batch  160/336 | Loss: 0.6499
2026-06-22 23:45:46 | DEBUG    |   Batch  170/336 | Loss: 0.5943
2026-06-22 23:45:47 | DEBUG    |   Batch  180/336 | Loss: 0.6179
2026-06-22 23:45:49 | DEBUG    |   Batch  190/336 | Loss: 0.6334
2026-06-22 23:45:50 | DEBUG    |   Batch  200/336 | Loss: 0.5312
2026-06-22 23:45:52 | DEBUG    |   Batch  210/336 | Loss: 0.5669
2026-06-22 23:45:53 | DEBUG    |   Batch  220/336 | Loss: 0.5796
2026-06-22 23:45:55 | DEBUG    |   Batch  230/336 | Loss: 0.6242
2026-06-22 23:45:57 | DEBUG    |   Batch  240/336 | Loss: 0.6103
2026-06-22 23:45:58 | DEBUG    |   Batch  250/336 | Loss: 0.7748
2026-06-22 23:46:00 | DEBUG    |   Batch  260/336 | Loss: 0.6098
2026-06-22 23:46:01 | DEBUG    |   Batch  270/336 | Loss: 0.6742
2026-06-22 23:46:03 | DEBUG    |   Batch  280/336 | Loss: 0.6567
2026-06-22 23:46:04 | DEBUG    |   Batch  290/336 | Loss: 0.6772
2026-06-22 23:46:06 | DEBUG    |   Batch  300/336 | Loss: 0.6068
2026-06-22 23:46:07 | DEBUG    |   Batch  310/336 | Loss: 0.5940
2026-06-22 23:46:09 | DEBUG    |   Batch  320/336 | Loss: 0.6585
2026-06-22 23:46:11 | DEBUG    |   Batch  330/336 | Loss: 0.5749
2026-06-22 23:54:47 | INFO     |   Train Loss: 0.6024 | Val Loss: 0.6640 | Mean DSC: 0.4837
2026-06-22 23:54:47 | INFO     |   DSC   NCR/ED/NET/ET : 0.3472 / 0.8702 / 0.0051 / 0.7123
2026-06-22 23:54:47 | INFO     |   HD95  NCR/ED/NET/ET : 9.06 / 8.79 / 95.24 / 11.75  mm
2026-06-22 23:54:47 | INFO     |   Sens  NCR/ED/NET/ET : 0.2463 / 0.8750 / 0.4356 / 0.7085
2026-06-22 23:54:47 | INFO     |   Prec  NCR/ED/NET/ET : 0.5883 / 0.8654 / 0.0026 / 0.7162
2026-06-22 23:54:47 | INFO     |   Time: 568.4s | Elapsed: 3.80h | ETA: 42h 10m | LR: 9.69e-05
2026-06-22 23:54:47 | INFO     | -----------------------------------------------------------------
2026-06-22 23:54:47 | INFO     | Epoch 35/300
2026-06-22 23:54:48 | DEBUG    |   Batch    0/336 | Loss: 0.5880
2026-06-22 23:54:49 | DEBUG    |   Batch   10/336 | Loss: 0.5726
2026-06-22 23:54:51 | DEBUG    |   Batch   20/336 | Loss: 0.6510
2026-06-22 23:54:52 | DEBUG    |   Batch   30/336 | Loss: 0.6239
2026-06-22 23:54:54 | DEBUG    |   Batch   40/336 | Loss: 0.5785
2026-06-22 23:54:55 | DEBUG    |   Batch   50/336 | Loss: 0.6857
2026-06-22 23:54:57 | DEBUG    |   Batch   60/336 | Loss: 0.6455
2026-06-22 23:54:59 | DEBUG    |   Batch   70/336 | Loss: 0.5714
2026-06-22 23:55:00 | DEBUG    |   Batch   80/336 | Loss: 0.4991
2026-06-22 23:55:02 | DEBUG    |   Batch   90/336 | Loss: 0.5512
2026-06-22 23:55:03 | DEBUG    |   Batch  100/336 | Loss: 0.6102
2026-06-22 23:55:05 | DEBUG    |   Batch  110/336 | Loss: 0.5276
2026-06-22 23:55:06 | DEBUG    |   Batch  120/336 | Loss: 0.5896
2026-06-22 23:55:08 | DEBUG    |   Batch  130/336 | Loss: 0.5391
2026-06-22 23:55:10 | DEBUG    |   Batch  140/336 | Loss: 0.5722
2026-06-22 23:55:11 | DEBUG    |   Batch  150/336 | Loss: 0.6510
2026-06-22 23:55:13 | DEBUG    |   Batch  160/336 | Loss: 0.5249
2026-06-22 23:55:14 | DEBUG    |   Batch  170/336 | Loss: 0.6346
2026-06-22 23:55:16 | DEBUG    |   Batch  180/336 | Loss: 0.6371
2026-06-22 23:55:17 | DEBUG    |   Batch  190/336 | Loss: 0.6612
2026-06-22 23:55:19 | DEBUG    |   Batch  200/336 | Loss: 0.5802
2026-06-22 23:55:20 | DEBUG    |   Batch  210/336 | Loss: 0.6147
2026-06-22 23:55:22 | DEBUG    |   Batch  220/336 | Loss: 0.6426
2026-06-22 23:55:24 | DEBUG    |   Batch  230/336 | Loss: 0.6119
2026-06-22 23:55:25 | DEBUG    |   Batch  240/336 | Loss: 0.5086
2026-06-22 23:55:27 | DEBUG    |   Batch  250/336 | Loss: 0.6328
2026-06-22 23:55:28 | DEBUG    |   Batch  260/336 | Loss: 0.5849
2026-06-22 23:55:30 | DEBUG    |   Batch  270/336 | Loss: 0.5737
2026-06-22 23:55:31 | DEBUG    |   Batch  280/336 | Loss: 0.6017
2026-06-22 23:55:33 | DEBUG    |   Batch  290/336 | Loss: 0.6274
2026-06-22 23:55:34 | DEBUG    |   Batch  300/336 | Loss: 0.6587
2026-06-22 23:55:36 | DEBUG    |   Batch  310/336 | Loss: 0.5799
2026-06-22 23:55:38 | DEBUG    |   Batch  320/336 | Loss: 0.5690
2026-06-22 23:55:39 | DEBUG    |   Batch  330/336 | Loss: 0.6327
2026-06-23 00:04:15 | INFO     |   Train Loss: 0.6011 | Val Loss: 0.6698 | Mean DSC: 0.4779
2026-06-23 00:04:15 | INFO     |   DSC   NCR/ED/NET/ET : 0.3125 / 0.8608 / 0.0048 / 0.7335
2026-06-23 00:04:15 | INFO     |   HD95  NCR/ED/NET/ET : 9.28 / 9.01 / 95.24 / 11.46  mm
2026-06-23 00:04:15 | INFO     |   Sens  NCR/ED/NET/ET : 0.2176 / 0.8388 / 0.4065 / 0.7628
2026-06-23 00:04:15 | INFO     |   Prec  NCR/ED/NET/ET : 0.5539 / 0.8839 / 0.0024 / 0.7064
2026-06-23 00:04:15 | INFO     |   Time: 568.4s | Elapsed: 3.96h | ETA: 42h 0m | LR: 9.67e-05
2026-06-23 00:04:15 | INFO     | -----------------------------------------------------------------
2026-06-23 00:04:15 | INFO     | Epoch 36/300
2026-06-23 00:04:16 | DEBUG    |   Batch    0/336 | Loss: 0.5376
2026-06-23 00:04:18 | DEBUG    |   Batch   10/336 | Loss: 0.7243
2026-06-23 00:04:19 | DEBUG    |   Batch   20/336 | Loss: 0.6316
2026-06-23 00:04:21 | DEBUG    |   Batch   30/336 | Loss: 0.6046
2026-06-23 00:04:22 | DEBUG    |   Batch   40/336 | Loss: 0.5394
2026-06-23 00:04:24 | DEBUG    |   Batch   50/336 | Loss: 0.6317
2026-06-23 00:04:25 | DEBUG    |   Batch   60/336 | Loss: 0.5622
2026-06-23 00:04:27 | DEBUG    |   Batch   70/336 | Loss: 0.6201
2026-06-23 00:04:29 | DEBUG    |   Batch   80/336 | Loss: 0.5837
2026-06-23 00:04:30 | DEBUG    |   Batch   90/336 | Loss: 0.6031
2026-06-23 00:04:32 | DEBUG    |   Batch  100/336 | Loss: 0.6034
2026-06-23 00:04:33 | DEBUG    |   Batch  110/336 | Loss: 0.5857
2026-06-23 00:04:35 | DEBUG    |   Batch  120/336 | Loss: 0.6876
2026-06-23 00:04:36 | DEBUG    |   Batch  130/336 | Loss: 0.5777
2026-06-23 00:04:38 | DEBUG    |   Batch  140/336 | Loss: 0.6542
2026-06-23 00:04:39 | DEBUG    |   Batch  150/336 | Loss: 0.6281
2026-06-23 00:04:41 | DEBUG    |   Batch  160/336 | Loss: 0.6326
2026-06-23 00:04:43 | DEBUG    |   Batch  170/336 | Loss: 0.5902
2026-06-23 00:04:44 | DEBUG    |   Batch  180/336 | Loss: 0.6911
2026-06-23 00:04:46 | DEBUG    |   Batch  190/336 | Loss: 0.5769
2026-06-23 00:04:47 | DEBUG    |   Batch  200/336 | Loss: 0.6155
2026-06-23 00:04:49 | DEBUG    |   Batch  210/336 | Loss: 0.5594
2026-06-23 00:04:50 | DEBUG    |   Batch  220/336 | Loss: 0.5943
2026-06-23 00:04:52 | DEBUG    |   Batch  230/336 | Loss: 0.5494
2026-06-23 00:04:53 | DEBUG    |   Batch  240/336 | Loss: 0.5552
2026-06-23 00:04:55 | DEBUG    |   Batch  250/336 | Loss: 0.5407
2026-06-23 00:04:57 | DEBUG    |   Batch  260/336 | Loss: 0.5672
2026-06-23 00:04:58 | DEBUG    |   Batch  270/336 | Loss: 0.4966
2026-06-23 00:05:00 | DEBUG    |   Batch  280/336 | Loss: 0.5679
2026-06-23 00:05:01 | DEBUG    |   Batch  290/336 | Loss: 0.6271
2026-06-23 00:05:03 | DEBUG    |   Batch  300/336 | Loss: 0.6241
2026-06-23 00:05:04 | DEBUG    |   Batch  310/336 | Loss: 0.5435
2026-06-23 00:05:06 | DEBUG    |   Batch  320/336 | Loss: 0.6405
2026-06-23 00:05:07 | DEBUG    |   Batch  330/336 | Loss: 0.6132
2026-06-23 00:13:44 | INFO     |   Train Loss: 0.6013 | Val Loss: 0.6643 | Mean DSC: 0.4784
2026-06-23 00:13:44 | INFO     |   DSC   NCR/ED/NET/ET : 0.3007 / 0.8663 / 0.0050 / 0.7418
2026-06-23 00:13:44 | INFO     |   HD95  NCR/ED/NET/ET : 11.29 / 12.56 / 95.25 / 12.95  mm
2026-06-23 00:13:44 | INFO     |   Sens  NCR/ED/NET/ET : 0.2100 / 0.8949 / 0.4244 / 0.8155
2026-06-23 00:13:44 | INFO     |   Prec  NCR/ED/NET/ET : 0.5289 / 0.8395 / 0.0025 / 0.6803
2026-06-23 00:13:44 | INFO     |   Time: 568.7s | Elapsed: 4.12h | ETA: 41h 50m | LR: 9.65e-05
2026-06-23 00:13:44 | INFO     | -----------------------------------------------------------------
2026-06-23 00:13:44 | INFO     | Epoch 37/300
2026-06-23 00:13:45 | DEBUG    |   Batch    0/336 | Loss: 0.6277
2026-06-23 00:13:46 | DEBUG    |   Batch   10/336 | Loss: 0.6027
2026-06-23 00:13:48 | DEBUG    |   Batch   20/336 | Loss: 0.6088
2026-06-23 00:13:49 | DEBUG    |   Batch   30/336 | Loss: 0.5600
2026-06-23 00:13:51 | DEBUG    |   Batch   40/336 | Loss: 0.6360
2026-06-23 00:13:53 | DEBUG    |   Batch   50/336 | Loss: 0.5421
2026-06-23 00:13:54 | DEBUG    |   Batch   60/336 | Loss: 0.5922
2026-06-23 00:13:56 | DEBUG    |   Batch   70/336 | Loss: 0.6909
2026-06-23 00:13:57 | DEBUG    |   Batch   80/336 | Loss: 0.6173
2026-06-23 00:13:59 | DEBUG    |   Batch   90/336 | Loss: 0.5417
2026-06-23 00:14:00 | DEBUG    |   Batch  100/336 | Loss: 0.6178
2026-06-23 00:14:02 | DEBUG    |   Batch  110/336 | Loss: 0.5102
2026-06-23 00:14:03 | DEBUG    |   Batch  120/336 | Loss: 0.6736
2026-06-23 00:14:05 | DEBUG    |   Batch  130/336 | Loss: 0.5619
2026-06-23 00:14:07 | DEBUG    |   Batch  140/336 | Loss: 0.6401
2026-06-23 00:14:08 | DEBUG    |   Batch  150/336 | Loss: 0.6806
2026-06-23 00:14:10 | DEBUG    |   Batch  160/336 | Loss: 0.6801
2026-06-23 00:14:11 | DEBUG    |   Batch  170/336 | Loss: 0.6025
2026-06-23 00:14:13 | DEBUG    |   Batch  180/336 | Loss: 0.5804
2026-06-23 00:14:14 | DEBUG    |   Batch  190/336 | Loss: 0.5732
2026-06-23 00:14:16 | DEBUG    |   Batch  200/336 | Loss: 0.6383
2026-06-23 00:14:17 | DEBUG    |   Batch  210/336 | Loss: 0.5412
2026-06-23 00:14:19 | DEBUG    |   Batch  220/336 | Loss: 0.4821
2026-06-23 00:14:21 | DEBUG    |   Batch  230/336 | Loss: 0.5717
2026-06-23 00:14:22 | DEBUG    |   Batch  240/336 | Loss: 0.6018
2026-06-23 00:14:24 | DEBUG    |   Batch  250/336 | Loss: 0.5072
2026-06-23 00:14:25 | DEBUG    |   Batch  260/336 | Loss: 0.6624
2026-06-23 00:14:27 | DEBUG    |   Batch  270/336 | Loss: 0.6252
2026-06-23 00:14:28 | DEBUG    |   Batch  280/336 | Loss: 0.6392
2026-06-23 00:14:30 | DEBUG    |   Batch  290/336 | Loss: 0.6080
2026-06-23 00:14:31 | DEBUG    |   Batch  300/336 | Loss: 0.5771
2026-06-23 00:14:33 | DEBUG    |   Batch  310/336 | Loss: 0.5835
2026-06-23 00:14:35 | DEBUG    |   Batch  320/336 | Loss: 0.5559
2026-06-23 00:14:36 | DEBUG    |   Batch  330/336 | Loss: 0.5737
2026-06-23 00:23:13 | INFO     |   Train Loss: 0.5982 | Val Loss: 0.6595 | Mean DSC: 0.4952
2026-06-23 00:23:13 | INFO     |   DSC   NCR/ED/NET/ET : 0.3440 / 0.8734 / 0.0054 / 0.7582
2026-06-23 00:23:13 | INFO     |   HD95  NCR/ED/NET/ET : 9.54 / 10.16 / 95.24 / 13.64  mm
2026-06-23 00:23:13 | INFO     |   Sens  NCR/ED/NET/ET : 0.2512 / 0.8701 / 0.4573 / 0.8084
2026-06-23 00:23:13 | INFO     |   Prec  NCR/ED/NET/ET : 0.5457 / 0.8766 / 0.0027 / 0.7138
2026-06-23 00:23:13 | INFO     |   Time: 569.1s | Elapsed: 4.28h | ETA: 41h 40m | LR: 9.63e-05
2026-06-23 00:23:13 | INFO     | -----------------------------------------------------------------
2026-06-23 00:23:13 | INFO     | Epoch 38/300
2026-06-23 00:23:14 | DEBUG    |   Batch    0/336 | Loss: 0.5463
2026-06-23 00:23:15 | DEBUG    |   Batch   10/336 | Loss: 0.5784
2026-06-23 00:23:17 | DEBUG    |   Batch   20/336 | Loss: 0.6638
2026-06-23 00:23:19 | DEBUG    |   Batch   30/336 | Loss: 0.5573
2026-06-23 00:23:20 | DEBUG    |   Batch   40/336 | Loss: 0.6203
2026-06-23 00:23:22 | DEBUG    |   Batch   50/336 | Loss: 0.6054
2026-06-23 00:23:23 | DEBUG    |   Batch   60/336 | Loss: 0.6211
2026-06-23 00:23:25 | DEBUG    |   Batch   70/336 | Loss: 0.6229
2026-06-23 00:23:26 | DEBUG    |   Batch   80/336 | Loss: 0.5792
2026-06-23 00:23:28 | DEBUG    |   Batch   90/336 | Loss: 0.5490
2026-06-23 00:23:29 | DEBUG    |   Batch  100/336 | Loss: 0.6362
2026-06-23 00:23:31 | DEBUG    |   Batch  110/336 | Loss: 0.6331
2026-06-23 00:23:33 | DEBUG    |   Batch  120/336 | Loss: 0.6153
2026-06-23 00:23:34 | DEBUG    |   Batch  130/336 | Loss: 0.5578
2026-06-23 00:23:36 | DEBUG    |   Batch  140/336 | Loss: 0.5763
2026-06-23 00:23:37 | DEBUG    |   Batch  150/336 | Loss: 0.6184
2026-06-23 00:23:39 | DEBUG    |   Batch  160/336 | Loss: 0.6404
2026-06-23 00:23:40 | DEBUG    |   Batch  170/336 | Loss: 0.6271
2026-06-23 00:23:42 | DEBUG    |   Batch  180/336 | Loss: 0.5963
2026-06-23 00:23:43 | DEBUG    |   Batch  190/336 | Loss: 0.6019
2026-06-23 00:23:45 | DEBUG    |   Batch  200/336 | Loss: 0.6278
2026-06-23 00:23:47 | DEBUG    |   Batch  210/336 | Loss: 0.6527
2026-06-23 00:23:48 | DEBUG    |   Batch  220/336 | Loss: 0.5661
2026-06-23 00:23:50 | DEBUG    |   Batch  230/336 | Loss: 0.5914
2026-06-23 00:23:51 | DEBUG    |   Batch  240/336 | Loss: 0.6432
2026-06-23 00:23:53 | DEBUG    |   Batch  250/336 | Loss: 0.6856
2026-06-23 00:23:54 | DEBUG    |   Batch  260/336 | Loss: 0.5741
2026-06-23 00:23:56 | DEBUG    |   Batch  270/336 | Loss: 0.6407
2026-06-23 00:23:58 | DEBUG    |   Batch  280/336 | Loss: 0.6169
2026-06-23 00:23:59 | DEBUG    |   Batch  290/336 | Loss: 0.5669
2026-06-23 00:24:01 | DEBUG    |   Batch  300/336 | Loss: 0.5828
2026-06-23 00:24:02 | DEBUG    |   Batch  310/336 | Loss: 0.6082
2026-06-23 00:24:04 | DEBUG    |   Batch  320/336 | Loss: 0.6359
2026-06-23 00:24:05 | DEBUG    |   Batch  330/336 | Loss: 0.5599
2026-06-23 00:32:42 | INFO     |   Train Loss: 0.5997 | Val Loss: 0.6687 | Mean DSC: 0.4674
2026-06-23 00:32:42 | INFO     |   DSC   NCR/ED/NET/ET : 0.2961 / 0.8530 / 0.0052 / 0.7153
2026-06-23 00:32:42 | INFO     |   HD95  NCR/ED/NET/ET : 12.16 / 8.40 / 95.24 / 14.80  mm
2026-06-23 00:32:42 | INFO     |   Sens  NCR/ED/NET/ET : 0.2231 / 0.8248 / 0.4384 / 0.8293
2026-06-23 00:32:42 | INFO     |   Prec  NCR/ED/NET/ET : 0.4401 / 0.8831 / 0.0026 / 0.6289
2026-06-23 00:32:42 | INFO     |   Time: 568.6s | Elapsed: 4.44h | ETA: 41h 30m | LR: 9.61e-05
2026-06-23 00:32:42 | INFO     | -----------------------------------------------------------------
2026-06-23 00:32:42 | INFO     | Epoch 39/300
2026-06-23 00:32:43 | DEBUG    |   Batch    0/336 | Loss: 0.6536
2026-06-23 00:32:44 | DEBUG    |   Batch   10/336 | Loss: 0.6115
2026-06-23 00:32:46 | DEBUG    |   Batch   20/336 | Loss: 0.5932
2026-06-23 00:32:47 | DEBUG    |   Batch   30/336 | Loss: 0.4978
2026-06-23 00:32:49 | DEBUG    |   Batch   40/336 | Loss: 0.6830
2026-06-23 00:32:50 | DEBUG    |   Batch   50/336 | Loss: 0.6890
2026-06-23 00:32:52 | DEBUG    |   Batch   60/336 | Loss: 0.7088
2026-06-23 00:32:53 | DEBUG    |   Batch   70/336 | Loss: 0.5937
2026-06-23 00:32:55 | DEBUG    |   Batch   80/336 | Loss: 0.6369
2026-06-23 00:32:57 | DEBUG    |   Batch   90/336 | Loss: 0.6433
2026-06-23 00:32:58 | DEBUG    |   Batch  100/336 | Loss: 0.6151
2026-06-23 00:33:00 | DEBUG    |   Batch  110/336 | Loss: 0.5676
2026-06-23 00:33:01 | DEBUG    |   Batch  120/336 | Loss: 0.6232
2026-06-23 00:33:03 | DEBUG    |   Batch  130/336 | Loss: 0.5974
2026-06-23 00:33:04 | DEBUG    |   Batch  140/336 | Loss: 0.6152
2026-06-23 00:33:06 | DEBUG    |   Batch  150/336 | Loss: 0.5755
2026-06-23 00:33:07 | DEBUG    |   Batch  160/336 | Loss: 0.5479
2026-06-23 00:33:09 | DEBUG    |   Batch  170/336 | Loss: 0.5700
2026-06-23 00:33:11 | DEBUG    |   Batch  180/336 | Loss: 0.6774
2026-06-23 00:33:12 | DEBUG    |   Batch  190/336 | Loss: 0.5872
2026-06-23 00:33:14 | DEBUG    |   Batch  200/336 | Loss: 0.6687
2026-06-23 00:33:15 | DEBUG    |   Batch  210/336 | Loss: 0.5641
2026-06-23 00:33:17 | DEBUG    |   Batch  220/336 | Loss: 0.6071
2026-06-23 00:33:18 | DEBUG    |   Batch  230/336 | Loss: 0.6088
2026-06-23 00:33:20 | DEBUG    |   Batch  240/336 | Loss: 0.5873
2026-06-23 00:33:21 | DEBUG    |   Batch  250/336 | Loss: 0.5688
2026-06-23 00:33:23 | DEBUG    |   Batch  260/336 | Loss: 0.6461
2026-06-23 00:33:25 | DEBUG    |   Batch  270/336 | Loss: 0.5630
2026-06-23 00:33:26 | DEBUG    |   Batch  280/336 | Loss: 0.6112
2026-06-23 00:33:28 | DEBUG    |   Batch  290/336 | Loss: 0.6529
2026-06-23 00:33:29 | DEBUG    |   Batch  300/336 | Loss: 0.6011
2026-06-23 00:33:31 | DEBUG    |   Batch  310/336 | Loss: 0.5611
2026-06-23 00:33:32 | DEBUG    |   Batch  320/336 | Loss: 0.6223
2026-06-23 00:33:34 | DEBUG    |   Batch  330/336 | Loss: 0.5987
2026-06-23 00:42:10 | INFO     |   Train Loss: 0.5968 | Val Loss: 0.6593 | Mean DSC: 0.4941
2026-06-23 00:42:10 | INFO     |   DSC   NCR/ED/NET/ET : 0.3550 / 0.8750 / 0.0052 / 0.7411
2026-06-23 00:42:10 | INFO     |   HD95  NCR/ED/NET/ET : 9.92 / 8.74 / 95.24 / 12.52  mm
2026-06-23 00:42:10 | INFO     |   Sens  NCR/ED/NET/ET : 0.2660 / 0.8656 / 0.4396 / 0.7620
2026-06-23 00:42:10 | INFO     |   Prec  NCR/ED/NET/ET : 0.5337 / 0.8845 / 0.0026 / 0.7214
2026-06-23 00:42:10 | INFO     |   Time: 568.1s | Elapsed: 4.59h | ETA: 41h 21m | LR: 9.59e-05
2026-06-23 00:42:10 | INFO     | -----------------------------------------------------------------
2026-06-23 00:42:10 | INFO     | Epoch 40/300
2026-06-23 00:42:11 | DEBUG    |   Batch    0/336 | Loss: 0.5726
2026-06-23 00:42:12 | DEBUG    |   Batch   10/336 | Loss: 0.5839
2026-06-23 00:42:14 | DEBUG    |   Batch   20/336 | Loss: 0.6269
2026-06-23 00:42:15 | DEBUG    |   Batch   30/336 | Loss: 0.7170
2026-06-23 00:42:17 | DEBUG    |   Batch   40/336 | Loss: 0.5798
2026-06-23 00:42:18 | DEBUG    |   Batch   50/336 | Loss: 0.6330
2026-06-23 00:42:20 | DEBUG    |   Batch   60/336 | Loss: 0.5835
2026-06-23 00:42:22 | DEBUG    |   Batch   70/336 | Loss: 0.5641
2026-06-23 00:42:23 | DEBUG    |   Batch   80/336 | Loss: 0.5974
2026-06-23 00:42:25 | DEBUG    |   Batch   90/336 | Loss: 0.5396
2026-06-23 00:42:26 | DEBUG    |   Batch  100/336 | Loss: 0.5909
2026-06-23 00:42:28 | DEBUG    |   Batch  110/336 | Loss: 0.6479
2026-06-23 00:42:29 | DEBUG    |   Batch  120/336 | Loss: 0.5811
2026-06-23 00:42:31 | DEBUG    |   Batch  130/336 | Loss: 0.6191
2026-06-23 00:42:32 | DEBUG    |   Batch  140/336 | Loss: 0.6279
2026-06-23 00:42:34 | DEBUG    |   Batch  150/336 | Loss: 0.6161
2026-06-23 00:42:36 | DEBUG    |   Batch  160/336 | Loss: 0.5833
2026-06-23 00:42:37 | DEBUG    |   Batch  170/336 | Loss: 0.6080
2026-06-23 00:42:39 | DEBUG    |   Batch  180/336 | Loss: 0.5071
2026-06-23 00:42:40 | DEBUG    |   Batch  190/336 | Loss: 0.5861
2026-06-23 00:42:42 | DEBUG    |   Batch  200/336 | Loss: 0.5090
2026-06-23 00:42:43 | DEBUG    |   Batch  210/336 | Loss: 0.5931
2026-06-23 00:42:45 | DEBUG    |   Batch  220/336 | Loss: 0.6102
2026-06-23 00:42:47 | DEBUG    |   Batch  230/336 | Loss: 0.5282
2026-06-23 00:42:48 | DEBUG    |   Batch  240/336 | Loss: 0.5333
2026-06-23 00:42:50 | DEBUG    |   Batch  250/336 | Loss: 0.5350
2026-06-23 00:42:51 | DEBUG    |   Batch  260/336 | Loss: 0.6117
2026-06-23 00:42:53 | DEBUG    |   Batch  270/336 | Loss: 0.5274
2026-06-23 00:42:54 | DEBUG    |   Batch  280/336 | Loss: 0.5715
2026-06-23 00:42:56 | DEBUG    |   Batch  290/336 | Loss: 0.6252
2026-06-23 00:42:57 | DEBUG    |   Batch  300/336 | Loss: 0.5802
2026-06-23 00:42:59 | DEBUG    |   Batch  310/336 | Loss: 0.6063
2026-06-23 00:43:01 | DEBUG    |   Batch  320/336 | Loss: 0.5702
2026-06-23 00:43:02 | DEBUG    |   Batch  330/336 | Loss: 0.5930
2026-06-23 00:51:40 | INFO     |   Train Loss: 0.5971 | Val Loss: 0.6618 | Mean DSC: 0.4798
2026-06-23 00:51:40 | INFO     |   DSC   NCR/ED/NET/ET : 0.3186 / 0.8586 / 0.0051 / 0.7369
2026-06-23 00:51:40 | INFO     |   HD95  NCR/ED/NET/ET : 9.89 / 10.57 / 95.27 / 13.71  mm
2026-06-23 00:51:40 | INFO     |   Sens  NCR/ED/NET/ET : 0.2281 / 0.9224 / 0.4296 / 0.8406
2026-06-23 00:51:40 | INFO     |   Prec  NCR/ED/NET/ET : 0.5279 / 0.8031 / 0.0025 / 0.6559
2026-06-23 00:51:40 | INFO     |   Time: 570.0s | Elapsed: 4.75h | ETA: 41h 11m | LR: 9.57e-05
2026-06-23 00:51:40 | INFO     |   Checkpoint saved → checkpoint_epoch40.pth
2026-06-23 00:51:40 | INFO     | -----------------------------------------------------------------
2026-06-23 00:51:40 | INFO     | Epoch 41/300
2026-06-23 00:51:41 | DEBUG    |   Batch    0/336 | Loss: 0.6493
2026-06-23 00:51:42 | DEBUG    |   Batch   10/336 | Loss: 0.5913
2026-06-23 00:51:44 | DEBUG    |   Batch   20/336 | Loss: 0.5463
2026-06-23 00:51:45 | DEBUG    |   Batch   30/336 | Loss: 0.5755
2026-06-23 00:51:47 | DEBUG    |   Batch   40/336 | Loss: 0.5726
2026-06-23 00:51:48 | DEBUG    |   Batch   50/336 | Loss: 0.6212
2026-06-23 00:51:50 | DEBUG    |   Batch   60/336 | Loss: 0.6744
2026-06-23 00:51:52 | DEBUG    |   Batch   70/336 | Loss: 0.6252
2026-06-23 00:51:53 | DEBUG    |   Batch   80/336 | Loss: 0.5881
2026-06-23 00:51:55 | DEBUG    |   Batch   90/336 | Loss: 0.5908
2026-06-23 00:51:56 | DEBUG    |   Batch  100/336 | Loss: 0.4877
2026-06-23 00:51:58 | DEBUG    |   Batch  110/336 | Loss: 0.5974
2026-06-23 00:51:59 | DEBUG    |   Batch  120/336 | Loss: 0.6174
2026-06-23 00:52:01 | DEBUG    |   Batch  130/336 | Loss: 0.5816
2026-06-23 00:52:02 | DEBUG    |   Batch  140/336 | Loss: 0.5522
2026-06-23 00:52:04 | DEBUG    |   Batch  150/336 | Loss: 0.5885
2026-06-23 00:52:06 | DEBUG    |   Batch  160/336 | Loss: 0.5817
2026-06-23 00:52:07 | DEBUG    |   Batch  170/336 | Loss: 0.6262
2026-06-23 00:52:09 | DEBUG    |   Batch  180/336 | Loss: 0.6614
2026-06-23 00:52:10 | DEBUG    |   Batch  190/336 | Loss: 0.5979
2026-06-23 00:52:12 | DEBUG    |   Batch  200/336 | Loss: 0.6580
2026-06-23 00:52:13 | DEBUG    |   Batch  210/336 | Loss: 0.5585
2026-06-23 00:52:15 | DEBUG    |   Batch  220/336 | Loss: 0.6138
2026-06-23 00:52:16 | DEBUG    |   Batch  230/336 | Loss: 0.5954
2026-06-23 00:52:18 | DEBUG    |   Batch  240/336 | Loss: 0.5865
2026-06-23 00:52:20 | DEBUG    |   Batch  250/336 | Loss: 0.5317
2026-06-23 00:52:21 | DEBUG    |   Batch  260/336 | Loss: 0.6240
2026-06-23 00:52:23 | DEBUG    |   Batch  270/336 | Loss: 0.6131
2026-06-23 00:52:24 | DEBUG    |   Batch  280/336 | Loss: 0.7051
2026-06-23 00:52:26 | DEBUG    |   Batch  290/336 | Loss: 0.5165
2026-06-23 00:52:27 | DEBUG    |   Batch  300/336 | Loss: 0.5799
2026-06-23 00:52:29 | DEBUG    |   Batch  310/336 | Loss: 0.5889
2026-06-23 00:52:30 | DEBUG    |   Batch  320/336 | Loss: 0.5357
2026-06-23 00:52:32 | DEBUG    |   Batch  330/336 | Loss: 0.6543
2026-06-23 01:01:10 | INFO     |   Train Loss: 0.5972 | Val Loss: 0.6535 | Mean DSC: 0.5190
2026-06-23 01:01:10 | INFO     |   DSC   NCR/ED/NET/ET : 0.4216 / 0.8806 / 0.0053 / 0.7686
2026-06-23 01:01:10 | INFO     |   HD95  NCR/ED/NET/ET : 8.76 / 8.82 / 95.24 / 12.16  mm
2026-06-23 01:01:10 | INFO     |   Sens  NCR/ED/NET/ET : 0.3513 / 0.8831 / 0.4469 / 0.7887
2026-06-23 01:01:10 | INFO     |   Prec  NCR/ED/NET/ET : 0.5270 / 0.8781 / 0.0026 / 0.7495
2026-06-23 01:01:10 | INFO     |   Time: 570.6s | Elapsed: 4.91h | ETA: 41h 2m | LR: 9.55e-05
2026-06-23 01:01:11 | INFO     |   ✓ New best model saved (DSC: 0.5190)
2026-06-23 01:01:11 | INFO     | -----------------------------------------------------------------
2026-06-23 01:01:11 | INFO     | Epoch 42/300
2026-06-23 01:01:11 | DEBUG    |   Batch    0/336 | Loss: 0.5293
2026-06-23 01:01:13 | DEBUG    |   Batch   10/336 | Loss: 0.5915
2026-06-23 01:01:15 | DEBUG    |   Batch   20/336 | Loss: 0.5957
2026-06-23 01:01:17 | DEBUG    |   Batch   30/336 | Loss: 0.5598
2026-06-23 01:01:19 | DEBUG    |   Batch   40/336 | Loss: 0.5304
2026-06-23 01:01:20 | DEBUG    |   Batch   50/336 | Loss: 0.5673
2026-06-23 01:01:22 | DEBUG    |   Batch   60/336 | Loss: 0.5810
2026-06-23 01:01:23 | DEBUG    |   Batch   70/336 | Loss: 0.6835
2026-06-23 01:01:25 | DEBUG    |   Batch   80/336 | Loss: 0.5888
2026-06-23 01:01:26 | DEBUG    |   Batch   90/336 | Loss: 0.6492
2026-06-23 01:01:28 | DEBUG    |   Batch  100/336 | Loss: 0.5363
2026-06-23 01:01:30 | DEBUG    |   Batch  110/336 | Loss: 0.6126
2026-06-23 01:01:31 | DEBUG    |   Batch  120/336 | Loss: 0.6363
2026-06-23 01:01:33 | DEBUG    |   Batch  130/336 | Loss: 0.5863
2026-06-23 01:01:34 | DEBUG    |   Batch  140/336 | Loss: 0.5973
2026-06-23 01:01:36 | DEBUG    |   Batch  150/336 | Loss: 0.6133
2026-06-23 01:01:37 | DEBUG    |   Batch  160/336 | Loss: 0.6062
2026-06-23 01:01:39 | DEBUG    |   Batch  170/336 | Loss: 0.6328
2026-06-23 01:01:41 | DEBUG    |   Batch  180/336 | Loss: 0.6004
2026-06-23 01:01:42 | DEBUG    |   Batch  190/336 | Loss: 0.5872
2026-06-23 01:01:44 | DEBUG    |   Batch  200/336 | Loss: 0.6131
2026-06-23 01:01:46 | DEBUG    |   Batch  210/336 | Loss: 0.5507
2026-06-23 01:01:47 | DEBUG    |   Batch  220/336 | Loss: 0.5928
2026-06-23 01:01:49 | DEBUG    |   Batch  230/336 | Loss: 0.5348
2026-06-23 01:01:51 | DEBUG    |   Batch  240/336 | Loss: 0.5150
2026-06-23 01:01:52 | DEBUG    |   Batch  250/336 | Loss: 0.6697
2026-06-23 01:01:54 | DEBUG    |   Batch  260/336 | Loss: 0.5373
2026-06-23 01:01:57 | DEBUG    |   Batch  270/336 | Loss: 0.5755
2026-06-23 01:02:00 | DEBUG    |   Batch  280/336 | Loss: 0.5738
2026-06-23 01:02:02 | DEBUG    |   Batch  290/336 | Loss: 0.6113
2026-06-23 01:02:05 | DEBUG    |   Batch  300/336 | Loss: 0.5953
2026-06-23 01:02:07 | DEBUG    |   Batch  310/336 | Loss: 0.5868
2026-06-23 01:02:08 | DEBUG    |   Batch  320/336 | Loss: 0.6056
2026-06-23 01:02:11 | DEBUG    |   Batch  330/336 | Loss: 0.6141
2026-06-23 01:10:49 | INFO     |   Train Loss: 0.5939 | Val Loss: 0.6572 | Mean DSC: 0.5123
2026-06-23 01:10:49 | INFO     |   DSC   NCR/ED/NET/ET : 0.4190 / 0.8743 / 0.0052 / 0.7508
2026-06-23 01:10:49 | INFO     |   HD95  NCR/ED/NET/ET : 10.30 / 8.46 / 95.24 / 14.81  mm
2026-06-23 01:10:49 | INFO     |   Sens  NCR/ED/NET/ET : 0.3545 / 0.8606 / 0.4431 / 0.8021
2026-06-23 01:10:49 | INFO     |   Prec  NCR/ED/NET/ET : 0.5124 / 0.8884 / 0.0026 / 0.7057
2026-06-23 01:10:49 | INFO     |   Time: 578.0s | Elapsed: 5.07h | ETA: 40h 53m | LR: 9.52e-05
2026-06-23 01:10:49 | INFO     | -----------------------------------------------------------------
2026-06-23 01:10:49 | INFO     | Epoch 43/300
2026-06-23 01:10:49 | DEBUG    |   Batch    0/336 | Loss: 0.6016
2026-06-23 01:10:51 | DEBUG    |   Batch   10/336 | Loss: 0.5449
2026-06-23 01:10:52 | DEBUG    |   Batch   20/336 | Loss: 0.6077
2026-06-23 01:10:54 | DEBUG    |   Batch   30/336 | Loss: 0.6589
2026-06-23 01:10:56 | DEBUG    |   Batch   40/336 | Loss: 0.5393
2026-06-23 01:10:57 | DEBUG    |   Batch   50/336 | Loss: 0.6557
2026-06-23 01:10:59 | DEBUG    |   Batch   60/336 | Loss: 0.5686
2026-06-23 01:11:00 | DEBUG    |   Batch   70/336 | Loss: 0.6376
2026-06-23 01:11:02 | DEBUG    |   Batch   80/336 | Loss: 0.6218
2026-06-23 01:11:03 | DEBUG    |   Batch   90/336 | Loss: 0.5907
2026-06-23 01:11:05 | DEBUG    |   Batch  100/336 | Loss: 0.6040
2026-06-23 01:11:07 | DEBUG    |   Batch  110/336 | Loss: 0.5634
2026-06-23 01:11:09 | DEBUG    |   Batch  120/336 | Loss: 0.5474
2026-06-23 01:11:11 | DEBUG    |   Batch  130/336 | Loss: 0.6282
2026-06-23 01:11:12 | DEBUG    |   Batch  140/336 | Loss: 0.5985
2026-06-23 01:11:14 | DEBUG    |   Batch  150/336 | Loss: 0.6846
2026-06-23 01:11:16 | DEBUG    |   Batch  160/336 | Loss: 0.5225
2026-06-23 01:11:18 | DEBUG    |   Batch  170/336 | Loss: 0.5418
2026-06-23 01:11:19 | DEBUG    |   Batch  180/336 | Loss: 0.5625
2026-06-23 01:11:21 | DEBUG    |   Batch  190/336 | Loss: 0.6238
2026-06-23 01:11:23 | DEBUG    |   Batch  200/336 | Loss: 0.5487
2026-06-23 01:11:24 | DEBUG    |   Batch  210/336 | Loss: 0.5946
2026-06-23 01:11:26 | DEBUG    |   Batch  220/336 | Loss: 0.5690
2026-06-23 01:11:27 | DEBUG    |   Batch  230/336 | Loss: 0.7018
2026-06-23 01:11:29 | DEBUG    |   Batch  240/336 | Loss: 0.6440
2026-06-23 01:11:30 | DEBUG    |   Batch  250/336 | Loss: 0.6090
2026-06-23 01:11:32 | DEBUG    |   Batch  260/336 | Loss: 0.6611
2026-06-23 01:11:33 | DEBUG    |   Batch  270/336 | Loss: 0.5408
2026-06-23 01:11:35 | DEBUG    |   Batch  280/336 | Loss: 0.5675
2026-06-23 01:11:37 | DEBUG    |   Batch  290/336 | Loss: 0.6565
2026-06-23 01:11:38 | DEBUG    |   Batch  300/336 | Loss: 0.6496
2026-06-23 01:11:40 | DEBUG    |   Batch  310/336 | Loss: 0.6149
2026-06-23 01:11:41 | DEBUG    |   Batch  320/336 | Loss: 0.7041
2026-06-23 01:11:43 | DEBUG    |   Batch  330/336 | Loss: 0.4871
2026-06-23 01:20:20 | INFO     |   Train Loss: 0.5938 | Val Loss: 0.6543 | Mean DSC: 0.4965
2026-06-23 01:20:20 | INFO     |   DSC   NCR/ED/NET/ET : 0.3464 / 0.8808 / 0.0051 / 0.7536
2026-06-23 01:20:20 | INFO     |   HD95  NCR/ED/NET/ET : 8.45 / 7.95 / 95.24 / 11.39  mm
2026-06-23 01:20:20 | INFO     |   Sens  NCR/ED/NET/ET : 0.2343 / 0.8676 / 0.4367 / 0.7763
2026-06-23 01:20:20 | INFO     |   Prec  NCR/ED/NET/ET : 0.6636 / 0.8944 / 0.0026 / 0.7322
2026-06-23 01:20:20 | INFO     |   Time: 571.8s | Elapsed: 5.23h | ETA: 40h 44m | LR: 9.50e-05
2026-06-23 01:20:20 | INFO     | -----------------------------------------------------------------
2026-06-23 01:20:20 | INFO     | Epoch 44/300
2026-06-23 01:20:21 | DEBUG    |   Batch    0/336 | Loss: 0.6352
2026-06-23 01:20:23 | DEBUG    |   Batch   10/336 | Loss: 0.5553
2026-06-23 01:20:24 | DEBUG    |   Batch   20/336 | Loss: 0.6234
2026-06-23 01:20:26 | DEBUG    |   Batch   30/336 | Loss: 0.5361
2026-06-23 01:20:27 | DEBUG    |   Batch   40/336 | Loss: 0.5913
2026-06-23 01:20:29 | DEBUG    |   Batch   50/336 | Loss: 0.5668
2026-06-23 01:20:30 | DEBUG    |   Batch   60/336 | Loss: 0.6065
2026-06-23 01:20:32 | DEBUG    |   Batch   70/336 | Loss: 0.6194
2026-06-23 01:20:34 | DEBUG    |   Batch   80/336 | Loss: 0.5772
2026-06-23 01:20:35 | DEBUG    |   Batch   90/336 | Loss: 0.5520
2026-06-23 01:20:37 | DEBUG    |   Batch  100/336 | Loss: 0.6023
2026-06-23 01:20:38 | DEBUG    |   Batch  110/336 | Loss: 0.6161
2026-06-23 01:20:40 | DEBUG    |   Batch  120/336 | Loss: 0.6212
2026-06-23 01:20:41 | DEBUG    |   Batch  130/336 | Loss: 0.5039
2026-06-23 01:20:43 | DEBUG    |   Batch  140/336 | Loss: 0.6195
2026-06-23 01:20:45 | DEBUG    |   Batch  150/336 | Loss: 0.5895
2026-06-23 01:20:46 | DEBUG    |   Batch  160/336 | Loss: 0.6576
2026-06-23 01:20:48 | DEBUG    |   Batch  170/336 | Loss: 0.6166
2026-06-23 01:20:49 | DEBUG    |   Batch  180/336 | Loss: 0.5861
2026-06-23 01:20:51 | DEBUG    |   Batch  190/336 | Loss: 0.5660
2026-06-23 01:20:53 | DEBUG    |   Batch  200/336 | Loss: 0.5574
2026-06-23 01:20:54 | DEBUG    |   Batch  210/336 | Loss: 0.5633
2026-06-23 01:20:56 | DEBUG    |   Batch  220/336 | Loss: 0.6645
2026-06-23 01:20:57 | DEBUG    |   Batch  230/336 | Loss: 0.6807
2026-06-23 01:20:59 | DEBUG    |   Batch  240/336 | Loss: 0.5667
2026-06-23 01:21:00 | DEBUG    |   Batch  250/336 | Loss: 0.5342
2026-06-23 01:21:02 | DEBUG    |   Batch  260/336 | Loss: 0.5926
2026-06-23 01:21:03 | DEBUG    |   Batch  270/336 | Loss: 0.6133
2026-06-23 01:21:05 | DEBUG    |   Batch  280/336 | Loss: 0.5927
2026-06-23 01:21:07 | DEBUG    |   Batch  290/336 | Loss: 0.5933
2026-06-23 01:21:08 | DEBUG    |   Batch  300/336 | Loss: 0.5733
2026-06-23 01:21:10 | DEBUG    |   Batch  310/336 | Loss: 0.6551
2026-06-23 01:21:11 | DEBUG    |   Batch  320/336 | Loss: 0.5881
2026-06-23 01:21:13 | DEBUG    |   Batch  330/336 | Loss: 0.5462
2026-06-23 01:29:51 | INFO     |   Train Loss: 0.5918 | Val Loss: 0.6641 | Mean DSC: 0.4952
2026-06-23 01:29:51 | INFO     |   DSC   NCR/ED/NET/ET : 0.3839 / 0.8521 / 0.0052 / 0.7396
2026-06-23 01:29:51 | INFO     |   HD95  NCR/ED/NET/ET : 11.08 / 14.49 / 95.27 / 20.37  mm
2026-06-23 01:29:51 | INFO     |   Sens  NCR/ED/NET/ET : 0.2990 / 0.9264 / 0.4382 / 0.7935
2026-06-23 01:29:51 | INFO     |   Prec  NCR/ED/NET/ET : 0.5364 / 0.7888 / 0.0026 / 0.6926
2026-06-23 01:29:51 | INFO     |   Time: 570.4s | Elapsed: 5.39h | ETA: 40h 34m | LR: 9.48e-05
2026-06-23 01:29:51 | INFO     | -----------------------------------------------------------------
2026-06-23 01:29:51 | INFO     | Epoch 45/300
2026-06-23 01:29:52 | DEBUG    |   Batch    0/336 | Loss: 0.5789
2026-06-23 01:29:53 | DEBUG    |   Batch   10/336 | Loss: 0.5962
2026-06-23 01:29:55 | DEBUG    |   Batch   20/336 | Loss: 0.6639
2026-06-23 01:29:56 | DEBUG    |   Batch   30/336 | Loss: 0.6497
2026-06-23 01:29:58 | DEBUG    |   Batch   40/336 | Loss: 0.6328
2026-06-23 01:29:59 | DEBUG    |   Batch   50/336 | Loss: 0.5858
2026-06-23 01:30:01 | DEBUG    |   Batch   60/336 | Loss: 0.5751
2026-06-23 01:30:03 | DEBUG    |   Batch   70/336 | Loss: 0.6130
2026-06-23 01:30:04 | DEBUG    |   Batch   80/336 | Loss: 0.6028
2026-06-23 01:30:06 | DEBUG    |   Batch   90/336 | Loss: 0.6408
2026-06-23 01:30:07 | DEBUG    |   Batch  100/336 | Loss: 0.6597
2026-06-23 01:30:09 | DEBUG    |   Batch  110/336 | Loss: 0.5910
2026-06-23 01:30:10 | DEBUG    |   Batch  120/336 | Loss: 0.5681
2026-06-23 01:30:12 | DEBUG    |   Batch  130/336 | Loss: 0.5746
2026-06-23 01:30:13 | DEBUG    |   Batch  140/336 | Loss: 0.6202
2026-06-23 01:30:15 | DEBUG    |   Batch  150/336 | Loss: 0.5933
2026-06-23 01:30:17 | DEBUG    |   Batch  160/336 | Loss: 0.6456
2026-06-23 01:30:18 | DEBUG    |   Batch  170/336 | Loss: 0.6143
2026-06-23 01:30:20 | DEBUG    |   Batch  180/336 | Loss: 0.6152
2026-06-23 01:30:21 | DEBUG    |   Batch  190/336 | Loss: 0.6039
2026-06-23 01:30:23 | DEBUG    |   Batch  200/336 | Loss: 0.6055
2026-06-23 01:30:24 | DEBUG    |   Batch  210/336 | Loss: 0.5642
2026-06-23 01:30:26 | DEBUG    |   Batch  220/336 | Loss: 0.5404
2026-06-23 01:30:27 | DEBUG    |   Batch  230/336 | Loss: 0.6369
2026-06-23 01:30:29 | DEBUG    |   Batch  240/336 | Loss: 0.5702
2026-06-23 01:30:31 | DEBUG    |   Batch  250/336 | Loss: 0.6371
2026-06-23 01:30:32 | DEBUG    |   Batch  260/336 | Loss: 0.6177
2026-06-23 01:30:34 | DEBUG    |   Batch  270/336 | Loss: 0.6033
2026-06-23 01:30:35 | DEBUG    |   Batch  280/336 | Loss: 0.5911
2026-06-23 01:30:37 | DEBUG    |   Batch  290/336 | Loss: 0.5603
2026-06-23 01:30:38 | DEBUG    |   Batch  300/336 | Loss: 0.5873
2026-06-23 01:30:40 | DEBUG    |   Batch  310/336 | Loss: 0.5928
2026-06-23 01:30:41 | DEBUG    |   Batch  320/336 | Loss: 0.5760
2026-06-23 01:30:43 | DEBUG    |   Batch  330/336 | Loss: 0.5002
2026-06-23 01:39:20 | INFO     |   Train Loss: 0.5945 | Val Loss: 0.6534 | Mean DSC: 0.5103
2026-06-23 01:39:20 | INFO     |   DSC   NCR/ED/NET/ET : 0.4051 / 0.8711 / 0.0052 / 0.7597
2026-06-23 01:39:20 | INFO     |   HD95  NCR/ED/NET/ET : 8.42 / 7.81 / 95.23 / 11.00  mm
2026-06-23 01:39:20 | INFO     |   Sens  NCR/ED/NET/ET : 0.3071 / 0.8428 / 0.4461 / 0.7879
2026-06-23 01:39:20 | INFO     |   Prec  NCR/ED/NET/ET : 0.5950 / 0.9013 / 0.0026 / 0.7334
2026-06-23 01:39:20 | INFO     |   Time: 569.1s | Elapsed: 5.55h | ETA: 40h 25m | LR: 9.46e-05
2026-06-23 01:39:20 | INFO     | -----------------------------------------------------------------
2026-06-23 01:39:20 | INFO     | Epoch 46/300
2026-06-23 01:39:21 | DEBUG    |   Batch    0/336 | Loss: 0.5838
2026-06-23 01:39:22 | DEBUG    |   Batch   10/336 | Loss: 0.5859
2026-06-23 01:39:24 | DEBUG    |   Batch   20/336 | Loss: 0.5250
2026-06-23 01:39:25 | DEBUG    |   Batch   30/336 | Loss: 0.6434
2026-06-23 01:39:27 | DEBUG    |   Batch   40/336 | Loss: 0.6289
2026-06-23 01:39:29 | DEBUG    |   Batch   50/336 | Loss: 0.6834
2026-06-23 01:39:30 | DEBUG    |   Batch   60/336 | Loss: 0.5485
2026-06-23 01:39:32 | DEBUG    |   Batch   70/336 | Loss: 0.5823
2026-06-23 01:39:33 | DEBUG    |   Batch   80/336 | Loss: 0.6151
2026-06-23 01:39:35 | DEBUG    |   Batch   90/336 | Loss: 0.5777
2026-06-23 01:39:36 | DEBUG    |   Batch  100/336 | Loss: 0.5154
2026-06-23 01:39:38 | DEBUG    |   Batch  110/336 | Loss: 0.6298
2026-06-23 01:39:39 | DEBUG    |   Batch  120/336 | Loss: 0.5973
2026-06-23 01:39:41 | DEBUG    |   Batch  130/336 | Loss: 0.7262
2026-06-23 01:39:43 | DEBUG    |   Batch  140/336 | Loss: 0.6137
2026-06-23 01:39:44 | DEBUG    |   Batch  150/336 | Loss: 0.6853
2026-06-23 01:39:46 | DEBUG    |   Batch  160/336 | Loss: 0.7705
2026-06-23 01:39:47 | DEBUG    |   Batch  170/336 | Loss: 0.5446
2026-06-23 01:39:49 | DEBUG    |   Batch  180/336 | Loss: 0.5473
2026-06-23 01:39:50 | DEBUG    |   Batch  190/336 | Loss: 0.6050
2026-06-23 01:39:52 | DEBUG    |   Batch  200/336 | Loss: 0.6275
2026-06-23 01:39:53 | DEBUG    |   Batch  210/336 | Loss: 0.5736
2026-06-23 01:39:55 | DEBUG    |   Batch  220/336 | Loss: 0.5530
2026-06-23 01:39:57 | DEBUG    |   Batch  230/336 | Loss: 0.6020
2026-06-23 01:39:58 | DEBUG    |   Batch  240/336 | Loss: 0.6110
2026-06-23 01:40:00 | DEBUG    |   Batch  250/336 | Loss: 0.5310
2026-06-23 01:40:01 | DEBUG    |   Batch  260/336 | Loss: 0.5852
2026-06-23 01:40:03 | DEBUG    |   Batch  270/336 | Loss: 0.6160
2026-06-23 01:40:04 | DEBUG    |   Batch  280/336 | Loss: 0.6448
2026-06-23 01:40:06 | DEBUG    |   Batch  290/336 | Loss: 0.6432
2026-06-23 01:40:07 | DEBUG    |   Batch  300/336 | Loss: 0.5711
2026-06-23 01:40:09 | DEBUG    |   Batch  310/336 | Loss: 0.5672
2026-06-23 01:40:11 | DEBUG    |   Batch  320/336 | Loss: 0.5714
2026-06-23 01:40:12 | DEBUG    |   Batch  330/336 | Loss: 0.5937
2026-06-23 01:48:50 | INFO     |   Train Loss: 0.5900 | Val Loss: 0.6539 | Mean DSC: 0.4889
2026-06-23 01:48:50 | INFO     |   DSC   NCR/ED/NET/ET : 0.3304 / 0.8797 / 0.0052 / 0.7403
2026-06-23 01:48:50 | INFO     |   HD95  NCR/ED/NET/ET : 8.88 / 7.83 / 95.24 / 11.85  mm
2026-06-23 01:48:50 | INFO     |   Sens  NCR/ED/NET/ET : 0.2280 / 0.8619 / 0.4456 / 0.7832
2026-06-23 01:48:50 | INFO     |   Prec  NCR/ED/NET/ET : 0.5997 / 0.8983 / 0.0026 / 0.7018
2026-06-23 01:48:50 | INFO     |   Time: 570.2s | Elapsed: 5.71h | ETA: 40h 15m | LR: 9.43e-05
2026-06-23 01:48:50 | INFO     | -----------------------------------------------------------------
2026-06-23 01:48:50 | INFO     | Epoch 47/300
2026-06-23 01:48:51 | DEBUG    |   Batch    0/336 | Loss: 0.6211
2026-06-23 01:48:52 | DEBUG    |   Batch   10/336 | Loss: 0.5771
2026-06-23 01:48:54 | DEBUG    |   Batch   20/336 | Loss: 0.6443
2026-06-23 01:48:56 | DEBUG    |   Batch   30/336 | Loss: 0.5680
2026-06-23 01:48:57 | DEBUG    |   Batch   40/336 | Loss: 0.5974
2026-06-23 01:48:59 | DEBUG    |   Batch   50/336 | Loss: 0.6009
2026-06-23 01:49:00 | DEBUG    |   Batch   60/336 | Loss: 0.5972
2026-06-23 01:49:02 | DEBUG    |   Batch   70/336 | Loss: 0.6210
2026-06-23 01:49:03 | DEBUG    |   Batch   80/336 | Loss: 0.6150
2026-06-23 01:49:05 | DEBUG    |   Batch   90/336 | Loss: 0.5764
2026-06-23 01:49:06 | DEBUG    |   Batch  100/336 | Loss: 0.6056
2026-06-23 01:49:08 | DEBUG    |   Batch  110/336 | Loss: 0.5625
2026-06-23 01:49:10 | DEBUG    |   Batch  120/336 | Loss: 0.5258
2026-06-23 01:49:11 | DEBUG    |   Batch  130/336 | Loss: 0.5522
2026-06-23 01:49:13 | DEBUG    |   Batch  140/336 | Loss: 0.5868
2026-06-23 01:49:14 | DEBUG    |   Batch  150/336 | Loss: 0.5995
2026-06-23 01:49:16 | DEBUG    |   Batch  160/336 | Loss: 0.6505
2026-06-23 01:49:17 | DEBUG    |   Batch  170/336 | Loss: 0.5787
2026-06-23 01:49:19 | DEBUG    |   Batch  180/336 | Loss: 0.5680
2026-06-23 01:49:20 | DEBUG    |   Batch  190/336 | Loss: 0.5853
2026-06-23 01:49:22 | DEBUG    |   Batch  200/336 | Loss: 0.6086
2026-06-23 01:49:24 | DEBUG    |   Batch  210/336 | Loss: 0.5370
2026-06-23 01:49:25 | DEBUG    |   Batch  220/336 | Loss: 0.6352
2026-06-23 01:49:27 | DEBUG    |   Batch  230/336 | Loss: 0.6937
2026-06-23 01:49:28 | DEBUG    |   Batch  240/336 | Loss: 0.6613
2026-06-23 01:49:30 | DEBUG    |   Batch  250/336 | Loss: 0.6327
2026-06-23 01:49:31 | DEBUG    |   Batch  260/336 | Loss: 0.6605
2026-06-23 01:49:33 | DEBUG    |   Batch  270/336 | Loss: 0.5862
2026-06-23 01:49:34 | DEBUG    |   Batch  280/336 | Loss: 0.6981
2026-06-23 01:49:36 | DEBUG    |   Batch  290/336 | Loss: 0.6768
2026-06-23 01:49:38 | DEBUG    |   Batch  300/336 | Loss: 0.6500
2026-06-23 19:07:16 | INFO     | Log file: /home/mci/arsyadl/mmsk/results/baseline1_unet_dice/train.log
2026-06-23 19:07:16 | INFO     | VRAM cap       : 16 GB / 51 GB (fraction=0.315)
2026-06-23 19:07:16 | INFO     | Device         : cuda:0
2026-06-23 19:07:16 | INFO     | Model          : Standard 3D U-Net (MONAI)
2026-06-23 19:07:16 | INFO     | Loss           : Dice  [Baseline 1]
2026-06-23 19:07:16 | INFO     | out_channels   : 5
2026-06-23 19:07:16 | INFO     | Label space    : BraTS 2024 raw {0,1,2,3,4}
2026-06-23 19:07:16 | INFO     | Output dir     : /home/mci/arsyadl/mmsk/results/baseline1_unet_dice
2026-06-23 19:07:16 | INFO     | Total parameters: 4,750,810
2026-06-23 19:07:16 | INFO     | AMP             : ON
2026-06-23 19:07:16 | INFO     | FLOPs (fvcore) : 52.05 GFLOPs
2026-06-23 19:07:16 | INFO     | Pre-flight: validating .npz files ...
2026-06-23 19:07:16 | INFO     | [Validation] Scanning 1344 .npz files ...
2026-06-23 19:07:17 | DEBUG    |   [1/1344] OK: BraTS-GLI-00005-100.npz
2026-06-23 19:07:27 | DEBUG    |   [101/1344] OK: BraTS-GLI-02066-101.npz
2026-06-23 19:07:38 | DEBUG    |   [201/1344] OK: BraTS-GLI-02103-100.npz
2026-06-23 19:07:48 | DEBUG    |   [301/1344] OK: BraTS-GLI-02145-100.npz
2026-06-23 19:07:59 | DEBUG    |   [401/1344] OK: BraTS-GLI-02194-100.npz
2026-06-23 19:08:09 | DEBUG    |   [501/1344] OK: BraTS-GLI-02236-101.npz
2026-06-23 19:08:20 | DEBUG    |   [601/1344] OK: BraTS-GLI-02315-100.npz
2026-06-23 19:08:30 | DEBUG    |   [701/1344] OK: BraTS-GLI-02549-100.npz
2026-06-23 19:08:30 | WARNING  | [CORRUPT] BraTS-GLI-02549-101.npz -> Bad CRC-32 for file 'images.npy'
2026-06-23 19:08:41 | DEBUG    |   [801/1344] OK: BraTS-GLI-02736-101.npz
2026-06-23 19:08:52 | DEBUG    |   [901/1344] OK: BraTS-GLI-02793-100.npz
2026-06-23 19:09:03 | DEBUG    |   [1001/1344] OK: BraTS-GLI-02851-100.npz
2026-06-23 19:09:14 | DEBUG    |   [1101/1344] OK: BraTS-GLI-02902-100.npz
2026-06-23 19:09:24 | DEBUG    |   [1201/1344] OK: BraTS-GLI-02961-100.npz
2026-06-23 19:09:35 | DEBUG    |   [1301/1344] OK: BraTS-GLI-03026-100.npz
2026-06-23 19:09:40 | INFO     | [Validation] 1343 healthy, 1 dropped.
2026-06-23 19:09:40 | WARNING  |   x /home/mci/arsyadl/braTS/preprocessed/BraTS-GLI-02549-101.npz  (Bad CRC-32 for file 'images.npy')
2026-06-23 19:09:40 | INFO     | [Validation] Scanning 269 .npz files ...
2026-06-23 19:09:40 | DEBUG    |   [1/269] OK: BraTS-GLI-02405-100.npz
2026-06-23 19:09:51 | DEBUG    |   [101/269] OK: BraTS-GLI-02507-101.npz
2026-06-23 19:10:02 | DEBUG    |   [201/269] OK: BraTS-GLI-02584-101.npz
2026-06-23 19:10:09 | INFO     | [Validation] 269 healthy, 0 dropped.
2026-06-23 19:10:09 | INFO     | Probing batch_size=4, accum_steps=1 ...
2026-06-23 19:10:10 | INFO     | Probe OK — bs=4, accum=1, effective_batch=4
2026-06-23 19:10:10 | INFO     | Train batches  : 335 (bs=4)
2026-06-23 19:10:10 | INFO     | Val batches    : 269
2026-06-23 19:10:10 | INFO     | Accum steps    : 1 (effective batch=4)
2026-06-23 19:10:10 | INFO     | Starting training for 300 epochs
2026-06-23 19:10:10 | INFO     | =================================================================
2026-06-23 19:10:10 | INFO     | Resumed from   : best_model.pth | start_epoch=41 | best_dsc=0.5190
2026-06-23 19:10:10 | INFO     | Epoch 42/300
2026-06-23 19:10:11 | DEBUG    |   Batch    0/335 | Loss: 0.5888
2026-06-23 21:02:11 | INFO     | Log file: /home/mci/arsyadl/mmsk/results/baseline1_unet_dice/train.log
2026-06-23 21:02:11 | INFO     | VRAM cap       : 20 GB / 51 GB (fraction=0.394)
2026-06-23 21:02:11 | INFO     | Device         : cuda:0
2026-06-23 21:02:11 | INFO     | Model          : Standard 3D U-Net (MONAI)
2026-06-23 21:02:11 | INFO     | Loss           : Dice  [Baseline 1]
2026-06-23 21:02:11 | INFO     | out_channels   : 5
2026-06-23 21:02:11 | INFO     | Label space    : BraTS 2024 raw {0,1,2,3,4}
2026-06-23 21:02:11 | INFO     | Output dir     : /home/mci/arsyadl/mmsk/results/baseline1_unet_dice
2026-06-23 21:02:11 | INFO     | Total parameters: 4,750,810
2026-06-23 21:02:11 | INFO     | AMP             : ON
2026-06-23 21:02:12 | INFO     | FLOPs (fvcore) : 52.05 GFLOPs
2026-06-23 21:02:12 | INFO     | Pre-flight: validating .npz files ...
2026-06-23 21:02:12 | INFO     | [Validation] Scanning 1344 .npz files ...
2026-06-23 21:02:12 | DEBUG    |   [1/1344] OK: BraTS-GLI-00005-100.npz
2026-06-23 21:02:22 | DEBUG    |   [101/1344] OK: BraTS-GLI-02066-101.npz
2026-06-23 21:02:32 | DEBUG    |   [201/1344] OK: BraTS-GLI-02103-100.npz
2026-06-23 21:02:42 | DEBUG    |   [301/1344] OK: BraTS-GLI-02145-100.npz
2026-06-23 21:02:52 | DEBUG    |   [401/1344] OK: BraTS-GLI-02194-100.npz
2026-06-23 21:03:02 | DEBUG    |   [501/1344] OK: BraTS-GLI-02236-101.npz
2026-06-23 21:03:13 | DEBUG    |   [601/1344] OK: BraTS-GLI-02315-100.npz
2026-06-23 21:03:23 | DEBUG    |   [701/1344] OK: BraTS-GLI-02549-100.npz
2026-06-23 21:03:23 | WARNING  | [CORRUPT] BraTS-GLI-02549-101.npz -> Bad CRC-32 for file 'images.npy'
2026-06-23 21:03:33 | DEBUG    |   [801/1344] OK: BraTS-GLI-02736-101.npz
2026-06-23 21:03:44 | DEBUG    |   [901/1344] OK: BraTS-GLI-02793-100.npz
2026-06-23 21:03:54 | DEBUG    |   [1001/1344] OK: BraTS-GLI-02851-100.npz
2026-06-23 21:04:04 | DEBUG    |   [1101/1344] OK: BraTS-GLI-02902-100.npz
2026-06-23 21:04:15 | DEBUG    |   [1201/1344] OK: BraTS-GLI-02961-100.npz
2026-06-23 21:04:25 | DEBUG    |   [1301/1344] OK: BraTS-GLI-03026-100.npz
2026-06-23 21:04:30 | INFO     | [Validation] 1343 healthy, 1 dropped.
2026-06-23 21:04:30 | WARNING  |   x /home/mci/arsyadl/braTS/preprocessed/BraTS-GLI-02549-101.npz  (Bad CRC-32 for file 'images.npy')
2026-06-23 21:04:30 | INFO     | [Validation] Scanning 269 .npz files ...
2026-06-23 21:04:30 | DEBUG    |   [1/269] OK: BraTS-GLI-02405-100.npz
2026-06-23 21:04:40 | DEBUG    |   [101/269] OK: BraTS-GLI-02507-101.npz
2026-06-23 21:04:50 | DEBUG    |   [201/269] OK: BraTS-GLI-02584-101.npz
2026-06-23 21:04:57 | INFO     | [Validation] 269 healthy, 0 dropped.
2026-06-23 21:04:57 | INFO     | Probing batch_size=4, accum_steps=1 ...
2026-06-23 21:04:58 | INFO     | Probe OK — bs=4, accum=1, effective_batch=4
2026-06-23 21:04:58 | INFO     | Train batches  : 335 (bs=4)
2026-06-23 21:04:58 | INFO     | Val batches    : 269
2026-06-23 21:04:58 | INFO     | Accum steps    : 1 (effective batch=4)
2026-06-23 21:04:58 | INFO     | Starting training for 300 epochs
2026-06-23 21:04:58 | INFO     | =================================================================
2026-06-23 21:04:58 | INFO     | Resumed from   : best_model.pth | start_epoch=41 | best_dsc=0.5190
2026-06-23 21:04:58 | INFO     | Epoch 42/300
2026-06-23 21:04:58 | DEBUG    |   Batch    0/335 | Loss: 0.5566
2026-06-23 21:05:04 | DEBUG    |   Batch   10/335 | Loss: 0.6752
2026-06-23 21:05:10 | DEBUG    |   Batch   20/335 | Loss: 0.5969
2026-06-23 21:05:16 | DEBUG    |   Batch   30/335 | Loss: 0.5618
2026-06-23 21:05:22 | DEBUG    |   Batch   40/335 | Loss: 0.5428
2026-06-23 21:05:27 | DEBUG    |   Batch   50/335 | Loss: 0.6625
2026-06-23 21:05:33 | DEBUG    |   Batch   60/335 | Loss: 0.5981
2026-06-23 21:05:39 | DEBUG    |   Batch   70/335 | Loss: 0.5661
2026-06-23 21:05:45 | DEBUG    |   Batch   80/335 | Loss: 0.5544
2026-06-23 21:05:51 | DEBUG    |   Batch   90/335 | Loss: 0.5817
2026-06-23 21:05:56 | DEBUG    |   Batch  100/335 | Loss: 0.5804
2026-06-23 21:06:02 | DEBUG    |   Batch  110/335 | Loss: 0.6194
2026-06-23 21:06:08 | DEBUG    |   Batch  120/335 | Loss: 0.6316
2026-06-23 21:06:14 | DEBUG    |   Batch  130/335 | Loss: 0.5940
2026-06-23 21:06:20 | DEBUG    |   Batch  140/335 | Loss: 0.5828
2026-06-23 21:06:26 | DEBUG    |   Batch  150/335 | Loss: 0.5898
2026-06-23 21:06:31 | DEBUG    |   Batch  160/335 | Loss: 0.5820
2026-06-23 21:06:37 | DEBUG    |   Batch  170/335 | Loss: 0.5963
2026-06-23 21:06:43 | DEBUG    |   Batch  180/335 | Loss: 0.6056
2026-06-23 21:06:49 | DEBUG    |   Batch  190/335 | Loss: 0.5561
2026-06-23 21:06:55 | DEBUG    |   Batch  200/335 | Loss: 0.5703
2026-06-23 21:07:00 | DEBUG    |   Batch  210/335 | Loss: 0.5257
2026-06-23 21:07:06 | DEBUG    |   Batch  220/335 | Loss: 0.6316
2026-06-23 21:07:12 | DEBUG    |   Batch  230/335 | Loss: 0.6387
2026-06-23 21:07:18 | DEBUG    |   Batch  240/335 | Loss: 0.5979
2026-06-23 21:07:24 | DEBUG    |   Batch  250/335 | Loss: 0.5930
2026-06-23 21:07:30 | DEBUG    |   Batch  260/335 | Loss: 0.5936
2026-06-23 21:07:35 | DEBUG    |   Batch  270/335 | Loss: 0.6683
2026-06-23 21:07:41 | DEBUG    |   Batch  280/335 | Loss: 0.6096
2026-06-23 21:07:47 | DEBUG    |   Batch  290/335 | Loss: 0.6097
2026-06-23 21:07:53 | DEBUG    |   Batch  300/335 | Loss: 0.6909
2026-06-23 21:07:58 | DEBUG    |   Batch  310/335 | Loss: 0.5957
2026-06-23 21:08:04 | DEBUG    |   Batch  320/335 | Loss: 0.5593
2026-06-23 21:08:10 | DEBUG    |   Batch  330/335 | Loss: 0.5751
2026-06-23 21:17:04 | INFO     | Inference time: 26.2 ms/volume (avg over 10 passes)
2026-06-23 21:17:04 | INFO     |   Train Loss: 0.5938 | Val Loss: 0.6601 | Mean DSC: 0.4969
2026-06-23 21:17:04 | INFO     |   DSC   NCR/ED/NET/ET : 0.3578 / 0.8753 / 0.0052 / 0.7492
2026-06-23 21:17:04 | INFO     |   HD95  NCR/ED/NET/ET : 11.01 / 9.44 / 95.25 / 12.28  mm
2026-06-23 21:17:04 | INFO     |   Sens  NCR/ED/NET/ET : 0.2790 / 0.8968 / 0.4386 / 0.7643
2026-06-23 21:17:04 | INFO     |   Prec  NCR/ED/NET/ET : 0.4986 / 0.8548 / 0.0026 / 0.7347
2026-06-23 21:17:04 | INFO     |   Time: 726.4s | Elapsed: 0.20h | ETA: 52h 3m | LR: 9.52e-05
2026-06-23 21:17:04 | INFO     | -----------------------------------------------------------------
2026-06-23 21:17:04 | INFO     | Epoch 43/300
2026-06-23 21:17:05 | DEBUG    |   Batch    0/335 | Loss: 0.5718
2026-06-23 21:17:11 | DEBUG    |   Batch   10/335 | Loss: 0.5590
2026-06-23 21:17:17 | DEBUG    |   Batch   20/335 | Loss: 0.5865
2026-06-23 21:17:23 | DEBUG    |   Batch   30/335 | Loss: 0.5147
2026-06-23 21:17:28 | DEBUG    |   Batch   40/335 | Loss: 0.6952
2026-06-23 21:17:34 | DEBUG    |   Batch   50/335 | Loss: 0.6049
2026-06-23 21:17:40 | DEBUG    |   Batch   60/335 | Loss: 0.6199
2026-06-23 21:17:46 | DEBUG    |   Batch   70/335 | Loss: 0.5710
2026-06-23 21:17:52 | DEBUG    |   Batch   80/335 | Loss: 0.5512
2026-06-23 21:17:58 | DEBUG    |   Batch   90/335 | Loss: 0.5715
2026-06-23 21:18:04 | DEBUG    |   Batch  100/335 | Loss: 0.5469
2026-06-23 21:18:10 | DEBUG    |   Batch  110/335 | Loss: 0.6465
2026-06-23 21:18:16 | DEBUG    |   Batch  120/335 | Loss: 0.5731
2026-06-23 21:18:22 | DEBUG    |   Batch  130/335 | Loss: 0.6263
2026-06-23 21:18:27 | DEBUG    |   Batch  140/335 | Loss: 0.5703
2026-06-23 21:18:33 | DEBUG    |   Batch  150/335 | Loss: 0.6572
2026-06-23 21:18:39 | DEBUG    |   Batch  160/335 | Loss: 0.5413
2026-06-23 21:18:45 | DEBUG    |   Batch  170/335 | Loss: 0.6332
2026-06-23 21:18:51 | DEBUG    |   Batch  180/335 | Loss: 0.5477
2026-06-23 21:18:57 | DEBUG    |   Batch  190/335 | Loss: 0.6088
2026-06-23 21:19:03 | DEBUG    |   Batch  200/335 | Loss: 0.5954
2026-06-23 21:19:09 | DEBUG    |   Batch  210/335 | Loss: 0.5858
2026-06-23 21:19:15 | DEBUG    |   Batch  220/335 | Loss: 0.6053
2026-06-23 21:19:21 | DEBUG    |   Batch  230/335 | Loss: 0.6578
2026-06-23 21:19:27 | DEBUG    |   Batch  240/335 | Loss: 0.4762
2026-06-23 21:19:33 | DEBUG    |   Batch  250/335 | Loss: 0.5669
2026-06-23 21:19:39 | DEBUG    |   Batch  260/335 | Loss: 0.6509
2026-06-23 21:19:45 | DEBUG    |   Batch  270/335 | Loss: 0.6289
2026-06-23 21:19:51 | DEBUG    |   Batch  280/335 | Loss: 0.5596
2026-06-23 21:19:56 | DEBUG    |   Batch  290/335 | Loss: 0.6035
2026-06-23 21:20:02 | DEBUG    |   Batch  300/335 | Loss: 0.6155
2026-06-23 21:20:08 | DEBUG    |   Batch  310/335 | Loss: 0.6104
2026-06-23 21:20:14 | DEBUG    |   Batch  320/335 | Loss: 0.5887
2026-06-23 21:20:20 | DEBUG    |   Batch  330/335 | Loss: 0.6089
2026-06-23 21:29:09 | INFO     |   Train Loss: 0.5970 | Val Loss: 0.6557 | Mean DSC: 0.5041
2026-06-23 21:29:09 | INFO     |   DSC   NCR/ED/NET/ET : 0.3952 / 0.8818 / 0.0051 / 0.7345
2026-06-23 21:29:09 | INFO     |   HD95  NCR/ED/NET/ET : 8.71 / 7.57 / 95.25 / 12.14  mm
2026-06-23 21:29:09 | INFO     |   Sens  NCR/ED/NET/ET : 0.3005 / 0.9004 / 0.4360 / 0.7020
2026-06-23 21:29:09 | INFO     |   Prec  NCR/ED/NET/ET : 0.5771 / 0.8639 / 0.0026 / 0.7700
2026-06-23 21:29:09 | INFO     |   Time: 724.5s | Elapsed: 0.40h | ETA: 51h 47m | LR: 9.50e-05
2026-06-23 21:29:09 | INFO     | -----------------------------------------------------------------
2026-06-23 21:29:09 | INFO     | Epoch 44/300
2026-06-23 21:29:09 | DEBUG    |   Batch    0/335 | Loss: 0.5715
2026-06-23 21:29:15 | DEBUG    |   Batch   10/335 | Loss: 0.5858
2026-06-23 21:29:21 | DEBUG    |   Batch   20/335 | Loss: 0.5796
2026-06-23 21:29:26 | DEBUG    |   Batch   30/335 | Loss: 0.6317
2026-06-23 21:29:32 | DEBUG    |   Batch   40/335 | Loss: 0.6215
2026-06-23 21:29:38 | DEBUG    |   Batch   50/335 | Loss: 0.6282
2026-06-23 21:29:44 | DEBUG    |   Batch   60/335 | Loss: 0.6193
2026-06-23 21:29:49 | DEBUG    |   Batch   70/335 | Loss: 0.5144
2026-06-23 21:29:55 | DEBUG    |   Batch   80/335 | Loss: 0.5946
2026-06-23 21:30:01 | DEBUG    |   Batch   90/335 | Loss: 0.6926
2026-06-23 21:30:06 | DEBUG    |   Batch  100/335 | Loss: 0.6388
2026-06-23 21:30:12 | DEBUG    |   Batch  110/335 | Loss: 0.5274
2026-06-23 21:30:18 | DEBUG    |   Batch  120/335 | Loss: 0.6746
2026-06-23 21:30:24 | DEBUG    |   Batch  130/335 | Loss: 0.6143
2026-06-23 21:30:30 | DEBUG    |   Batch  140/335 | Loss: 0.7111
2026-06-23 21:30:35 | DEBUG    |   Batch  150/335 | Loss: 0.5476
2026-06-23 21:30:41 | DEBUG    |   Batch  160/335 | Loss: 0.5781
2026-06-23 21:30:47 | DEBUG    |   Batch  170/335 | Loss: 0.5929
2026-06-23 21:30:53 | DEBUG    |   Batch  180/335 | Loss: 0.6337
2026-06-23 21:30:58 | DEBUG    |   Batch  190/335 | Loss: 0.6030
2026-06-23 21:31:04 | DEBUG    |   Batch  200/335 | Loss: 0.6224
2026-06-23 21:31:10 | DEBUG    |   Batch  210/335 | Loss: 0.6531
2026-06-23 21:31:16 | DEBUG    |   Batch  220/335 | Loss: 0.5969
2026-06-23 21:31:21 | DEBUG    |   Batch  230/335 | Loss: 0.5616
2026-06-23 21:31:27 | DEBUG    |   Batch  240/335 | Loss: 0.5785
2026-06-23 21:31:33 | DEBUG    |   Batch  250/335 | Loss: 0.5767
2026-06-23 21:31:39 | DEBUG    |   Batch  260/335 | Loss: 0.5014
2026-06-23 21:31:44 | DEBUG    |   Batch  270/335 | Loss: 0.5394
2026-06-23 21:31:50 | DEBUG    |   Batch  280/335 | Loss: 0.6115
2026-06-23 21:31:56 | DEBUG    |   Batch  290/335 | Loss: 0.6516
2026-06-23 21:32:02 | DEBUG    |   Batch  300/335 | Loss: 0.6253
2026-06-23 21:32:08 | DEBUG    |   Batch  310/335 | Loss: 0.5702
2026-06-23 21:32:13 | DEBUG    |   Batch  320/335 | Loss: 0.5499
2026-06-23 21:32:19 | DEBUG    |   Batch  330/335 | Loss: 0.5361
2026-06-23 21:41:09 | INFO     |   Train Loss: 0.5937 | Val Loss: 0.6565 | Mean DSC: 0.4961
2026-06-23 21:41:09 | INFO     |   DSC   NCR/ED/NET/ET : 0.3590 / 0.8768 / 0.0052 / 0.7435
2026-06-23 21:41:09 | INFO     |   HD95  NCR/ED/NET/ET : 9.53 / 9.30 / 95.24 / 14.70  mm
2026-06-23 21:41:09 | INFO     |   Sens  NCR/ED/NET/ET : 0.2574 / 0.8646 / 0.4467 / 0.7848
2026-06-23 21:41:09 | INFO     |   Prec  NCR/ED/NET/ET : 0.5931 / 0.8893 / 0.0026 / 0.7063
2026-06-23 21:41:09 | INFO     |   Time: 719.8s | Elapsed: 0.60h | ETA: 51h 27m | LR: 9.48e-05
2026-06-23 21:41:09 | INFO     | -----------------------------------------------------------------
2026-06-23 21:41:09 | INFO     | Epoch 45/300
2026-06-23 21:41:09 | DEBUG    |   Batch    0/335 | Loss: 0.5195
2026-06-23 21:41:15 | DEBUG    |   Batch   10/335 | Loss: 0.5327
2026-06-23 21:41:21 | DEBUG    |   Batch   20/335 | Loss: 0.6560
2026-06-23 21:41:26 | DEBUG    |   Batch   30/335 | Loss: 0.6034
2026-06-23 21:41:32 | DEBUG    |   Batch   40/335 | Loss: 0.5875
2026-06-23 21:41:38 | DEBUG    |   Batch   50/335 | Loss: 0.6269
2026-06-23 21:41:44 | DEBUG    |   Batch   60/335 | Loss: 0.5273
2026-06-23 21:41:49 | DEBUG    |   Batch   70/335 | Loss: 0.5364
2026-06-23 21:41:55 | DEBUG    |   Batch   80/335 | Loss: 0.6327
2026-06-23 21:42:01 | DEBUG    |   Batch   90/335 | Loss: 0.6010
2026-06-23 21:42:06 | DEBUG    |   Batch  100/335 | Loss: 0.6549
2026-06-23 21:42:12 | DEBUG    |   Batch  110/335 | Loss: 0.6114
2026-06-23 21:42:18 | DEBUG    |   Batch  120/335 | Loss: 0.5359
2026-06-23 21:42:24 | DEBUG    |   Batch  130/335 | Loss: 0.5524
2026-06-23 21:42:29 | DEBUG    |   Batch  140/335 | Loss: 0.4761
2026-06-23 21:42:35 | DEBUG    |   Batch  150/335 | Loss: 0.6349
2026-06-23 21:42:41 | DEBUG    |   Batch  160/335 | Loss: 0.6425
2026-06-23 21:42:47 | DEBUG    |   Batch  170/335 | Loss: 0.5709
2026-06-23 21:42:53 | DEBUG    |   Batch  180/335 | Loss: 0.6445
2026-06-23 21:42:58 | DEBUG    |   Batch  190/335 | Loss: 0.6827
2026-06-23 21:43:04 | DEBUG    |   Batch  200/335 | Loss: 0.5497
2026-06-23 21:43:10 | DEBUG    |   Batch  210/335 | Loss: 0.6416
2026-06-23 21:43:16 | DEBUG    |   Batch  220/335 | Loss: 0.5358
2026-06-23 21:43:21 | DEBUG    |   Batch  230/335 | Loss: 0.6775
2026-06-23 21:43:27 | DEBUG    |   Batch  240/335 | Loss: 0.6003
2026-06-23 21:43:33 | DEBUG    |   Batch  250/335 | Loss: 0.5963
2026-06-23 21:43:39 | DEBUG    |   Batch  260/335 | Loss: 0.5498
2026-06-23 21:43:45 | DEBUG    |   Batch  270/335 | Loss: 0.6168
2026-06-23 21:43:50 | DEBUG    |   Batch  280/335 | Loss: 0.6821
2026-06-23 21:43:56 | DEBUG    |   Batch  290/335 | Loss: 0.6672
2026-06-23 21:44:02 | DEBUG    |   Batch  300/335 | Loss: 0.5535
2026-06-23 21:44:08 | DEBUG    |   Batch  310/335 | Loss: 0.5888
2026-06-23 21:44:13 | DEBUG    |   Batch  320/335 | Loss: 0.5767
2026-06-23 21:44:19 | DEBUG    |   Batch  330/335 | Loss: 0.5958
2026-06-23 21:53:09 | INFO     |   Train Loss: 0.5923 | Val Loss: 0.6606 | Mean DSC: 0.5161
2026-06-23 21:53:09 | INFO     |   DSC   NCR/ED/NET/ET : 0.4346 / 0.8760 / 0.0053 / 0.7485
2026-06-23 21:53:09 | INFO     |   HD95  NCR/ED/NET/ET : 9.00 / 9.22 / 95.24 / 10.64  mm
2026-06-23 21:53:09 | INFO     |   Sens  NCR/ED/NET/ET : 0.4049 / 0.8883 / 0.4487 / 0.6874
2026-06-23 21:53:09 | INFO     |   Prec  NCR/ED/NET/ET : 0.4690 / 0.8641 / 0.0027 / 0.8214
2026-06-23 21:53:09 | INFO     |   Time: 720.9s | Elapsed: 0.80h | ETA: 51h 12m | LR: 9.46e-05
2026-06-23 21:53:09 | INFO     | -----------------------------------------------------------------
2026-06-23 21:53:09 | INFO     | Epoch 46/300
2026-06-23 21:53:10 | DEBUG    |   Batch    0/335 | Loss: 0.5286
2026-06-23 21:53:16 | DEBUG    |   Batch   10/335 | Loss: 0.5877
2026-06-23 21:53:22 | DEBUG    |   Batch   20/335 | Loss: 0.7183
2026-06-23 21:53:27 | DEBUG    |   Batch   30/335 | Loss: 0.5821
2026-06-23 21:53:33 | DEBUG    |   Batch   40/335 | Loss: 0.5913
2026-06-23 21:53:39 | DEBUG    |   Batch   50/335 | Loss: 0.5992
2026-06-23 21:53:45 | DEBUG    |   Batch   60/335 | Loss: 0.6934
2026-06-23 21:53:51 | DEBUG    |   Batch   70/335 | Loss: 0.6837
2026-06-23 21:53:56 | DEBUG    |   Batch   80/335 | Loss: 0.5533
2026-06-23 21:54:02 | DEBUG    |   Batch   90/335 | Loss: 0.5251
2026-06-23 21:54:08 | DEBUG    |   Batch  100/335 | Loss: 0.5744
2026-06-23 21:54:14 | DEBUG    |   Batch  110/335 | Loss: 0.5768
2026-06-23 21:54:20 | DEBUG    |   Batch  120/335 | Loss: 0.5218
2026-06-23 21:54:25 | DEBUG    |   Batch  130/335 | Loss: 0.5611
2026-06-23 21:54:31 | DEBUG    |   Batch  140/335 | Loss: 0.6826
2026-06-23 21:54:37 | DEBUG    |   Batch  150/335 | Loss: 0.5113
2026-06-23 21:54:43 | DEBUG    |   Batch  160/335 | Loss: 0.5820
2026-06-23 21:54:49 | DEBUG    |   Batch  170/335 | Loss: 0.5476
2026-06-23 21:54:54 | DEBUG    |   Batch  180/335 | Loss: 0.5524
2026-06-23 21:55:00 | DEBUG    |   Batch  190/335 | Loss: 0.5294
2026-06-23 21:55:06 | DEBUG    |   Batch  200/335 | Loss: 0.6094
2026-06-23 21:55:12 | DEBUG    |   Batch  210/335 | Loss: 0.5873
2026-06-23 21:55:17 | DEBUG    |   Batch  220/335 | Loss: 0.6396
2026-06-23 21:55:23 | DEBUG    |   Batch  230/335 | Loss: 0.5822
2026-06-23 21:55:29 | DEBUG    |   Batch  240/335 | Loss: 0.6011
2026-06-23 21:55:35 | DEBUG    |   Batch  250/335 | Loss: 0.6983
2026-06-23 21:55:40 | DEBUG    |   Batch  260/335 | Loss: 0.6251
2026-06-23 21:55:46 | DEBUG    |   Batch  270/335 | Loss: 0.6349
2026-06-23 21:55:52 | DEBUG    |   Batch  280/335 | Loss: 0.5419
2026-06-23 21:55:58 | DEBUG    |   Batch  290/335 | Loss: 0.5277
2026-06-23 21:56:03 | DEBUG    |   Batch  300/335 | Loss: 0.6020
2026-06-23 21:56:09 | DEBUG    |   Batch  310/335 | Loss: 0.5696
2026-06-23 21:56:15 | DEBUG    |   Batch  320/335 | Loss: 0.5435
2026-06-23 21:56:21 | DEBUG    |   Batch  330/335 | Loss: 0.5821
2026-06-23 22:05:13 | INFO     |   Train Loss: 0.5900 | Val Loss: 0.6552 | Mean DSC: 0.5023
2026-06-23 22:05:13 | INFO     |   DSC   NCR/ED/NET/ET : 0.3577 / 0.8842 / 0.0051 / 0.7622
2026-06-23 22:05:13 | INFO     |   HD95  NCR/ED/NET/ET : 9.67 / 8.67 / 95.25 / 12.70  mm
2026-06-23 22:05:13 | INFO     |   Sens  NCR/ED/NET/ET : 0.2580 / 0.8972 / 0.4356 / 0.7823
2026-06-23 22:05:13 | INFO     |   Prec  NCR/ED/NET/ET : 0.5827 / 0.8716 / 0.0026 / 0.7431
2026-06-23 22:05:13 | INFO     |   Time: 723.9s | Elapsed: 1.00h | ETA: 51h 1m | LR: 9.43e-05
2026-06-23 22:05:13 | INFO     | -----------------------------------------------------------------
2026-06-23 22:05:13 | INFO     | Epoch 47/300
2026-06-23 22:05:15 | DEBUG    |   Batch    0/335 | Loss: 0.5457
2026-06-23 22:05:29 | DEBUG    |   Batch   10/335 | Loss: 0.5373
2026-06-23 22:05:44 | DEBUG    |   Batch   20/335 | Loss: 0.6445
2026-06-23 22:05:55 | DEBUG    |   Batch   30/335 | Loss: 0.6115
2026-06-23 22:06:00 | DEBUG    |   Batch   40/335 | Loss: 0.5278
2026-06-23 22:06:06 | DEBUG    |   Batch   50/335 | Loss: 0.6567
2026-06-23 22:06:12 | DEBUG    |   Batch   60/335 | Loss: 0.6199
2026-06-23 22:06:17 | DEBUG    |   Batch   70/335 | Loss: 0.5473
2026-06-23 22:06:23 | DEBUG    |   Batch   80/335 | Loss: 0.5145
2026-06-23 22:06:29 | DEBUG    |   Batch   90/335 | Loss: 0.5026
2026-06-23 22:06:35 | DEBUG    |   Batch  100/335 | Loss: 0.5174
2026-06-23 22:06:41 | DEBUG    |   Batch  110/335 | Loss: 0.5933
2026-06-23 22:06:46 | DEBUG    |   Batch  120/335 | Loss: 0.5886
2026-06-23 22:06:52 | DEBUG    |   Batch  130/335 | Loss: 0.5646
2026-06-23 22:06:58 | DEBUG    |   Batch  140/335 | Loss: 0.5534
2026-06-23 22:07:04 | DEBUG    |   Batch  150/335 | Loss: 0.5652
2026-06-23 22:07:09 | DEBUG    |   Batch  160/335 | Loss: 0.6653
2026-06-23 22:07:15 | DEBUG    |   Batch  170/335 | Loss: 0.6044
2026-06-23 22:07:21 | DEBUG    |   Batch  180/335 | Loss: 0.5876
2026-06-23 22:07:27 | DEBUG    |   Batch  190/335 | Loss: 0.6110
2026-06-23 22:07:32 | DEBUG    |   Batch  200/335 | Loss: 0.5749
2026-06-23 22:07:38 | DEBUG    |   Batch  210/335 | Loss: 0.6344
2026-06-23 22:07:44 | DEBUG    |   Batch  220/335 | Loss: 0.5621
2026-06-23 22:07:50 | DEBUG    |   Batch  230/335 | Loss: 0.5377
2026-06-23 22:07:55 | DEBUG    |   Batch  240/335 | Loss: 0.6218
2026-06-23 22:08:01 | DEBUG    |   Batch  250/335 | Loss: 0.5465
2026-06-23 22:08:07 | DEBUG    |   Batch  260/335 | Loss: 0.6411
2026-06-23 22:08:13 | DEBUG    |   Batch  270/335 | Loss: 0.6471
2026-06-23 22:08:19 | DEBUG    |   Batch  280/335 | Loss: 0.5401
2026-06-23 22:08:24 | DEBUG    |   Batch  290/335 | Loss: 0.6403
2026-06-23 22:08:30 | DEBUG    |   Batch  300/335 | Loss: 0.5431
2026-06-23 22:08:36 | DEBUG    |   Batch  310/335 | Loss: 0.6037
2026-06-23 22:08:42 | DEBUG    |   Batch  320/335 | Loss: 0.5265
2026-06-23 22:08:47 | DEBUG    |   Batch  330/335 | Loss: 0.5448
2026-06-23 22:17:48 | INFO     |   Train Loss: 0.5914 | Val Loss: 0.6608 | Mean DSC: 0.4960
2026-06-23 22:17:48 | INFO     |   DSC   NCR/ED/NET/ET : 0.3910 / 0.8790 / 0.0051 / 0.7088
2026-06-23 22:17:48 | INFO     |   HD95  NCR/ED/NET/ET : 9.24 / 8.84 / 95.24 / 10.86  mm
2026-06-23 22:17:48 | INFO     |   Sens  NCR/ED/NET/ET : 0.2994 / 0.8917 / 0.4379 / 0.6660
2026-06-23 22:17:48 | INFO     |   Prec  NCR/ED/NET/ET : 0.5633 / 0.8666 / 0.0026 / 0.7574
2026-06-23 22:17:48 | INFO     |   Time: 754.5s | Elapsed: 1.21h | ETA: 51h 11m | LR: 9.41e-05
2026-06-23 22:17:48 | INFO     | -----------------------------------------------------------------
2026-06-23 22:17:48 | INFO     | Epoch 48/300
2026-06-23 22:17:48 | DEBUG    |   Batch    0/335 | Loss: 0.5540
2026-06-23 22:17:54 | DEBUG    |   Batch   10/335 | Loss: 0.6058
2026-06-23 22:18:00 | DEBUG    |   Batch   20/335 | Loss: 0.5888
2026-06-23 22:18:06 | DEBUG    |   Batch   30/335 | Loss: 0.5684
2026-06-23 22:18:12 | DEBUG    |   Batch   40/335 | Loss: 0.5173
2026-06-23 22:18:18 | DEBUG    |   Batch   50/335 | Loss: 0.6338
2026-06-23 22:18:23 | DEBUG    |   Batch   60/335 | Loss: 0.5526
2026-06-23 22:18:29 | DEBUG    |   Batch   70/335 | Loss: 0.6095
2026-06-23 22:18:35 | DEBUG    |   Batch   80/335 | Loss: 0.5481
2026-06-23 22:18:41 | DEBUG    |   Batch   90/335 | Loss: 0.6510
2026-06-23 22:18:47 | DEBUG    |   Batch  100/335 | Loss: 0.5368
2026-06-23 22:18:53 | DEBUG    |   Batch  110/335 | Loss: 0.6703
2026-06-23 22:18:59 | DEBUG    |   Batch  120/335 | Loss: 0.5325
2026-06-23 22:19:05 | DEBUG    |   Batch  130/335 | Loss: 0.6021
2026-06-23 22:19:10 | DEBUG    |   Batch  140/335 | Loss: 0.5830
2026-06-23 22:19:16 | DEBUG    |   Batch  150/335 | Loss: 0.5536
2026-06-23 22:19:22 | DEBUG    |   Batch  160/335 | Loss: 0.5636
2026-06-23 22:19:28 | DEBUG    |   Batch  170/335 | Loss: 0.5278
2026-06-23 22:19:34 | DEBUG    |   Batch  180/335 | Loss: 0.5564
2026-06-23 22:19:40 | DEBUG    |   Batch  190/335 | Loss: 0.6357
2026-06-23 22:19:46 | DEBUG    |   Batch  200/335 | Loss: 0.6287
2026-06-23 22:19:51 | DEBUG    |   Batch  210/335 | Loss: 0.6006
2026-06-23 22:19:57 | DEBUG    |   Batch  220/335 | Loss: 0.5992
2026-06-23 22:20:03 | DEBUG    |   Batch  230/335 | Loss: 0.6527
2026-06-23 22:20:09 | DEBUG    |   Batch  240/335 | Loss: 0.7101
2026-06-23 22:20:15 | DEBUG    |   Batch  250/335 | Loss: 0.5909
2026-06-23 22:20:21 | DEBUG    |   Batch  260/335 | Loss: 0.5219
2026-06-23 22:20:26 | DEBUG    |   Batch  270/335 | Loss: 0.6814
2026-06-23 22:20:32 | DEBUG    |   Batch  280/335 | Loss: 0.5444
2026-06-23 22:20:38 | DEBUG    |   Batch  290/335 | Loss: 0.5165
2026-06-23 22:20:44 | DEBUG    |   Batch  300/335 | Loss: 0.6463
2026-06-23 22:20:50 | DEBUG    |   Batch  310/335 | Loss: 0.6041
2026-06-23 22:20:56 | DEBUG    |   Batch  320/335 | Loss: 0.6031
2026-06-23 22:21:02 | DEBUG    |   Batch  330/335 | Loss: 0.6500
2026-06-23 22:29:54 | INFO     |   Train Loss: 0.5890 | Val Loss: 0.6534 | Mean DSC: 0.5124
2026-06-23 22:29:54 | INFO     |   DSC   NCR/ED/NET/ET : 0.3960 / 0.8793 / 0.0054 / 0.7687
2026-06-23 22:29:54 | INFO     |   HD95  NCR/ED/NET/ET : 10.71 / 8.72 / 95.24 / 11.57  mm
2026-06-23 22:29:54 | INFO     |   Sens  NCR/ED/NET/ET : 0.3282 / 0.8662 / 0.4616 / 0.7740
2026-06-23 22:29:54 | INFO     |   Prec  NCR/ED/NET/ET : 0.4991 / 0.8927 / 0.0027 / 0.7635
2026-06-23 22:29:54 | INFO     |   Time: 726.2s | Elapsed: 1.42h | ETA: 50h 57m | LR: 9.38e-05
2026-06-23 22:29:54 | INFO     | -----------------------------------------------------------------
2026-06-23 22:29:54 | INFO     | Epoch 49/300
2026-06-23 22:29:55 | DEBUG    |   Batch    0/335 | Loss: 0.5600
2026-06-23 22:30:00 | DEBUG    |   Batch   10/335 | Loss: 0.5574
2026-06-23 22:30:06 | DEBUG    |   Batch   20/335 | Loss: 0.5416
2026-06-23 22:30:12 | DEBUG    |   Batch   30/335 | Loss: 0.7030
2026-06-23 22:30:18 | DEBUG    |   Batch   40/335 | Loss: 0.5748
2026-06-23 22:30:24 | DEBUG    |   Batch   50/335 | Loss: 0.6088
2026-06-23 22:30:30 | DEBUG    |   Batch   60/335 | Loss: 0.5848
2026-06-23 22:30:35 | DEBUG    |   Batch   70/335 | Loss: 0.6397
2026-06-23 22:30:41 | DEBUG    |   Batch   80/335 | Loss: 0.5991
2026-06-23 22:30:47 | DEBUG    |   Batch   90/335 | Loss: 0.6319
2026-06-23 22:30:53 | DEBUG    |   Batch  100/335 | Loss: 0.5954
2026-06-23 22:30:59 | DEBUG    |   Batch  110/335 | Loss: 0.5668
2026-06-23 22:31:05 | DEBUG    |   Batch  120/335 | Loss: 0.5198
2026-06-23 22:31:11 | DEBUG    |   Batch  130/335 | Loss: 0.6489
2026-06-23 22:31:16 | DEBUG    |   Batch  140/335 | Loss: 0.5664
2026-06-23 22:31:22 | DEBUG    |   Batch  150/335 | Loss: 0.5121
2026-06-23 22:31:28 | DEBUG    |   Batch  160/335 | Loss: 0.6555
2026-06-23 22:31:34 | DEBUG    |   Batch  170/335 | Loss: 0.5914
2026-06-23 22:31:40 | DEBUG    |   Batch  180/335 | Loss: 0.5221
2026-06-23 22:31:45 | DEBUG    |   Batch  190/335 | Loss: 0.5587
2026-06-23 22:31:51 | DEBUG    |   Batch  200/335 | Loss: 0.6213
2026-06-23 22:31:57 | DEBUG    |   Batch  210/335 | Loss: 0.5926
2026-06-23 22:32:03 | DEBUG    |   Batch  220/335 | Loss: 0.5207
2026-06-23 22:32:09 | DEBUG    |   Batch  230/335 | Loss: 0.6150
2026-06-23 22:32:15 | DEBUG    |   Batch  240/335 | Loss: 0.6450
2026-06-23 22:32:21 | DEBUG    |   Batch  250/335 | Loss: 0.5288
2026-06-23 22:32:26 | DEBUG    |   Batch  260/335 | Loss: 0.6681
2026-06-23 22:32:32 | DEBUG    |   Batch  270/335 | Loss: 0.4805
2026-06-23 22:32:38 | DEBUG    |   Batch  280/335 | Loss: 0.5638
2026-06-23 22:32:44 | DEBUG    |   Batch  290/335 | Loss: 0.5655
2026-06-23 22:32:50 | DEBUG    |   Batch  300/335 | Loss: 0.5541
2026-06-23 22:32:56 | DEBUG    |   Batch  310/335 | Loss: 0.5677
2026-06-23 22:33:02 | DEBUG    |   Batch  320/335 | Loss: 0.5855
2026-06-23 22:33:07 | DEBUG    |   Batch  330/335 | Loss: 0.6147
2026-06-23 22:41:58 | INFO     |   Train Loss: 0.5902 | Val Loss: 0.6574 | Mean DSC: 0.5197
2026-06-23 22:41:58 | INFO     |   DSC   NCR/ED/NET/ET : 0.4236 / 0.8760 / 0.0052 / 0.7739
2026-06-23 22:41:58 | INFO     |   HD95  NCR/ED/NET/ET : 9.21 / 11.18 / 95.25 / 11.51  mm
2026-06-23 22:41:58 | INFO     |   Sens  NCR/ED/NET/ET : 0.3655 / 0.8982 / 0.4457 / 0.7490
2026-06-23 22:41:58 | INFO     |   Prec  NCR/ED/NET/ET : 0.5036 / 0.8548 / 0.0026 / 0.8004
2026-06-23 22:41:58 | INFO     |   Time: 724.4s | Elapsed: 1.62h | ETA: 50h 43m | LR: 9.36e-05
2026-06-23 22:41:59 | INFO     |   ✓ New best model saved (DSC: 0.5197)
2026-06-23 22:41:59 | INFO     | -----------------------------------------------------------------
2026-06-23 22:41:59 | INFO     | Epoch 50/300
2026-06-23 22:41:59 | DEBUG    |   Batch    0/335 | Loss: 0.6423
2026-06-23 22:42:05 | DEBUG    |   Batch   10/335 | Loss: 0.6050
2026-06-23 22:42:11 | DEBUG    |   Batch   20/335 | Loss: 0.5384
2026-06-23 22:42:16 | DEBUG    |   Batch   30/335 | Loss: 0.5463
2026-06-23 22:42:22 | DEBUG    |   Batch   40/335 | Loss: 0.5601
2026-06-23 22:42:28 | DEBUG    |   Batch   50/335 | Loss: 0.5859
2026-06-23 22:42:34 | DEBUG    |   Batch   60/335 | Loss: 0.5843
2026-06-23 22:42:40 | DEBUG    |   Batch   70/335 | Loss: 0.5827
2026-06-23 22:42:45 | DEBUG    |   Batch   80/335 | Loss: 0.5235
2026-06-23 22:42:51 | DEBUG    |   Batch   90/335 | Loss: 0.5737
2026-06-23 22:42:57 | DEBUG    |   Batch  100/335 | Loss: 0.5886
2026-06-23 22:43:03 | DEBUG    |   Batch  110/335 | Loss: 0.6680
2026-06-23 22:43:08 | DEBUG    |   Batch  120/335 | Loss: 0.5497
2026-06-23 22:43:14 | DEBUG    |   Batch  130/335 | Loss: 0.6185
2026-06-23 22:43:20 | DEBUG    |   Batch  140/335 | Loss: 0.4810
2026-06-23 22:43:25 | DEBUG    |   Batch  150/335 | Loss: 0.5822
2026-06-23 22:43:31 | DEBUG    |   Batch  160/335 | Loss: 0.5805
2026-06-23 22:43:37 | DEBUG    |   Batch  170/335 | Loss: 0.5408
2026-06-23 22:43:43 | DEBUG    |   Batch  180/335 | Loss: 0.5932
2026-06-23 22:43:49 | DEBUG    |   Batch  190/335 | Loss: 0.6327
2026-06-23 22:43:54 | DEBUG    |   Batch  200/335 | Loss: 0.6021
2026-06-23 22:44:00 | DEBUG    |   Batch  210/335 | Loss: 0.5400
2026-06-23 22:44:06 | DEBUG    |   Batch  220/335 | Loss: 0.5267
2026-06-23 22:44:11 | DEBUG    |   Batch  230/335 | Loss: 0.6057
2026-06-23 22:44:17 | DEBUG    |   Batch  240/335 | Loss: 0.5654
2026-06-23 22:44:23 | DEBUG    |   Batch  250/335 | Loss: 0.6181
2026-06-23 22:44:29 | DEBUG    |   Batch  260/335 | Loss: 0.5767
2026-06-23 22:44:34 | DEBUG    |   Batch  270/335 | Loss: 0.6340
2026-06-23 22:44:40 | DEBUG    |   Batch  280/335 | Loss: 0.5533
2026-06-23 22:44:46 | DEBUG    |   Batch  290/335 | Loss: 0.6080
2026-06-23 22:44:52 | DEBUG    |   Batch  300/335 | Loss: 0.5527
2026-06-23 22:44:58 | DEBUG    |   Batch  310/335 | Loss: 0.5882
2026-06-23 22:45:03 | DEBUG    |   Batch  320/335 | Loss: 0.6309
2026-06-23 22:45:09 | DEBUG    |   Batch  330/335 | Loss: 0.5555
2026-06-23 22:53:57 | INFO     |   Train Loss: 0.5902 | Val Loss: 0.6585 | Mean DSC: 0.5081
2026-06-23 22:53:57 | INFO     |   DSC   NCR/ED/NET/ET : 0.3939 / 0.8665 / 0.0052 / 0.7667
2026-06-23 22:53:57 | INFO     |   HD95  NCR/ED/NET/ET : 8.06 / 8.54 / 95.23 / 9.97  mm
2026-06-23 22:53:57 | INFO     |   Sens  NCR/ED/NET/ET : 0.3019 / 0.8422 / 0.4409 / 0.7550
2026-06-23 22:53:57 | INFO     |   Prec  NCR/ED/NET/ET : 0.5665 / 0.8921 / 0.0026 / 0.7788
2026-06-23 22:53:57 | INFO     |   Time: 718.9s | Elapsed: 1.82h | ETA: 50h 27m | LR: 9.33e-05
2026-06-23 22:53:58 | INFO     |   Checkpoint saved → checkpoint_epoch50.pth
2026-06-23 22:53:58 | INFO     | -----------------------------------------------------------------
2026-06-23 22:53:58 | INFO     | Epoch 51/300
2026-06-23 22:53:58 | DEBUG    |   Batch    0/335 | Loss: 0.6012
2026-06-23 22:54:04 | DEBUG    |   Batch   10/335 | Loss: 0.5842
2026-06-23 22:54:10 | DEBUG    |   Batch   20/335 | Loss: 0.6084
2026-06-23 22:54:16 | DEBUG    |   Batch   30/335 | Loss: 0.5617
2026-06-23 22:54:21 | DEBUG    |   Batch   40/335 | Loss: 0.6124
2026-06-23 22:54:27 | DEBUG    |   Batch   50/335 | Loss: 0.5043
2026-06-23 22:54:33 | DEBUG    |   Batch   60/335 | Loss: 0.6520
2026-06-23 22:54:39 | DEBUG    |   Batch   70/335 | Loss: 0.6247
2026-06-23 22:54:44 | DEBUG    |   Batch   80/335 | Loss: 0.6091
2026-06-23 22:54:50 | DEBUG    |   Batch   90/335 | Loss: 0.6096
2026-06-23 22:54:56 | DEBUG    |   Batch  100/335 | Loss: 0.6240
2026-06-23 22:55:02 | DEBUG    |   Batch  110/335 | Loss: 0.5437
2026-06-23 22:55:07 | DEBUG    |   Batch  120/335 | Loss: 0.6378
2026-06-23 22:55:13 | DEBUG    |   Batch  130/335 | Loss: 0.5849
2026-06-23 22:55:19 | DEBUG    |   Batch  140/335 | Loss: 0.5619
2026-06-23 22:55:25 | DEBUG    |   Batch  150/335 | Loss: 0.5369
2026-06-23 22:55:31 | DEBUG    |   Batch  160/335 | Loss: 0.6495
2026-06-23 22:55:36 | DEBUG    |   Batch  170/335 | Loss: 0.5705
2026-06-23 22:55:42 | DEBUG    |   Batch  180/335 | Loss: 0.5883
2026-06-23 22:55:48 | DEBUG    |   Batch  190/335 | Loss: 0.5580
2026-06-23 22:55:54 | DEBUG    |   Batch  200/335 | Loss: 0.6506
2026-06-23 22:56:00 | DEBUG    |   Batch  210/335 | Loss: 0.5677
2026-06-23 22:56:06 | DEBUG    |   Batch  220/335 | Loss: 0.5414
2026-06-23 22:56:11 | DEBUG    |   Batch  230/335 | Loss: 0.6036
2026-06-23 22:56:17 | DEBUG    |   Batch  240/335 | Loss: 0.6144
2026-06-23 22:56:23 | DEBUG    |   Batch  250/335 | Loss: 0.5671
2026-06-23 22:56:29 | DEBUG    |   Batch  260/335 | Loss: 0.5407
2026-06-23 22:56:34 | DEBUG    |   Batch  270/335 | Loss: 0.6288
2026-06-23 22:56:40 | DEBUG    |   Batch  280/335 | Loss: 0.5712
2026-06-23 22:56:46 | DEBUG    |   Batch  290/335 | Loss: 0.5212
2026-06-23 22:56:52 | DEBUG    |   Batch  300/335 | Loss: 0.6149
2026-06-23 22:56:57 | DEBUG    |   Batch  310/335 | Loss: 0.5607
2026-06-23 22:57:03 | DEBUG    |   Batch  320/335 | Loss: 0.5072
2026-06-23 22:57:09 | DEBUG    |   Batch  330/335 | Loss: 0.5394
2026-06-23 23:06:07 | INFO     |   Train Loss: 0.5879 | Val Loss: 0.6561 | Mean DSC: 0.5064
2026-06-23 23:06:07 | INFO     |   DSC   NCR/ED/NET/ET : 0.3951 / 0.8849 / 0.0053 / 0.7401
2026-06-23 23:06:07 | INFO     |   HD95  NCR/ED/NET/ET : 9.49 / 7.41 / 95.24 / 12.09  mm
2026-06-23 23:06:07 | INFO     |   Sens  NCR/ED/NET/ET : 0.3176 / 0.8833 / 0.4495 / 0.7138
2026-06-23 23:06:07 | INFO     |   Prec  NCR/ED/NET/ET : 0.5226 / 0.8866 / 0.0027 / 0.7684
2026-06-23 23:06:07 | INFO     |   Time: 729.8s | Elapsed: 2.02h | ETA: 50h 16m | LR: 9.30e-05
2026-06-23 23:06:07 | INFO     | -----------------------------------------------------------------
2026-06-23 23:06:07 | INFO     | Epoch 52/300
2026-06-23 23:06:08 | DEBUG    |   Batch    0/335 | Loss: 0.6213
2026-06-23 23:06:14 | DEBUG    |   Batch   10/335 | Loss: 0.6057
2026-06-23 23:06:20 | DEBUG    |   Batch   20/335 | Loss: 0.6212
2026-06-23 23:06:25 | DEBUG    |   Batch   30/335 | Loss: 0.6095
2026-06-23 23:06:31 | DEBUG    |   Batch   40/335 | Loss: 0.6027
2026-06-23 23:06:37 | DEBUG    |   Batch   50/335 | Loss: 0.5844
2026-06-23 23:06:43 | DEBUG    |   Batch   60/335 | Loss: 0.5431
2026-06-23 23:06:49 | DEBUG    |   Batch   70/335 | Loss: 0.5767
2026-06-23 23:06:54 | DEBUG    |   Batch   80/335 | Loss: 0.6502
2026-06-23 23:07:00 | DEBUG    |   Batch   90/335 | Loss: 0.7299
2026-06-23 23:07:06 | DEBUG    |   Batch  100/335 | Loss: 0.6136
2026-06-23 23:07:12 | DEBUG    |   Batch  110/335 | Loss: 0.6280
2026-06-23 23:07:17 | DEBUG    |   Batch  120/335 | Loss: 0.5831
2026-06-23 23:07:23 | DEBUG    |   Batch  130/335 | Loss: 0.6446
2026-06-23 23:07:29 | DEBUG    |   Batch  140/335 | Loss: 0.5758
2026-06-23 23:07:35 | DEBUG    |   Batch  150/335 | Loss: 0.6066
2026-06-23 23:07:40 | DEBUG    |   Batch  160/335 | Loss: 0.6010
2026-06-23 23:07:46 | DEBUG    |   Batch  170/335 | Loss: 0.5604
2026-06-23 23:07:52 | DEBUG    |   Batch  180/335 | Loss: 0.5573
2026-06-23 23:07:58 | DEBUG    |   Batch  190/335 | Loss: 0.5906
2026-06-23 23:08:04 | DEBUG    |   Batch  200/335 | Loss: 0.6230
2026-06-23 23:08:09 | DEBUG    |   Batch  210/335 | Loss: 0.5892
2026-06-23 23:08:15 | DEBUG    |   Batch  220/335 | Loss: 0.5967
2026-06-23 23:08:21 | DEBUG    |   Batch  230/335 | Loss: 0.5380
2026-06-23 23:08:26 | DEBUG    |   Batch  240/335 | Loss: 0.5239
2026-06-23 23:08:32 | DEBUG    |   Batch  250/335 | Loss: 0.6138
2026-06-23 23:08:38 | DEBUG    |   Batch  260/335 | Loss: 0.5889
2026-06-23 23:08:44 | DEBUG    |   Batch  270/335 | Loss: 0.5863
2026-06-23 23:08:49 | DEBUG    |   Batch  280/335 | Loss: 0.5442
2026-06-23 23:08:55 | DEBUG    |   Batch  290/335 | Loss: 0.6180
2026-06-23 23:09:01 | DEBUG    |   Batch  300/335 | Loss: 0.6265
2026-06-23 23:09:07 | DEBUG    |   Batch  310/335 | Loss: 0.5369
2026-06-23 23:09:12 | DEBUG    |   Batch  320/335 | Loss: 0.5896
2026-06-23 23:09:18 | DEBUG    |   Batch  330/335 | Loss: 0.5657
2026-06-23 23:18:25 | INFO     |   Train Loss: 0.5873 | Val Loss: 0.6518 | Mean DSC: 0.5075
2026-06-23 23:18:25 | INFO     |   DSC   NCR/ED/NET/ET : 0.4093 / 0.8803 / 0.0053 / 0.7352
2026-06-23 23:18:25 | INFO     |   HD95  NCR/ED/NET/ET : 9.05 / 8.72 / 95.24 / 12.99  mm
2026-06-23 23:18:25 | INFO     |   Sens  NCR/ED/NET/ET : 0.3215 / 0.8896 / 0.4505 / 0.7138
2026-06-23 23:18:25 | INFO     |   Prec  NCR/ED/NET/ET : 0.5629 / 0.8712 / 0.0027 / 0.7579
2026-06-23 23:18:25 | INFO     |   Time: 737.3s | Elapsed: 2.22h | ETA: 50h 8m | LR: 9.28e-05
2026-06-23 23:18:25 | INFO     | -----------------------------------------------------------------
2026-06-23 23:18:25 | INFO     | Epoch 53/300
2026-06-23 23:18:25 | DEBUG    |   Batch    0/335 | Loss: 0.5388
2026-06-23 23:18:31 | DEBUG    |   Batch   10/335 | Loss: 0.6060
2026-06-23 23:18:37 | DEBUG    |   Batch   20/335 | Loss: 0.5159
2026-06-23 23:18:43 | DEBUG    |   Batch   30/335 | Loss: 0.6111
2026-06-23 23:18:49 | DEBUG    |   Batch   40/335 | Loss: 0.5696
2026-06-23 23:19:02 | DEBUG    |   Batch   50/335 | Loss: 0.5608
2026-06-23 23:19:16 | DEBUG    |   Batch   60/335 | Loss: 0.6357
2026-06-23 23:19:31 | DEBUG    |   Batch   70/335 | Loss: 0.6365
2026-06-23 23:19:41 | DEBUG    |   Batch   80/335 | Loss: 0.6750
2026-06-23 23:19:47 | DEBUG    |   Batch   90/335 | Loss: 0.5537
2026-06-23 23:19:53 | DEBUG    |   Batch  100/335 | Loss: 0.6032
2026-06-23 23:19:59 | DEBUG    |   Batch  110/335 | Loss: 0.6349
2026-06-23 23:20:04 | DEBUG    |   Batch  120/335 | Loss: 0.6185
2026-06-23 23:20:10 | DEBUG    |   Batch  130/335 | Loss: 0.5825
2026-06-23 23:20:16 | DEBUG    |   Batch  140/335 | Loss: 0.5370
2026-06-23 23:20:22 | DEBUG    |   Batch  150/335 | Loss: 0.5512
2026-06-23 23:20:28 | DEBUG    |   Batch  160/335 | Loss: 0.6766
2026-06-23 23:20:34 | DEBUG    |   Batch  170/335 | Loss: 0.5451
2026-06-23 23:20:40 | DEBUG    |   Batch  180/335 | Loss: 0.6274
2026-06-23 23:20:45 | DEBUG    |   Batch  190/335 | Loss: 0.6173
2026-06-23 23:20:51 | DEBUG    |   Batch  200/335 | Loss: 0.5413
2026-06-23 23:20:57 | DEBUG    |   Batch  210/335 | Loss: 0.6036
2026-06-23 23:21:03 | DEBUG    |   Batch  220/335 | Loss: 0.5561
2026-06-23 23:21:09 | DEBUG    |   Batch  230/335 | Loss: 0.5819
2026-06-23 23:21:15 | DEBUG    |   Batch  240/335 | Loss: 0.5633
2026-06-23 23:21:21 | DEBUG    |   Batch  250/335 | Loss: 0.5985
2026-06-23 23:21:27 | DEBUG    |   Batch  260/335 | Loss: 0.6372
2026-06-23 23:21:32 | DEBUG    |   Batch  270/335 | Loss: 0.5996
2026-06-23 23:21:38 | DEBUG    |   Batch  280/335 | Loss: 0.6344
2026-06-23 23:21:44 | DEBUG    |   Batch  290/335 | Loss: 0.5160
2026-06-23 23:21:50 | DEBUG    |   Batch  300/335 | Loss: 0.5804
2026-06-23 23:21:56 | DEBUG    |   Batch  310/335 | Loss: 0.5302
2026-06-23 23:22:02 | DEBUG    |   Batch  320/335 | Loss: 0.5838
2026-06-23 23:22:07 | DEBUG    |   Batch  330/335 | Loss: 0.6757
2026-06-23 23:31:12 | INFO     |   Train Loss: 0.5871 | Val Loss: 0.6540 | Mean DSC: 0.5038
2026-06-23 23:31:12 | INFO     |   DSC   NCR/ED/NET/ET : 0.3823 / 0.8794 / 0.0052 / 0.7484
2026-06-23 23:31:12 | INFO     |   HD95  NCR/ED/NET/ET : 10.52 / 7.42 / 95.24 / 13.84  mm
2026-06-23 23:31:12 | INFO     |   Sens  NCR/ED/NET/ET : 0.3204 / 0.8677 / 0.4436 / 0.7789
2026-06-23 23:31:12 | INFO     |   Prec  NCR/ED/NET/ET : 0.4739 / 0.8914 / 0.0026 / 0.7202
2026-06-23 23:31:12 | INFO     |   Time: 767.5s | Elapsed: 2.44h | ETA: 50h 10m | LR: 9.25e-05
2026-06-23 23:31:12 | INFO     | -----------------------------------------------------------------
2026-06-23 23:31:12 | INFO     | Epoch 54/300
2026-06-23 23:31:13 | DEBUG    |   Batch    0/335 | Loss: 0.6390
2026-06-23 23:31:19 | DEBUG    |   Batch   10/335 | Loss: 0.5376
2026-06-23 23:31:24 | DEBUG    |   Batch   20/335 | Loss: 0.6562
2026-06-23 23:31:30 | DEBUG    |   Batch   30/335 | Loss: 0.5943
2026-06-23 23:31:36 | DEBUG    |   Batch   40/335 | Loss: 0.6157
2026-06-23 23:31:42 | DEBUG    |   Batch   50/335 | Loss: 0.5654
2026-06-23 23:31:48 | DEBUG    |   Batch   60/335 | Loss: 0.5290
2026-06-23 23:31:53 | DEBUG    |   Batch   70/335 | Loss: 0.5945
2026-06-23 23:31:59 | DEBUG    |   Batch   80/335 | Loss: 0.5616
2026-06-23 23:32:05 | DEBUG    |   Batch   90/335 | Loss: 0.5955
2026-06-23 23:32:11 | DEBUG    |   Batch  100/335 | Loss: 0.5599
2026-06-23 23:32:17 | DEBUG    |   Batch  110/335 | Loss: 0.6151
2026-06-23 23:32:22 | DEBUG    |   Batch  120/335 | Loss: 0.5906
2026-06-23 23:32:28 | DEBUG    |   Batch  130/335 | Loss: 0.5587
2026-06-23 23:32:34 | DEBUG    |   Batch  140/335 | Loss: 0.6177
2026-06-23 23:32:40 | DEBUG    |   Batch  150/335 | Loss: 0.5804
2026-06-23 23:32:46 | DEBUG    |   Batch  160/335 | Loss: 0.5656
2026-06-23 23:32:51 | DEBUG    |   Batch  170/335 | Loss: 0.5737
2026-06-23 23:32:57 | DEBUG    |   Batch  180/335 | Loss: 0.5153
2026-06-23 23:33:03 | DEBUG    |   Batch  190/335 | Loss: 0.6045
2026-06-23 23:33:09 | DEBUG    |   Batch  200/335 | Loss: 0.6078
2026-06-23 23:33:15 | DEBUG    |   Batch  210/335 | Loss: 0.5245
2026-06-23 23:33:21 | DEBUG    |   Batch  220/335 | Loss: 0.6455
2026-06-23 23:33:26 | DEBUG    |   Batch  230/335 | Loss: 0.5682
2026-06-23 23:33:32 | DEBUG    |   Batch  240/335 | Loss: 0.5756
2026-06-23 23:33:38 | DEBUG    |   Batch  250/335 | Loss: 0.5384
2026-06-23 23:33:44 | DEBUG    |   Batch  260/335 | Loss: 0.5561
2026-06-23 23:33:50 | DEBUG    |   Batch  270/335 | Loss: 0.6105
2026-06-23 23:33:56 | DEBUG    |   Batch  280/335 | Loss: 0.5606
2026-06-23 23:34:02 | DEBUG    |   Batch  290/335 | Loss: 0.5804
2026-06-23 23:34:07 | DEBUG    |   Batch  300/335 | Loss: 0.5228
2026-06-23 23:34:13 | DEBUG    |   Batch  310/335 | Loss: 0.5708
2026-06-23 23:34:19 | DEBUG    |   Batch  320/335 | Loss: 0.5939
2026-06-23 23:34:25 | DEBUG    |   Batch  330/335 | Loss: 0.5765
2026-06-23 23:43:26 | INFO     |   Train Loss: 0.5864 | Val Loss: 0.6523 | Mean DSC: 0.5025
2026-06-23 23:43:26 | INFO     |   DSC   NCR/ED/NET/ET : 0.3641 / 0.8819 / 0.0051 / 0.7590
2026-06-23 23:43:26 | INFO     |   HD95  NCR/ED/NET/ET : 9.34 / 9.23 / 95.25 / 10.52  mm
2026-06-23 23:43:26 | INFO     |   Sens  NCR/ED/NET/ET : 0.2581 / 0.9086 / 0.4342 / 0.7854
2026-06-23 23:43:26 | INFO     |   Prec  NCR/ED/NET/ET : 0.6178 / 0.8568 / 0.0026 / 0.7345
2026-06-23 23:43:26 | INFO     |   Time: 733.8s | Elapsed: 2.64h | ETA: 49h 58m | LR: 9.22e-05
2026-06-23 23:43:26 | INFO     | -----------------------------------------------------------------
2026-06-23 23:43:26 | INFO     | Epoch 55/300
2026-06-23 23:43:26 | DEBUG    |   Batch    0/335 | Loss: 0.6061
2026-06-23 23:43:32 | DEBUG    |   Batch   10/335 | Loss: 0.5710
2026-06-23 23:43:38 | DEBUG    |   Batch   20/335 | Loss: 0.5589
2026-06-23 23:43:44 | DEBUG    |   Batch   30/335 | Loss: 0.6256
2026-06-23 23:43:50 | DEBUG    |   Batch   40/335 | Loss: 0.5301
2026-06-23 23:43:55 | DEBUG    |   Batch   50/335 | Loss: 0.5487
2026-06-23 23:44:01 | DEBUG    |   Batch   60/335 | Loss: 0.5668
2026-06-23 23:44:07 | DEBUG    |   Batch   70/335 | Loss: 0.5183
2026-06-23 23:44:13 | DEBUG    |   Batch   80/335 | Loss: 0.5402
2026-06-23 23:44:19 | DEBUG    |   Batch   90/335 | Loss: 0.6187
2026-06-23 23:44:24 | DEBUG    |   Batch  100/335 | Loss: 0.6028
2026-06-23 23:44:30 | DEBUG    |   Batch  110/335 | Loss: 0.5617
2026-06-23 23:44:36 | DEBUG    |   Batch  120/335 | Loss: 0.6320
2026-06-23 23:44:42 | DEBUG    |   Batch  130/335 | Loss: 0.5807
2026-06-23 23:44:47 | DEBUG    |   Batch  140/335 | Loss: 0.6045
2026-06-23 23:44:53 | DEBUG    |   Batch  150/335 | Loss: 0.6158
2026-06-23 23:44:59 | DEBUG    |   Batch  160/335 | Loss: 0.5273
2026-06-23 23:45:05 | DEBUG    |   Batch  170/335 | Loss: 0.6080
2026-06-23 23:45:11 | DEBUG    |   Batch  180/335 | Loss: 0.5305
2026-06-23 23:45:16 | DEBUG    |   Batch  190/335 | Loss: 0.5892
2026-06-23 23:45:22 | DEBUG    |   Batch  200/335 | Loss: 0.5076
2026-06-23 23:45:28 | DEBUG    |   Batch  210/335 | Loss: 0.5734
2026-06-23 23:45:34 | DEBUG    |   Batch  220/335 | Loss: 0.6024
2026-06-23 23:45:39 | DEBUG    |   Batch  230/335 | Loss: 0.6417
2026-06-23 23:45:45 | DEBUG    |   Batch  240/335 | Loss: 0.5380
2026-06-23 23:45:51 | DEBUG    |   Batch  250/335 | Loss: 0.5829
2026-06-23 23:45:57 | DEBUG    |   Batch  260/335 | Loss: 0.5638
2026-06-23 23:46:03 | DEBUG    |   Batch  270/335 | Loss: 0.6635
2026-06-23 23:46:08 | DEBUG    |   Batch  280/335 | Loss: 0.6369
2026-06-23 23:46:14 | DEBUG    |   Batch  290/335 | Loss: 0.5276
2026-06-23 23:46:20 | DEBUG    |   Batch  300/335 | Loss: 0.5786
2026-06-23 23:46:26 | DEBUG    |   Batch  310/335 | Loss: 0.5742
2026-06-23 23:46:32 | DEBUG    |   Batch  320/335 | Loss: 0.6034
2026-06-23 23:46:37 | DEBUG    |   Batch  330/335 | Loss: 0.5880
2026-06-23 23:55:34 | INFO     |   Train Loss: 0.5834 | Val Loss: 0.6662 | Mean DSC: 0.4768
2026-06-23 23:55:34 | INFO     |   DSC   NCR/ED/NET/ET : 0.2865 / 0.8713 / 0.0052 / 0.7442
2026-06-23 23:55:34 | INFO     |   HD95  NCR/ED/NET/ET : 9.38 / 7.66 / 95.23 / 10.73  mm
2026-06-23 23:55:34 | INFO     |   Sens  NCR/ED/NET/ET : 0.1870 / 0.8301 / 0.4450 / 0.7699
2026-06-23 23:55:34 | INFO     |   Prec  NCR/ED/NET/ET : 0.6124 / 0.9167 / 0.0026 / 0.7202
2026-06-23 23:55:34 | INFO     |   Time: 727.8s | Elapsed: 2.84h | ETA: 49h 45m | LR: 9.19e-05
2026-06-23 23:55:34 | INFO     | -----------------------------------------------------------------
2026-06-23 23:55:34 | INFO     | Epoch 56/300
2026-06-23 23:55:34 | DEBUG    |   Batch    0/335 | Loss: 0.6642
2026-06-23 23:55:40 | DEBUG    |   Batch   10/335 | Loss: 0.5642
2026-06-23 23:55:46 | DEBUG    |   Batch   20/335 | Loss: 0.5724
2026-06-23 23:55:52 | DEBUG    |   Batch   30/335 | Loss: 0.5619
2026-06-23 23:55:57 | DEBUG    |   Batch   40/335 | Loss: 0.6193
2026-06-23 23:56:03 | DEBUG    |   Batch   50/335 | Loss: 0.5867
2026-06-23 23:56:09 | DEBUG    |   Batch   60/335 | Loss: 0.5442
2026-06-23 23:56:15 | DEBUG    |   Batch   70/335 | Loss: 0.6188
2026-06-23 23:56:21 | DEBUG    |   Batch   80/335 | Loss: 0.7146
2026-06-23 23:56:26 | DEBUG    |   Batch   90/335 | Loss: 0.6503
2026-06-23 23:56:32 | DEBUG    |   Batch  100/335 | Loss: 0.6880
2026-06-23 23:56:38 | DEBUG    |   Batch  110/335 | Loss: 0.5348
2026-06-23 23:56:44 | DEBUG    |   Batch  120/335 | Loss: 0.5790
2026-06-23 23:56:50 | DEBUG    |   Batch  130/335 | Loss: 0.5826
2026-06-23 23:56:55 | DEBUG    |   Batch  140/335 | Loss: 0.6514
2026-06-23 23:57:01 | DEBUG    |   Batch  150/335 | Loss: 0.6038
2026-06-23 23:57:07 | DEBUG    |   Batch  160/335 | Loss: 0.5950
2026-06-23 23:57:13 | DEBUG    |   Batch  170/335 | Loss: 0.5254
2026-06-23 23:57:18 | DEBUG    |   Batch  180/335 | Loss: 0.5520
2026-06-23 23:57:24 | DEBUG    |   Batch  190/335 | Loss: 0.6090
2026-06-23 23:57:30 | DEBUG    |   Batch  200/335 | Loss: 0.4745
2026-06-23 23:57:36 | DEBUG    |   Batch  210/335 | Loss: 0.5232
2026-06-23 23:57:42 | DEBUG    |   Batch  220/335 | Loss: 0.5845
2026-06-23 23:57:47 | DEBUG    |   Batch  230/335 | Loss: 0.5008
2026-06-23 23:57:53 | DEBUG    |   Batch  240/335 | Loss: 0.5539
2026-06-23 23:57:59 | DEBUG    |   Batch  250/335 | Loss: 0.5855
2026-06-23 23:58:05 | DEBUG    |   Batch  260/335 | Loss: 0.5766
2026-06-23 23:58:11 | DEBUG    |   Batch  270/335 | Loss: 0.6747
2026-06-23 23:58:16 | DEBUG    |   Batch  280/335 | Loss: 0.6685
2026-06-23 23:58:22 | DEBUG    |   Batch  290/335 | Loss: 0.5418
2026-06-23 23:58:28 | DEBUG    |   Batch  300/335 | Loss: 0.5338
2026-06-23 23:58:34 | DEBUG    |   Batch  310/335 | Loss: 0.6005
2026-06-23 23:58:40 | DEBUG    |   Batch  320/335 | Loss: 0.6118
2026-06-23 23:58:45 | DEBUG    |   Batch  330/335 | Loss: 0.5618
2026-06-24 00:07:42 | INFO     |   Train Loss: 0.5862 | Val Loss: 0.6548 | Mean DSC: 0.5185
2026-06-24 00:07:42 | INFO     |   DSC   NCR/ED/NET/ET : 0.4227 / 0.8835 / 0.0052 / 0.7627
2026-06-24 00:07:42 | INFO     |   HD95  NCR/ED/NET/ET : 9.00 / 8.61 / 95.25 / 10.33  mm
2026-06-24 00:07:42 | INFO     |   Sens  NCR/ED/NET/ET : 0.3615 / 0.8985 / 0.4404 / 0.7354
2026-06-24 00:07:42 | INFO     |   Prec  NCR/ED/NET/ET : 0.5087 / 0.8689 / 0.0026 / 0.7920
2026-06-24 00:07:42 | INFO     |   Time: 728.2s | Elapsed: 3.05h | ETA: 49h 32m | LR: 9.16e-05
2026-06-24 00:07:42 | INFO     | -----------------------------------------------------------------
2026-06-24 00:07:42 | INFO     | Epoch 57/300
2026-06-24 00:07:42 | DEBUG    |   Batch    0/335 | Loss: 0.5511
2026-06-24 00:07:48 | DEBUG    |   Batch   10/335 | Loss: 0.5775
2026-06-24 00:07:54 | DEBUG    |   Batch   20/335 | Loss: 0.6334
2026-06-24 00:08:00 | DEBUG    |   Batch   30/335 | Loss: 0.5883
2026-06-24 00:08:06 | DEBUG    |   Batch   40/335 | Loss: 0.5874
2026-06-24 00:08:12 | DEBUG    |   Batch   50/335 | Loss: 0.6162
2026-06-24 00:08:17 | DEBUG    |   Batch   60/335 | Loss: 0.6054
2026-06-24 00:08:23 | DEBUG    |   Batch   70/335 | Loss: 0.6134
2026-06-24 00:08:29 | DEBUG    |   Batch   80/335 | Loss: 0.5282
2026-06-24 00:08:35 | DEBUG    |   Batch   90/335 | Loss: 0.6154
2026-06-24 00:08:40 | DEBUG    |   Batch  100/335 | Loss: 0.5877
2026-06-24 00:08:46 | DEBUG    |   Batch  110/335 | Loss: 0.5427
2026-06-24 00:08:52 | DEBUG    |   Batch  120/335 | Loss: 0.5843
2026-06-24 00:08:58 | DEBUG    |   Batch  130/335 | Loss: 0.5583
2026-06-24 00:09:03 | DEBUG    |   Batch  140/335 | Loss: 0.6912
2026-06-24 00:09:09 | DEBUG    |   Batch  150/335 | Loss: 0.7044
2026-06-24 00:09:15 | DEBUG    |   Batch  160/335 | Loss: 0.6170
2026-06-24 00:09:21 | DEBUG    |   Batch  170/335 | Loss: 0.6519
2026-06-24 00:09:27 | DEBUG    |   Batch  180/335 | Loss: 0.6332
2026-06-24 00:09:32 | DEBUG    |   Batch  190/335 | Loss: 0.5847
2026-06-24 00:09:38 | DEBUG    |   Batch  200/335 | Loss: 0.6223
2026-06-24 00:09:44 | DEBUG    |   Batch  210/335 | Loss: 0.6426
2026-06-24 00:09:50 | DEBUG    |   Batch  220/335 | Loss: 0.5926
2026-06-24 00:09:56 | DEBUG    |   Batch  230/335 | Loss: 0.6125
2026-06-24 00:10:01 | DEBUG    |   Batch  240/335 | Loss: 0.5445
2026-06-24 00:10:07 | DEBUG    |   Batch  250/335 | Loss: 0.6574
2026-06-24 00:10:13 | DEBUG    |   Batch  260/335 | Loss: 0.5455
2026-06-24 00:10:19 | DEBUG    |   Batch  270/335 | Loss: 0.5863
2026-06-24 00:10:24 | DEBUG    |   Batch  280/335 | Loss: 0.5520
2026-06-24 00:10:30 | DEBUG    |   Batch  290/335 | Loss: 0.5149
2026-06-24 00:10:36 | DEBUG    |   Batch  300/335 | Loss: 0.5862
2026-06-24 00:10:42 | DEBUG    |   Batch  310/335 | Loss: 0.5330
2026-06-24 00:10:48 | DEBUG    |   Batch  320/335 | Loss: 0.5692
2026-06-24 00:10:53 | DEBUG    |   Batch  330/335 | Loss: 0.5905
2026-06-24 00:19:48 | INFO     |   Train Loss: 0.5858 | Val Loss: 0.6544 | Mean DSC: 0.4964
2026-06-24 00:19:48 | INFO     |   DSC   NCR/ED/NET/ET : 0.3364 / 0.8737 / 0.0051 / 0.7702
2026-06-24 00:19:48 | INFO     |   HD95  NCR/ED/NET/ET : 9.00 / 7.59 / 95.23 / 10.61  mm
2026-06-24 00:19:48 | INFO     |   Sens  NCR/ED/NET/ET : 0.2262 / 0.8379 / 0.4341 / 0.8188
2026-06-24 00:19:48 | INFO     |   Prec  NCR/ED/NET/ET : 0.6561 / 0.9128 / 0.0026 / 0.7270
2026-06-24 00:19:48 | INFO     |   Time: 725.8s | Elapsed: 3.25h | ETA: 49h 18m | LR: 9.14e-05
2026-06-24 00:19:48 | INFO     | -----------------------------------------------------------------
2026-06-24 00:19:48 | INFO     | Epoch 58/300
2026-06-24 00:19:48 | DEBUG    |   Batch    0/335 | Loss: 0.7723
2026-06-24 00:19:54 | DEBUG    |   Batch   10/335 | Loss: 0.5425
2026-06-24 00:20:00 | DEBUG    |   Batch   20/335 | Loss: 0.6145
2026-06-24 00:20:06 | DEBUG    |   Batch   30/335 | Loss: 0.5808
2026-06-24 00:20:11 | DEBUG    |   Batch   40/335 | Loss: 0.5749
2026-06-24 00:20:17 | DEBUG    |   Batch   50/335 | Loss: 0.5658
2026-06-24 00:20:23 | DEBUG    |   Batch   60/335 | Loss: 0.5447
2026-06-24 00:20:29 | DEBUG    |   Batch   70/335 | Loss: 0.6563
2026-06-24 00:20:34 | DEBUG    |   Batch   80/335 | Loss: 0.6945
2026-06-24 00:20:40 | DEBUG    |   Batch   90/335 | Loss: 0.6512
2026-06-24 00:20:46 | DEBUG    |   Batch  100/335 | Loss: 0.6057
2026-06-24 00:20:52 | DEBUG    |   Batch  110/335 | Loss: 0.5386
2026-06-24 00:20:58 | DEBUG    |   Batch  120/335 | Loss: 0.6260
2026-06-24 00:21:03 | DEBUG    |   Batch  130/335 | Loss: 0.6089
2026-06-24 00:21:09 | DEBUG    |   Batch  140/335 | Loss: 0.5584
2026-06-24 00:21:15 | DEBUG    |   Batch  150/335 | Loss: 0.5576
2026-06-24 00:21:21 | DEBUG    |   Batch  160/335 | Loss: 0.6174
2026-06-24 00:21:26 | DEBUG    |   Batch  170/335 | Loss: 0.5747
2026-06-24 00:21:32 | DEBUG    |   Batch  180/335 | Loss: 0.5511
2026-06-24 00:21:38 | DEBUG    |   Batch  190/335 | Loss: 0.5667
2026-06-24 00:21:44 | DEBUG    |   Batch  200/335 | Loss: 0.5573
2026-06-24 00:21:50 | DEBUG    |   Batch  210/335 | Loss: 0.5362
2026-06-24 00:21:55 | DEBUG    |   Batch  220/335 | Loss: 0.5933
2026-06-24 00:22:01 | DEBUG    |   Batch  230/335 | Loss: 0.5164
2026-06-24 00:22:07 | DEBUG    |   Batch  240/335 | Loss: 0.5953
2026-06-24 00:22:13 | DEBUG    |   Batch  250/335 | Loss: 0.6714
2026-06-24 00:22:19 | DEBUG    |   Batch  260/335 | Loss: 0.6495
2026-06-24 00:22:24 | DEBUG    |   Batch  270/335 | Loss: 0.6249
2026-06-24 00:22:30 | DEBUG    |   Batch  280/335 | Loss: 0.6415
2026-06-24 00:22:36 | DEBUG    |   Batch  290/335 | Loss: 0.5271
2026-06-24 00:22:42 | DEBUG    |   Batch  300/335 | Loss: 0.6684
2026-06-24 00:22:48 | DEBUG    |   Batch  310/335 | Loss: 0.5905
2026-06-24 00:22:53 | DEBUG    |   Batch  320/335 | Loss: 0.5414
2026-06-24 00:22:59 | DEBUG    |   Batch  330/335 | Loss: 0.5542
2026-06-24 00:31:54 | INFO     |   Train Loss: 0.5852 | Val Loss: 0.6530 | Mean DSC: 0.5035
2026-06-24 00:31:54 | INFO     |   DSC   NCR/ED/NET/ET : 0.3680 / 0.8810 / 0.0053 / 0.7596
2026-06-24 00:31:54 | INFO     |   HD95  NCR/ED/NET/ET : 8.20 / 8.80 / 95.23 / 10.60  mm
2026-06-24 00:31:54 | INFO     |   Sens  NCR/ED/NET/ET : 0.2581 / 0.8606 / 0.4484 / 0.7316
2026-06-24 00:31:54 | INFO     |   Prec  NCR/ED/NET/ET : 0.6411 / 0.9024 / 0.0026 / 0.7898
2026-06-24 00:31:54 | INFO     |   Time: 725.9s | Elapsed: 3.45h | ETA: 49h 5m | LR: 9.11e-05
2026-06-24 00:31:54 | INFO     | -----------------------------------------------------------------
2026-06-24 00:31:54 | INFO     | Epoch 59/300
2026-06-24 00:31:54 | DEBUG    |   Batch    0/335 | Loss: 0.5770
2026-06-24 00:32:00 | DEBUG    |   Batch   10/335 | Loss: 0.5325
2026-06-24 00:32:06 | DEBUG    |   Batch   20/335 | Loss: 0.6156
2026-06-24 00:32:11 | DEBUG    |   Batch   30/335 | Loss: 0.5735
2026-06-24 00:32:17 | DEBUG    |   Batch   40/335 | Loss: 0.6156
2026-06-24 00:32:23 | DEBUG    |   Batch   50/335 | Loss: 0.5913
2026-06-24 00:32:29 | DEBUG    |   Batch   60/335 | Loss: 0.6411
2026-06-24 00:32:35 | DEBUG    |   Batch   70/335 | Loss: 0.7145
2026-06-24 00:32:41 | DEBUG    |   Batch   80/335 | Loss: 0.6053
2026-06-24 00:32:46 | DEBUG    |   Batch   90/335 | Loss: 0.5378
2026-06-24 00:32:52 | DEBUG    |   Batch  100/335 | Loss: 0.6040
2026-06-24 00:32:58 | DEBUG    |   Batch  110/335 | Loss: 0.5833
2026-06-24 00:33:04 | DEBUG    |   Batch  120/335 | Loss: 0.5538
2026-06-24 00:33:09 | DEBUG    |   Batch  130/335 | Loss: 0.5255
2026-06-24 00:33:15 | DEBUG    |   Batch  140/335 | Loss: 0.5474
2026-06-24 00:33:21 | DEBUG    |   Batch  150/335 | Loss: 0.6029
2026-06-24 00:33:27 | DEBUG    |   Batch  160/335 | Loss: 0.5758
2026-06-24 00:33:33 | DEBUG    |   Batch  170/335 | Loss: 0.6096
2026-06-24 00:33:38 | DEBUG    |   Batch  180/335 | Loss: 0.6338
2026-06-24 00:33:44 | DEBUG    |   Batch  190/335 | Loss: 0.6176
2026-06-24 00:33:50 | DEBUG    |   Batch  200/335 | Loss: 0.5575
2026-06-24 00:33:56 | DEBUG    |   Batch  210/335 | Loss: 0.5659
2026-06-24 00:34:02 | DEBUG    |   Batch  220/335 | Loss: 0.5437
2026-06-24 00:34:07 | DEBUG    |   Batch  230/335 | Loss: 0.6223
2026-06-24 00:34:13 | DEBUG    |   Batch  240/335 | Loss: 0.5781
2026-06-24 00:34:19 | DEBUG    |   Batch  250/335 | Loss: 0.5894
2026-06-24 00:34:24 | DEBUG    |   Batch  260/335 | Loss: 0.5576
2026-06-24 00:34:30 | DEBUG    |   Batch  270/335 | Loss: 0.6458
2026-06-24 00:34:36 | DEBUG    |   Batch  280/335 | Loss: 0.5911
2026-06-24 00:34:42 | DEBUG    |   Batch  290/335 | Loss: 0.6174
2026-06-24 00:34:48 | DEBUG    |   Batch  300/335 | Loss: 0.6220
2026-06-24 00:34:53 | DEBUG    |   Batch  310/335 | Loss: 0.6128
2026-06-24 00:34:59 | DEBUG    |   Batch  320/335 | Loss: 0.5518
2026-06-24 00:35:05 | DEBUG    |   Batch  330/335 | Loss: 0.5386
2026-06-24 00:44:00 | INFO     |   Train Loss: 0.5822 | Val Loss: 0.6553 | Mean DSC: 0.4946
2026-06-24 00:44:00 | INFO     |   DSC   NCR/ED/NET/ET : 0.3338 / 0.8793 / 0.0052 / 0.7602
2026-06-24 00:44:00 | INFO     |   HD95  NCR/ED/NET/ET : 9.19 / 7.34 / 95.23 / 11.32  mm
2026-06-24 00:44:00 | INFO     |   Sens  NCR/ED/NET/ET : 0.2279 / 0.8487 / 0.4430 / 0.7938
2026-06-24 00:44:00 | INFO     |   Prec  NCR/ED/NET/ET : 0.6233 / 0.9122 / 0.0026 / 0.7294
2026-06-24 00:44:00 | INFO     |   Time: 726.1s | Elapsed: 3.65h | ETA: 48h 52m | LR: 9.08e-05
2026-06-24 00:44:00 | INFO     | -----------------------------------------------------------------
2026-06-24 00:44:00 | INFO     | Epoch 60/300
2026-06-24 00:44:00 | DEBUG    |   Batch    0/335 | Loss: 0.6036
2026-06-24 00:44:06 | DEBUG    |   Batch   10/335 | Loss: 0.5365
2026-06-24 00:44:12 | DEBUG    |   Batch   20/335 | Loss: 0.5805
2026-06-24 00:44:18 | DEBUG    |   Batch   30/335 | Loss: 0.5864
2026-06-24 00:44:23 | DEBUG    |   Batch   40/335 | Loss: 0.6009
2026-06-24 00:44:29 | DEBUG    |   Batch   50/335 | Loss: 0.5592
2026-06-24 00:44:35 | DEBUG    |   Batch   60/335 | Loss: 0.5248
2026-06-24 00:44:41 | DEBUG    |   Batch   70/335 | Loss: 0.6032
2026-06-24 00:44:47 | DEBUG    |   Batch   80/335 | Loss: 0.6205
2026-06-24 00:44:52 | DEBUG    |   Batch   90/335 | Loss: 0.6047
2026-06-24 00:44:58 | DEBUG    |   Batch  100/335 | Loss: 0.5156
2026-06-24 00:45:04 | DEBUG    |   Batch  110/335 | Loss: 0.5619
2026-06-24 00:45:10 | DEBUG    |   Batch  120/335 | Loss: 0.5701
2026-06-24 00:45:15 | DEBUG    |   Batch  130/335 | Loss: 0.4949
2026-06-24 00:45:21 | DEBUG    |   Batch  140/335 | Loss: 0.5184
2026-06-24 00:45:27 | DEBUG    |   Batch  150/335 | Loss: 0.6210
2026-06-24 00:45:33 | DEBUG    |   Batch  160/335 | Loss: 0.5837
2026-06-24 00:45:38 | DEBUG    |   Batch  170/335 | Loss: 0.4981
2026-06-24 00:45:44 | DEBUG    |   Batch  180/335 | Loss: 0.6207
2026-06-24 00:45:50 | DEBUG    |   Batch  190/335 | Loss: 0.5000
2026-06-24 00:45:56 | DEBUG    |   Batch  200/335 | Loss: 0.5982
2026-06-24 00:46:02 | DEBUG    |   Batch  210/335 | Loss: 0.5850
2026-06-24 00:46:07 | DEBUG    |   Batch  220/335 | Loss: 0.5760
2026-06-24 00:46:13 | DEBUG    |   Batch  230/335 | Loss: 0.6110
2026-06-24 00:46:19 | DEBUG    |   Batch  240/335 | Loss: 0.6372
2026-06-24 00:46:25 | DEBUG    |   Batch  250/335 | Loss: 0.5610
2026-06-24 00:46:30 | DEBUG    |   Batch  260/335 | Loss: 0.5150
2026-06-24 00:46:36 | DEBUG    |   Batch  270/335 | Loss: 0.6177
2026-06-24 00:46:42 | DEBUG    |   Batch  280/335 | Loss: 0.6564
2026-06-24 00:46:48 | DEBUG    |   Batch  290/335 | Loss: 0.5187
2026-06-24 00:46:53 | DEBUG    |   Batch  300/335 | Loss: 0.5107
2026-06-24 00:46:59 | DEBUG    |   Batch  310/335 | Loss: 0.6412
2026-06-24 00:47:05 | DEBUG    |   Batch  320/335 | Loss: 0.5541
2026-06-24 00:47:11 | DEBUG    |   Batch  330/335 | Loss: 0.5642
2026-06-24 00:56:06 | INFO     |   Train Loss: 0.5817 | Val Loss: 0.6517 | Mean DSC: 0.5102
2026-06-24 00:56:06 | INFO     |   DSC   NCR/ED/NET/ET : 0.3822 / 0.8880 / 0.0051 / 0.7656
2026-06-24 00:56:06 | INFO     |   HD95  NCR/ED/NET/ET : 8.95 / 7.31 / 95.24 / 9.54  mm
2026-06-24 00:56:06 | INFO     |   Sens  NCR/ED/NET/ET : 0.2951 / 0.8991 / 0.4295 / 0.7617
2026-06-24 00:56:06 | INFO     |   Prec  NCR/ED/NET/ET : 0.5420 / 0.8773 / 0.0025 / 0.7696
2026-06-24 00:56:06 | INFO     |   Time: 726.5s | Elapsed: 3.85h | ETA: 48h 39m | LR: 9.05e-05
2026-06-24 00:56:06 | INFO     |   Checkpoint saved → checkpoint_epoch60.pth
2026-06-24 00:56:06 | INFO     | -----------------------------------------------------------------
2026-06-24 00:56:06 | INFO     | Epoch 61/300
2026-06-24 00:56:07 | DEBUG    |   Batch    0/335 | Loss: 0.4918
2026-06-24 00:56:12 | DEBUG    |   Batch   10/335 | Loss: 0.5140
2026-06-24 00:56:18 | DEBUG    |   Batch   20/335 | Loss: 0.5843
2026-06-24 00:56:24 | DEBUG    |   Batch   30/335 | Loss: 0.5287
2026-06-24 00:56:30 | DEBUG    |   Batch   40/335 | Loss: 0.5795
2026-06-24 00:56:36 | DEBUG    |   Batch   50/335 | Loss: 0.5947
2026-06-24 00:56:41 | DEBUG    |   Batch   60/335 | Loss: 0.5813
2026-06-24 00:56:47 | DEBUG    |   Batch   70/335 | Loss: 0.5698
2026-06-24 00:56:53 | DEBUG    |   Batch   80/335 | Loss: 0.5524
2026-06-24 00:56:58 | DEBUG    |   Batch   90/335 | Loss: 0.7351
2026-06-24 00:57:04 | DEBUG    |   Batch  100/335 | Loss: 0.5577
2026-06-24 00:57:10 | DEBUG    |   Batch  110/335 | Loss: 0.5280
2026-06-24 00:57:16 | DEBUG    |   Batch  120/335 | Loss: 0.5407
2026-06-24 00:57:21 | DEBUG    |   Batch  130/335 | Loss: 0.5617
2026-06-24 00:57:27 | DEBUG    |   Batch  140/335 | Loss: 0.6249
2026-06-24 00:57:33 | DEBUG    |   Batch  150/335 | Loss: 0.6135
2026-06-24 00:57:39 | DEBUG    |   Batch  160/335 | Loss: 0.6131
2026-06-24 00:57:44 | DEBUG    |   Batch  170/335 | Loss: 0.5968
2026-06-24 00:57:50 | DEBUG    |   Batch  180/335 | Loss: 0.5658
2026-06-24 00:57:56 | DEBUG    |   Batch  190/335 | Loss: 0.6299
2026-06-24 00:58:02 | DEBUG    |   Batch  200/335 | Loss: 0.6138
2026-06-24 00:58:07 | DEBUG    |   Batch  210/335 | Loss: 0.5489
2026-06-24 00:58:13 | DEBUG    |   Batch  220/335 | Loss: 0.5814
2026-06-24 00:58:19 | DEBUG    |   Batch  230/335 | Loss: 0.5785
2026-06-24 00:58:25 | DEBUG    |   Batch  240/335 | Loss: 0.5604
2026-06-24 00:58:30 | DEBUG    |   Batch  250/335 | Loss: 0.5776
2026-06-24 00:58:36 | DEBUG    |   Batch  260/335 | Loss: 0.5628
2026-06-24 00:58:42 | DEBUG    |   Batch  270/335 | Loss: 0.6000
2026-06-24 00:58:48 | DEBUG    |   Batch  280/335 | Loss: 0.5800
2026-06-24 00:58:53 | DEBUG    |   Batch  290/335 | Loss: 0.6165
2026-06-24 00:58:59 | DEBUG    |   Batch  300/335 | Loss: 0.5465
2026-06-24 00:59:05 | DEBUG    |   Batch  310/335 | Loss: 0.5516
2026-06-24 00:59:11 | DEBUG    |   Batch  320/335 | Loss: 0.5776
2026-06-24 00:59:16 | DEBUG    |   Batch  330/335 | Loss: 0.5777
2026-06-24 01:08:12 | INFO     |   Train Loss: 0.5805 | Val Loss: 0.6538 | Mean DSC: 0.4989
2026-06-24 01:08:12 | INFO     |   DSC   NCR/ED/NET/ET : 0.3363 / 0.8878 / 0.0050 / 0.7666
2026-06-24 01:08:12 | INFO     |   HD95  NCR/ED/NET/ET : 8.69 / 6.86 / 95.24 / 10.92  mm
2026-06-24 01:08:12 | INFO     |   Sens  NCR/ED/NET/ET : 0.2279 / 0.8775 / 0.4295 / 0.8259
2026-06-24 01:08:12 | INFO     |   Prec  NCR/ED/NET/ET : 0.6408 / 0.8984 / 0.0025 / 0.7152
2026-06-24 01:08:12 | INFO     |   Time: 725.8s | Elapsed: 4.05h | ETA: 48h 26m | LR: 9.01e-05
2026-06-24 01:08:12 | INFO     | -----------------------------------------------------------------
2026-06-24 01:08:12 | INFO     | Epoch 62/300
2026-06-24 01:08:13 | DEBUG    |   Batch    0/335 | Loss: 0.5884
2026-06-24 01:08:18 | DEBUG    |   Batch   10/335 | Loss: 0.5372
2026-06-24 01:08:24 | DEBUG    |   Batch   20/335 | Loss: 0.5889
2026-06-24 01:08:30 | DEBUG    |   Batch   30/335 | Loss: 0.5855
2026-06-24 01:08:36 | DEBUG    |   Batch   40/335 | Loss: 0.5992
2026-06-24 01:08:41 | DEBUG    |   Batch   50/335 | Loss: 0.5181
2026-06-24 01:08:47 | DEBUG    |   Batch   60/335 | Loss: 0.5821
2026-06-24 01:08:53 | DEBUG    |   Batch   70/335 | Loss: 0.6231
2026-06-24 01:08:59 | DEBUG    |   Batch   80/335 | Loss: 0.5241
2026-06-24 01:09:04 | DEBUG    |   Batch   90/335 | Loss: 0.5628
2026-06-24 01:09:10 | DEBUG    |   Batch  100/335 | Loss: 0.5446
2026-06-24 01:09:16 | DEBUG    |   Batch  110/335 | Loss: 0.5139
2026-06-24 01:09:21 | DEBUG    |   Batch  120/335 | Loss: 0.5443
2026-06-24 01:09:27 | DEBUG    |   Batch  130/335 | Loss: 0.6374
2026-06-24 01:09:33 | DEBUG    |   Batch  140/335 | Loss: 0.5913
2026-06-24 01:09:39 | DEBUG    |   Batch  150/335 | Loss: 0.5950
2026-06-24 01:09:45 | DEBUG    |   Batch  160/335 | Loss: 0.6385
2026-06-24 01:09:50 | DEBUG    |   Batch  170/335 | Loss: 0.6082
2026-06-24 01:09:56 | DEBUG    |   Batch  180/335 | Loss: 0.5197
2026-06-24 01:10:02 | DEBUG    |   Batch  190/335 | Loss: 0.6316
2026-06-24 01:10:08 | DEBUG    |   Batch  200/335 | Loss: 0.5676
2026-06-24 01:10:13 | DEBUG    |   Batch  210/335 | Loss: 0.5235
2026-06-24 01:10:19 | DEBUG    |   Batch  220/335 | Loss: 0.5430
2026-06-24 01:10:25 | DEBUG    |   Batch  230/335 | Loss: 0.6044
2026-06-24 01:10:31 | DEBUG    |   Batch  240/335 | Loss: 0.5267
2026-06-24 01:10:36 | DEBUG    |   Batch  250/335 | Loss: 0.6189
2026-06-24 01:10:42 | DEBUG    |   Batch  260/335 | Loss: 0.6213
2026-06-24 01:10:48 | DEBUG    |   Batch  270/335 | Loss: 0.6468
2026-06-24 01:10:54 | DEBUG    |   Batch  280/335 | Loss: 0.6450
2026-06-24 01:10:59 | DEBUG    |   Batch  290/335 | Loss: 0.6183
2026-06-24 01:11:05 | DEBUG    |   Batch  300/335 | Loss: 0.5209
2026-06-24 01:11:11 | DEBUG    |   Batch  310/335 | Loss: 0.5004
2026-06-24 01:11:17 | DEBUG    |   Batch  320/335 | Loss: 0.5982
2026-06-24 01:11:22 | DEBUG    |   Batch  330/335 | Loss: 0.5334
2026-06-24 01:20:16 | INFO     |   Train Loss: 0.5806 | Val Loss: 0.6520 | Mean DSC: 0.5123
2026-06-24 01:20:16 | INFO     |   DSC   NCR/ED/NET/ET : 0.3856 / 0.8842 / 0.0053 / 0.7741
2026-06-24 01:20:16 | INFO     |   HD95  NCR/ED/NET/ET : 8.60 / 8.43 / 95.25 / 10.06  mm
2026-06-24 01:20:16 | INFO     |   Sens  NCR/ED/NET/ET : 0.3029 / 0.9061 / 0.4487 / 0.7579
2026-06-24 01:20:16 | INFO     |   Prec  NCR/ED/NET/ET : 0.5305 / 0.8632 / 0.0027 / 0.7909
2026-06-24 01:20:16 | INFO     |   Time: 724.5s | Elapsed: 4.26h | ETA: 48h 13m | LR: 8.98e-05
2026-06-24 01:20:16 | INFO     | -----------------------------------------------------------------
2026-06-24 01:20:16 | INFO     | Epoch 63/300
2026-06-24 01:20:17 | DEBUG    |   Batch    0/335 | Loss: 0.5171
2026-06-24 01:20:23 | DEBUG    |   Batch   10/335 | Loss: 0.5432
2026-06-24 01:20:29 | DEBUG    |   Batch   20/335 | Loss: 0.5774
2026-06-24 01:20:34 | DEBUG    |   Batch   30/335 | Loss: 0.6004
2026-06-24 01:20:40 | DEBUG    |   Batch   40/335 | Loss: 0.6309
2026-06-24 01:20:46 | DEBUG    |   Batch   50/335 | Loss: 0.5694
2026-06-24 01:20:52 | DEBUG    |   Batch   60/335 | Loss: 0.6498
2026-06-24 01:20:57 | DEBUG    |   Batch   70/335 | Loss: 0.5439
2026-06-24 01:21:03 | DEBUG    |   Batch   80/335 | Loss: 0.6186
2026-06-24 01:21:09 | DEBUG    |   Batch   90/335 | Loss: 0.5804
2026-06-24 01:21:15 | DEBUG    |   Batch  100/335 | Loss: 0.6112
2026-06-24 01:21:21 | DEBUG    |   Batch  110/335 | Loss: 0.5749
2026-06-24 01:21:26 | DEBUG    |   Batch  120/335 | Loss: 0.5612
2026-06-24 01:21:32 | DEBUG    |   Batch  130/335 | Loss: 0.5270
2026-06-24 01:21:38 | DEBUG    |   Batch  140/335 | Loss: 0.6223
2026-06-24 01:21:44 | DEBUG    |   Batch  150/335 | Loss: 0.5455
2026-06-24 01:21:49 | DEBUG    |   Batch  160/335 | Loss: 0.5088
2026-06-24 01:21:55 | DEBUG    |   Batch  170/335 | Loss: 0.6095
2026-06-24 01:22:01 | DEBUG    |   Batch  180/335 | Loss: 0.5433
2026-06-24 01:22:07 | DEBUG    |   Batch  190/335 | Loss: 0.6054
2026-06-24 01:22:12 | DEBUG    |   Batch  200/335 | Loss: 0.6461
2026-06-24 01:22:18 | DEBUG    |   Batch  210/335 | Loss: 0.5689
2026-06-24 01:22:24 | DEBUG    |   Batch  220/335 | Loss: 0.5877
2026-06-24 01:22:30 | DEBUG    |   Batch  230/335 | Loss: 0.6668
2026-06-24 01:22:36 | DEBUG    |   Batch  240/335 | Loss: 0.5780
2026-06-24 01:22:41 | DEBUG    |   Batch  250/335 | Loss: 0.5912
2026-06-24 01:22:47 | DEBUG    |   Batch  260/335 | Loss: 0.5470
2026-06-24 01:22:53 | DEBUG    |   Batch  270/335 | Loss: 0.5800
2026-06-24 01:22:59 | DEBUG    |   Batch  280/335 | Loss: 0.5656
2026-06-24 01:23:04 | DEBUG    |   Batch  290/335 | Loss: 0.5879
2026-06-24 01:23:10 | DEBUG    |   Batch  300/335 | Loss: 0.5626
2026-06-24 01:23:16 | DEBUG    |   Batch  310/335 | Loss: 0.5592
2026-06-24 01:23:22 | DEBUG    |   Batch  320/335 | Loss: 0.6505
2026-06-24 01:23:27 | DEBUG    |   Batch  330/335 | Loss: 0.5531
2026-06-24 01:32:23 | INFO     |   Train Loss: 0.5801 | Val Loss: 0.6543 | Mean DSC: 0.5140
2026-06-24 01:32:23 | INFO     |   DSC   NCR/ED/NET/ET : 0.4059 / 0.8853 / 0.0052 / 0.7597
2026-06-24 01:32:23 | INFO     |   HD95  NCR/ED/NET/ET : 9.32 / 7.63 / 95.24 / 10.42  mm
2026-06-24 01:32:23 | INFO     |   Sens  NCR/ED/NET/ET : 0.3157 / 0.8801 / 0.4387 / 0.7392
2026-06-24 01:32:23 | INFO     |   Prec  NCR/ED/NET/ET : 0.5683 / 0.8906 / 0.0026 / 0.7814
2026-06-24 01:32:23 | INFO     |   Time: 726.9s | Elapsed: 4.46h | ETA: 48h 0m | LR: 8.95e-05
2026-06-24 01:32:23 | INFO     | -----------------------------------------------------------------
2026-06-24 01:32:23 | INFO     | Epoch 64/300
2026-06-24 01:32:24 | DEBUG    |   Batch    0/335 | Loss: 0.6575
2026-06-24 01:32:30 | DEBUG    |   Batch   10/335 | Loss: 0.5769
2026-06-24 01:32:36 | DEBUG    |   Batch   20/335 | Loss: 0.5763
2026-06-24 01:32:41 | DEBUG    |   Batch   30/335 | Loss: 0.5448
2026-06-24 01:32:47 | DEBUG    |   Batch   40/335 | Loss: 0.5660
2026-06-24 01:32:53 | DEBUG    |   Batch   50/335 | Loss: 0.5380
2026-06-24 01:32:58 | DEBUG    |   Batch   60/335 | Loss: 0.6367
2026-06-24 01:33:04 | DEBUG    |   Batch   70/335 | Loss: 0.6108
2026-06-24 01:33:10 | DEBUG    |   Batch   80/335 | Loss: 0.6131
2026-06-24 01:33:16 | DEBUG    |   Batch   90/335 | Loss: 0.5879
2026-06-24 01:33:22 | DEBUG    |   Batch  100/335 | Loss: 0.5307
2026-06-24 01:33:27 | DEBUG    |   Batch  110/335 | Loss: 0.7067
2026-06-24 01:33:33 | DEBUG    |   Batch  120/335 | Loss: 0.5672
2026-06-24 01:33:39 | DEBUG    |   Batch  130/335 | Loss: 0.6169
2026-06-24 01:33:44 | DEBUG    |   Batch  140/335 | Loss: 0.6858
2026-06-24 01:33:50 | DEBUG    |   Batch  150/335 | Loss: 0.5442
2026-06-24 01:33:56 | DEBUG    |   Batch  160/335 | Loss: 0.5830
2026-06-24 01:34:02 | DEBUG    |   Batch  170/335 | Loss: 0.5557
2026-06-24 01:34:07 | DEBUG    |   Batch  180/335 | Loss: 0.6168
2026-06-24 01:34:13 | DEBUG    |   Batch  190/335 | Loss: 0.5797
2026-06-24 01:34:19 | DEBUG    |   Batch  200/335 | Loss: 0.4710
2026-06-24 01:34:25 | DEBUG    |   Batch  210/335 | Loss: 0.5615
2026-06-24 01:34:31 | DEBUG    |   Batch  220/335 | Loss: 0.5929
2026-06-24 01:34:36 | DEBUG    |   Batch  230/335 | Loss: 0.6479
2026-06-24 01:34:42 | DEBUG    |   Batch  240/335 | Loss: 0.5987
2026-06-24 01:34:48 | DEBUG    |   Batch  250/335 | Loss: 0.6233
2026-06-24 01:34:54 | DEBUG    |   Batch  260/335 | Loss: 0.5871
2026-06-24 01:34:59 | DEBUG    |   Batch  270/335 | Loss: 0.5253
2026-06-24 01:35:05 | DEBUG    |   Batch  280/335 | Loss: 0.5767
2026-06-24 01:35:11 | DEBUG    |   Batch  290/335 | Loss: 0.5827
2026-06-24 01:35:16 | DEBUG    |   Batch  300/335 | Loss: 0.5843
2026-06-24 01:35:22 | DEBUG    |   Batch  310/335 | Loss: 0.5277
2026-06-24 01:35:28 | DEBUG    |   Batch  320/335 | Loss: 0.5564
2026-06-24 01:35:34 | DEBUG    |   Batch  330/335 | Loss: 0.5714
2026-06-24 01:44:32 | INFO     |   Train Loss: 0.5817 | Val Loss: 0.6535 | Mean DSC: 0.4954
2026-06-24 01:44:32 | INFO     |   DSC   NCR/ED/NET/ET : 0.3394 / 0.8840 / 0.0053 / 0.7530
2026-06-24 01:44:32 | INFO     |   HD95  NCR/ED/NET/ET : 8.84 / 7.81 / 95.24 / 12.63  mm
2026-06-24 01:44:32 | INFO     |   Sens  NCR/ED/NET/ET : 0.2499 / 0.8663 / 0.4553 / 0.7937
2026-06-24 01:44:32 | INFO     |   Prec  NCR/ED/NET/ET : 0.5287 / 0.9023 / 0.0027 / 0.7162
2026-06-24 01:44:32 | INFO     |   Time: 728.4s | Elapsed: 4.66h | ETA: 47h 48m | LR: 8.92e-05
2026-06-24 01:44:32 | INFO     | -----------------------------------------------------------------
2026-06-24 01:44:32 | INFO     | Epoch 65/300
2026-06-24 01:44:32 | DEBUG    |   Batch    0/335 | Loss: 0.5681
2026-06-24 01:44:38 | DEBUG    |   Batch   10/335 | Loss: 0.5644
2026-06-24 01:44:44 | DEBUG    |   Batch   20/335 | Loss: 0.5862
2026-06-24 01:44:50 | DEBUG    |   Batch   30/335 | Loss: 0.5750
2026-06-24 01:44:56 | DEBUG    |   Batch   40/335 | Loss: 0.5656
2026-06-24 01:45:02 | DEBUG    |   Batch   50/335 | Loss: 0.5833
2026-06-24 01:45:09 | DEBUG    |   Batch   60/335 | Loss: 0.5706
2026-06-24 01:45:15 | DEBUG    |   Batch   70/335 | Loss: 0.5450
2026-06-24 01:45:21 | DEBUG    |   Batch   80/335 | Loss: 0.5666
2026-06-24 01:45:26 | DEBUG    |   Batch   90/335 | Loss: 0.6086
2026-06-24 01:45:32 | DEBUG    |   Batch  100/335 | Loss: 0.5897
2026-06-24 01:45:38 | DEBUG    |   Batch  110/335 | Loss: 0.6024
2026-06-24 01:45:44 | DEBUG    |   Batch  120/335 | Loss: 0.6136
2026-06-24 01:45:50 | DEBUG    |   Batch  130/335 | Loss: 0.5388
2026-06-24 01:45:56 | DEBUG    |   Batch  140/335 | Loss: 0.5655
2026-06-24 01:46:02 | DEBUG    |   Batch  150/335 | Loss: 0.6243
2026-06-24 01:46:08 | DEBUG    |   Batch  160/335 | Loss: 0.5623
2026-06-24 01:46:15 | DEBUG    |   Batch  170/335 | Loss: 0.5485
2026-06-24 01:46:21 | DEBUG    |   Batch  180/335 | Loss: 0.6497
2026-06-24 01:46:27 | DEBUG    |   Batch  190/335 | Loss: 0.5370
2026-06-24 01:46:33 | DEBUG    |   Batch  200/335 | Loss: 0.5602
2026-06-24 01:46:39 | DEBUG    |   Batch  210/335 | Loss: 0.6140
2026-06-24 01:46:45 | DEBUG    |   Batch  220/335 | Loss: 0.6289
2026-06-24 01:46:51 | DEBUG    |   Batch  230/335 | Loss: 0.5824
2026-06-24 01:46:57 | DEBUG    |   Batch  240/335 | Loss: 0.4474
2026-06-24 01:47:03 | DEBUG    |   Batch  250/335 | Loss: 0.5483
2026-06-24 01:47:08 | DEBUG    |   Batch  260/335 | Loss: 0.5296
2026-06-24 01:47:14 | DEBUG    |   Batch  270/335 | Loss: 0.5552
2026-06-24 01:47:20 | DEBUG    |   Batch  280/335 | Loss: 0.5079
2026-06-24 01:47:26 | DEBUG    |   Batch  290/335 | Loss: 0.5763
2026-06-24 01:47:32 | DEBUG    |   Batch  300/335 | Loss: 0.5436
2026-06-24 01:47:38 | DEBUG    |   Batch  310/335 | Loss: 0.6206
2026-06-24 01:47:44 | DEBUG    |   Batch  320/335 | Loss: 0.5743
2026-06-24 01:47:50 | DEBUG    |   Batch  330/335 | Loss: 0.5635
2026-06-24 01:56:47 | INFO     |   Train Loss: 0.5797 | Val Loss: 0.6487 | Mean DSC: 0.5241
2026-06-24 01:56:47 | INFO     |   DSC   NCR/ED/NET/ET : 0.4360 / 0.8852 / 0.0052 / 0.7698
2026-06-24 01:56:47 | INFO     |   HD95  NCR/ED/NET/ET : 8.48 / 7.16 / 95.23 / 9.74  mm
2026-06-24 01:56:47 | INFO     |   Sens  NCR/ED/NET/ET : 0.3649 / 0.8667 / 0.4421 / 0.7445
2026-06-24 01:56:47 | INFO     |   Prec  NCR/ED/NET/ET : 0.5417 / 0.9046 / 0.0026 / 0.7969
2026-06-24 01:56:47 | INFO     |   Time: 735.5s | Elapsed: 4.86h | ETA: 47h 37m | LR: 8.89e-05
2026-06-24 01:56:47 | INFO     |   ✓ New best model saved (DSC: 0.5241)
2026-06-24 01:56:47 | INFO     | -----------------------------------------------------------------
2026-06-24 01:56:47 | INFO     | Epoch 66/300
2026-06-24 01:56:48 | DEBUG    |   Batch    0/335 | Loss: 0.5663
2026-06-24 01:56:54 | DEBUG    |   Batch   10/335 | Loss: 0.6436
2026-06-24 01:56:59 | DEBUG    |   Batch   20/335 | Loss: 0.6134
2026-06-24 01:57:05 | DEBUG    |   Batch   30/335 | Loss: 0.6496
2026-06-24 01:57:11 | DEBUG    |   Batch   40/335 | Loss: 0.5795
2026-06-24 01:57:17 | DEBUG    |   Batch   50/335 | Loss: 0.4890
2026-06-24 01:57:23 | DEBUG    |   Batch   60/335 | Loss: 0.6303
2026-06-24 01:57:29 | DEBUG    |   Batch   70/335 | Loss: 0.5021
2026-06-24 01:57:34 | DEBUG    |   Batch   80/335 | Loss: 0.5860
2026-06-24 01:57:40 | DEBUG    |   Batch   90/335 | Loss: 0.5993
2026-06-24 01:57:46 | DEBUG    |   Batch  100/335 | Loss: 0.6301
2026-06-24 01:57:52 | DEBUG    |   Batch  110/335 | Loss: 0.5675
2026-06-24 01:57:57 | DEBUG    |   Batch  120/335 | Loss: 0.6002
2026-06-24 01:58:03 | DEBUG    |   Batch  130/335 | Loss: 0.5254
2026-06-24 01:58:09 | DEBUG    |   Batch  140/335 | Loss: 0.5914
2026-06-24 01:58:14 | DEBUG    |   Batch  150/335 | Loss: 0.6402
2026-06-24 01:58:20 | DEBUG    |   Batch  160/335 | Loss: 0.5706
2026-06-24 01:58:26 | DEBUG    |   Batch  170/335 | Loss: 0.5410
2026-06-24 01:58:32 | DEBUG    |   Batch  180/335 | Loss: 0.5988
2026-06-24 01:58:37 | DEBUG    |   Batch  190/335 | Loss: 0.6027
2026-06-24 01:58:43 | DEBUG    |   Batch  200/335 | Loss: 0.5290
2026-06-24 01:58:49 | DEBUG    |   Batch  210/335 | Loss: 0.5460
2026-06-24 01:58:55 | DEBUG    |   Batch  220/335 | Loss: 0.5074
2026-06-24 01:59:00 | DEBUG    |   Batch  230/335 | Loss: 0.5449
2026-06-24 01:59:06 | DEBUG    |   Batch  240/335 | Loss: 0.6270
2026-06-24 01:59:12 | DEBUG    |   Batch  250/335 | Loss: 0.6174
2026-06-24 01:59:18 | DEBUG    |   Batch  260/335 | Loss: 0.4904
2026-06-24 01:59:23 | DEBUG    |   Batch  270/335 | Loss: 0.6204
2026-06-24 01:59:29 | DEBUG    |   Batch  280/335 | Loss: 0.4974
2026-06-24 01:59:35 | DEBUG    |   Batch  290/335 | Loss: 0.5726
2026-06-24 01:59:41 | DEBUG    |   Batch  300/335 | Loss: 0.5843
2026-06-24 01:59:46 | DEBUG    |   Batch  310/335 | Loss: 0.6008
2026-06-24 01:59:52 | DEBUG    |   Batch  320/335 | Loss: 0.6316
2026-06-24 01:59:58 | DEBUG    |   Batch  330/335 | Loss: 0.6348
2026-06-24 02:08:52 | INFO     |   Train Loss: 0.5799 | Val Loss: 0.6510 | Mean DSC: 0.4930
2026-06-24 02:08:52 | INFO     |   DSC   NCR/ED/NET/ET : 0.3438 / 0.8791 / 0.0052 / 0.7438
2026-06-24 02:08:52 | INFO     |   HD95  NCR/ED/NET/ET : 9.05 / 7.76 / 95.24 / 12.33  mm
2026-06-24 02:08:52 | INFO     |   Sens  NCR/ED/NET/ET : 0.2530 / 0.8547 / 0.4435 / 0.7839
2026-06-24 02:08:52 | INFO     |   Prec  NCR/ED/NET/ET : 0.5363 / 0.9050 / 0.0026 / 0.7076
2026-06-24 02:08:52 | INFO     |   Time: 724.3s | Elapsed: 5.06h | ETA: 47h 24m | LR: 8.85e-05
2026-06-24 02:08:52 | INFO     | -----------------------------------------------------------------
2026-06-24 02:08:52 | INFO     | Epoch 67/300
2026-06-24 02:08:52 | DEBUG    |   Batch    0/335 | Loss: 0.5518
2026-06-24 02:08:58 | DEBUG    |   Batch   10/335 | Loss: 0.5460
2026-06-24 02:09:04 | DEBUG    |   Batch   20/335 | Loss: 0.6505
2026-06-24 02:09:09 | DEBUG    |   Batch   30/335 | Loss: 0.5853
2026-06-24 02:09:15 | DEBUG    |   Batch   40/335 | Loss: 0.6884
2026-06-24 02:09:21 | DEBUG    |   Batch   50/335 | Loss: 0.5681
2026-06-24 02:09:27 | DEBUG    |   Batch   60/335 | Loss: 0.5511
2026-06-24 02:09:32 | DEBUG    |   Batch   70/335 | Loss: 0.5183
2026-06-24 02:09:38 | DEBUG    |   Batch   80/335 | Loss: 0.6264
2026-06-24 02:09:44 | DEBUG    |   Batch   90/335 | Loss: 0.5821
2026-06-24 02:09:50 | DEBUG    |   Batch  100/335 | Loss: 0.5367
2026-06-24 02:09:55 | DEBUG    |   Batch  110/335 | Loss: 0.5855
2026-06-24 02:10:01 | DEBUG    |   Batch  120/335 | Loss: 0.5775
2026-06-24 02:10:07 | DEBUG    |   Batch  130/335 | Loss: 0.5986
2026-06-24 02:10:12 | DEBUG    |   Batch  140/335 | Loss: 0.5254
2026-06-24 02:10:18 | DEBUG    |   Batch  150/335 | Loss: 0.5687
2026-06-24 02:10:24 | DEBUG    |   Batch  160/335 | Loss: 0.6251
2026-06-24 02:10:30 | DEBUG    |   Batch  170/335 | Loss: 0.5903
2026-06-24 02:10:35 | DEBUG    |   Batch  180/335 | Loss: 0.6075
2026-06-24 02:10:41 | DEBUG    |   Batch  190/335 | Loss: 0.6369
2026-06-24 02:10:47 | DEBUG    |   Batch  200/335 | Loss: 0.5624
2026-06-24 02:10:53 | DEBUG    |   Batch  210/335 | Loss: 0.6828
2026-06-24 02:10:58 | DEBUG    |   Batch  220/335 | Loss: 0.5068
2026-06-24 02:11:04 | DEBUG    |   Batch  230/335 | Loss: 0.5647
2026-06-24 02:11:10 | DEBUG    |   Batch  240/335 | Loss: 0.6063
2026-06-24 02:11:16 | DEBUG    |   Batch  250/335 | Loss: 0.6190
2026-06-24 02:11:21 | DEBUG    |   Batch  260/335 | Loss: 0.5843
2026-06-24 02:11:27 | DEBUG    |   Batch  270/335 | Loss: 0.6006
2026-06-24 02:11:33 | DEBUG    |   Batch  280/335 | Loss: 0.5639
2026-06-24 02:11:39 | DEBUG    |   Batch  290/335 | Loss: 0.5607
2026-06-24 02:11:44 | DEBUG    |   Batch  300/335 | Loss: 0.5771
2026-06-24 02:11:50 | DEBUG    |   Batch  310/335 | Loss: 0.5518
2026-06-24 02:11:56 | DEBUG    |   Batch  320/335 | Loss: 0.5870
2026-06-24 02:12:01 | DEBUG    |   Batch  330/335 | Loss: 0.5861
2026-06-24 02:20:56 | INFO     |   Train Loss: 0.5793 | Val Loss: 0.6451 | Mean DSC: 0.5094
2026-06-24 02:20:56 | INFO     |   DSC   NCR/ED/NET/ET : 0.3741 / 0.8870 / 0.0053 / 0.7713
2026-06-24 02:20:56 | INFO     |   HD95  NCR/ED/NET/ET : 9.13 / 7.73 / 95.24 / 11.49  mm
2026-06-24 02:20:56 | INFO     |   Sens  NCR/ED/NET/ET : 0.2816 / 0.8793 / 0.4488 / 0.8225
2026-06-24 02:20:56 | INFO     |   Prec  NCR/ED/NET/ET : 0.5573 / 0.8948 / 0.0027 / 0.7260
2026-06-24 02:20:56 | INFO     |   Time: 724.1s | Elapsed: 5.27h | ETA: 47h 11m | LR: 8.82e-05
2026-06-24 02:20:56 | INFO     | -----------------------------------------------------------------
2026-06-24 02:20:56 | INFO     | Epoch 68/300
2026-06-24 02:20:56 | DEBUG    |   Batch    0/335 | Loss: 0.6291
2026-06-24 02:21:02 | DEBUG    |   Batch   10/335 | Loss: 0.5977
2026-06-24 02:21:08 | DEBUG    |   Batch   20/335 | Loss: 0.6077
2026-06-24 02:21:13 | DEBUG    |   Batch   30/335 | Loss: 0.5138
2026-06-24 02:21:19 | DEBUG    |   Batch   40/335 | Loss: 0.5271
2026-06-24 02:21:25 | DEBUG    |   Batch   50/335 | Loss: 0.6311
2026-06-24 02:21:31 | DEBUG    |   Batch   60/335 | Loss: 0.5937
2026-06-24 02:21:36 | DEBUG    |   Batch   70/335 | Loss: 0.5639
2026-06-24 02:21:42 | DEBUG    |   Batch   80/335 | Loss: 0.5293
2026-06-24 02:21:48 | DEBUG    |   Batch   90/335 | Loss: 0.5845
2026-06-24 02:21:53 | DEBUG    |   Batch  100/335 | Loss: 0.5706
2026-06-24 02:21:59 | DEBUG    |   Batch  110/335 | Loss: 0.5418
2026-06-24 02:22:05 | DEBUG    |   Batch  120/335 | Loss: 0.6154
2026-06-24 02:22:11 | DEBUG    |   Batch  130/335 | Loss: 0.5689
2026-06-24 02:22:16 | DEBUG    |   Batch  140/335 | Loss: 0.5616
2026-06-24 02:22:22 | DEBUG    |   Batch  150/335 | Loss: 0.5975
2026-06-24 02:22:28 | DEBUG    |   Batch  160/335 | Loss: 0.5415
2026-06-24 02:22:34 | DEBUG    |   Batch  170/335 | Loss: 0.5569
2026-06-24 02:22:39 | DEBUG    |   Batch  180/335 | Loss: 0.5529
2026-06-24 02:22:45 | DEBUG    |   Batch  190/335 | Loss: 0.5425
2026-06-24 02:22:51 | DEBUG    |   Batch  200/335 | Loss: 0.5170
2026-06-24 02:22:56 | DEBUG    |   Batch  210/335 | Loss: 0.5451
2026-06-24 02:23:02 | DEBUG    |   Batch  220/335 | Loss: 0.6056
2026-06-24 02:23:08 | DEBUG    |   Batch  230/335 | Loss: 0.5951
2026-06-24 02:23:14 | DEBUG    |   Batch  240/335 | Loss: 0.5859
2026-06-24 02:23:19 | DEBUG    |   Batch  250/335 | Loss: 0.6820
2026-06-24 02:23:25 | DEBUG    |   Batch  260/335 | Loss: 0.5877
2026-06-24 02:23:31 | DEBUG    |   Batch  270/335 | Loss: 0.5804
2026-06-24 02:23:36 | DEBUG    |   Batch  280/335 | Loss: 0.5791
2026-06-24 02:23:42 | DEBUG    |   Batch  290/335 | Loss: 0.5174
2026-06-24 02:23:48 | DEBUG    |   Batch  300/335 | Loss: 0.5835
2026-06-24 02:23:54 | DEBUG    |   Batch  310/335 | Loss: 0.5449
2026-06-24 02:23:59 | DEBUG    |   Batch  320/335 | Loss: 0.6173
2026-06-24 02:24:05 | DEBUG    |   Batch  330/335 | Loss: 0.7129
2026-06-24 02:33:00 | INFO     |   Train Loss: 0.5780 | Val Loss: 0.6524 | Mean DSC: 0.5080
2026-06-24 02:33:00 | INFO     |   DSC   NCR/ED/NET/ET : 0.3765 / 0.8807 / 0.0053 / 0.7694
2026-06-24 02:33:00 | INFO     |   HD95  NCR/ED/NET/ET : 9.24 / 8.17 / 95.25 / 11.00  mm
2026-06-24 02:33:00 | INFO     |   Sens  NCR/ED/NET/ET : 0.2858 / 0.9025 / 0.4541 / 0.7681
2026-06-24 02:33:00 | INFO     |   Prec  NCR/ED/NET/ET : 0.5519 / 0.8599 / 0.0027 / 0.7708
2026-06-24 02:33:00 | INFO     |   Time: 724.7s | Elapsed: 5.47h | ETA: 46h 58m | LR: 8.78e-05
2026-06-24 02:33:00 | INFO     | -----------------------------------------------------------------
2026-06-24 02:33:00 | INFO     | Epoch 69/300
2026-06-24 02:33:01 | DEBUG    |   Batch    0/335 | Loss: 0.5988
2026-06-24 02:33:07 | DEBUG    |   Batch   10/335 | Loss: 0.5354
2026-06-24 02:33:12 | DEBUG    |   Batch   20/335 | Loss: 0.6162
2026-06-24 02:33:18 | DEBUG    |   Batch   30/335 | Loss: 0.5753
2026-06-24 02:33:24 | DEBUG    |   Batch   40/335 | Loss: 0.5470
2026-06-24 02:33:29 | DEBUG    |   Batch   50/335 | Loss: 0.5625
2026-06-24 02:33:35 | DEBUG    |   Batch   60/335 | Loss: 0.5480
2026-06-24 02:33:41 | DEBUG    |   Batch   70/335 | Loss: 0.5893
2026-06-24 02:33:47 | DEBUG    |   Batch   80/335 | Loss: 0.5559
2026-06-24 02:33:52 | DEBUG    |   Batch   90/335 | Loss: 0.5914
2026-06-24 02:33:58 | DEBUG    |   Batch  100/335 | Loss: 0.5572
2026-06-24 02:34:04 | DEBUG    |   Batch  110/335 | Loss: 0.6120
2026-06-24 02:34:10 | DEBUG    |   Batch  120/335 | Loss: 0.6171
2026-06-24 02:34:15 | DEBUG    |   Batch  130/335 | Loss: 0.5931
2026-06-24 02:34:21 | DEBUG    |   Batch  140/335 | Loss: 0.5394
2026-06-24 02:34:27 | DEBUG    |   Batch  150/335 | Loss: 0.5923
2026-06-24 02:34:33 | DEBUG    |   Batch  160/335 | Loss: 0.4890
2026-06-24 02:34:38 | DEBUG    |   Batch  170/335 | Loss: 0.5470
2026-06-24 02:34:44 | DEBUG    |   Batch  180/335 | Loss: 0.5859
2026-06-24 02:34:50 | DEBUG    |   Batch  190/335 | Loss: 0.5550
2026-06-24 02:34:56 | DEBUG    |   Batch  200/335 | Loss: 0.5169
2026-06-24 02:35:01 | DEBUG    |   Batch  210/335 | Loss: 0.5562
2026-06-24 02:35:07 | DEBUG    |   Batch  220/335 | Loss: 0.5922
2026-06-24 02:35:13 | DEBUG    |   Batch  230/335 | Loss: 0.5632
2026-06-24 02:35:18 | DEBUG    |   Batch  240/335 | Loss: 0.5326
2026-06-24 02:35:24 | DEBUG    |   Batch  250/335 | Loss: 0.5715
2026-06-24 02:35:30 | DEBUG    |   Batch  260/335 | Loss: 0.5845
2026-06-24 02:35:36 | DEBUG    |   Batch  270/335 | Loss: 0.5907
2026-06-24 02:35:41 | DEBUG    |   Batch  280/335 | Loss: 0.5469
2026-06-24 02:35:47 | DEBUG    |   Batch  290/335 | Loss: 0.5127
2026-06-24 02:35:53 | DEBUG    |   Batch  300/335 | Loss: 0.5787
2026-06-24 02:35:59 | DEBUG    |   Batch  310/335 | Loss: 0.5771
2026-06-24 02:36:04 | DEBUG    |   Batch  320/335 | Loss: 0.5330
2026-06-24 02:36:10 | DEBUG    |   Batch  330/335 | Loss: 0.5865
2026-06-24 02:45:06 | INFO     |   Train Loss: 0.5762 | Val Loss: 0.6515 | Mean DSC: 0.5046
2026-06-24 02:45:06 | INFO     |   DSC   NCR/ED/NET/ET : 0.3642 / 0.8796 / 0.0051 / 0.7695
2026-06-24 02:45:06 | INFO     |   HD95  NCR/ED/NET/ET : 8.33 / 9.74 / 95.24 / 10.30  mm
2026-06-24 02:45:06 | INFO     |   Sens  NCR/ED/NET/ET : 0.2573 / 0.8749 / 0.4356 / 0.7618
2026-06-24 02:45:06 | INFO     |   Prec  NCR/ED/NET/ET : 0.6230 / 0.8845 / 0.0026 / 0.7774
2026-06-24 02:45:06 | INFO     |   Time: 725.5s | Elapsed: 5.67h | ETA: 46h 46m | LR: 8.75e-05
2026-06-24 02:45:06 | INFO     | -----------------------------------------------------------------
2026-06-24 02:45:06 | INFO     | Epoch 70/300
2026-06-24 02:45:06 | DEBUG    |   Batch    0/335 | Loss: 0.6086
2026-06-24 02:45:12 | DEBUG    |   Batch   10/335 | Loss: 0.6534
2026-06-24 02:45:18 | DEBUG    |   Batch   20/335 | Loss: 0.6221
2026-06-24 02:45:24 | DEBUG    |   Batch   30/335 | Loss: 0.5170
2026-06-24 02:45:30 | DEBUG    |   Batch   40/335 | Loss: 0.5608
2026-06-24 02:45:35 | DEBUG    |   Batch   50/335 | Loss: 0.5758
2026-06-24 02:45:41 | DEBUG    |   Batch   60/335 | Loss: 0.5348
2026-06-24 02:45:47 | DEBUG    |   Batch   70/335 | Loss: 0.5090
2026-06-24 02:45:53 | DEBUG    |   Batch   80/335 | Loss: 0.6791
2026-06-24 02:45:58 | DEBUG    |   Batch   90/335 | Loss: 0.5622
2026-06-24 02:46:04 | DEBUG    |   Batch  100/335 | Loss: 0.5619
2026-06-24 02:46:10 | DEBUG    |   Batch  110/335 | Loss: 0.6103
2026-06-24 02:46:16 | DEBUG    |   Batch  120/335 | Loss: 0.6064
2026-06-24 02:46:21 | DEBUG    |   Batch  130/335 | Loss: 0.5362
2026-06-24 02:46:27 | DEBUG    |   Batch  140/335 | Loss: 0.5731
2026-06-24 02:46:33 | DEBUG    |   Batch  150/335 | Loss: 0.5631
2026-06-24 02:46:39 | DEBUG    |   Batch  160/335 | Loss: 0.5400
2026-06-24 02:46:45 | DEBUG    |   Batch  170/335 | Loss: 0.5414
2026-06-24 02:46:50 | DEBUG    |   Batch  180/335 | Loss: 0.5651
2026-06-24 02:46:56 | DEBUG    |   Batch  190/335 | Loss: 0.5709
2026-06-24 02:47:02 | DEBUG    |   Batch  200/335 | Loss: 0.6124
2026-06-24 02:47:08 | DEBUG    |   Batch  210/335 | Loss: 0.6462
2026-06-24 02:47:13 | DEBUG    |   Batch  220/335 | Loss: 0.6690
2026-06-24 02:47:19 | DEBUG    |   Batch  230/335 | Loss: 0.6228
2026-06-24 02:47:25 | DEBUG    |   Batch  240/335 | Loss: 0.5419
2026-06-24 02:47:31 | DEBUG    |   Batch  250/335 | Loss: 0.6043
2026-06-24 02:47:37 | DEBUG    |   Batch  260/335 | Loss: 0.5643
2026-06-24 02:47:42 | DEBUG    |   Batch  270/335 | Loss: 0.5857
2026-06-24 02:47:48 | DEBUG    |   Batch  280/335 | Loss: 0.5880
2026-06-24 02:47:54 | DEBUG    |   Batch  290/335 | Loss: 0.6015
2026-06-24 02:48:00 | DEBUG    |   Batch  300/335 | Loss: 0.5969
2026-06-24 02:48:05 | DEBUG    |   Batch  310/335 | Loss: 0.5923
2026-06-24 02:48:11 | DEBUG    |   Batch  320/335 | Loss: 0.5318
2026-06-24 02:48:17 | DEBUG    |   Batch  330/335 | Loss: 0.5432
2026-06-24 02:57:16 | INFO     |   Train Loss: 0.5765 | Val Loss: 0.6548 | Mean DSC: 0.5018
2026-06-24 02:57:16 | INFO     |   DSC   NCR/ED/NET/ET : 0.3423 / 0.8865 / 0.0051 / 0.7734
2026-06-24 02:57:16 | INFO     |   HD95  NCR/ED/NET/ET : 9.30 / 9.28 / 95.25 / 13.35  mm
2026-06-24 02:57:16 | INFO     |   Sens  NCR/ED/NET/ET : 0.2330 / 0.9104 / 0.4355 / 0.8040
2026-06-24 02:57:16 | INFO     |   Prec  NCR/ED/NET/ET : 0.6448 / 0.8638 / 0.0026 / 0.7451
2026-06-24 02:57:16 | INFO     |   Time: 729.8s | Elapsed: 5.87h | ETA: 46h 34m | LR: 8.72e-05
2026-06-24 02:57:16 | INFO     |   Checkpoint saved → checkpoint_epoch70.pth
2026-06-24 02:57:16 | INFO     | -----------------------------------------------------------------
2026-06-24 02:57:16 | INFO     | Epoch 71/300
2026-06-24 02:57:16 | DEBUG    |   Batch    0/335 | Loss: 0.6938
2026-06-24 02:57:22 | DEBUG    |   Batch   10/335 | Loss: 0.5198
2026-06-24 02:57:28 | DEBUG    |   Batch   20/335 | Loss: 0.5394
2026-06-24 02:57:33 | DEBUG    |   Batch   30/335 | Loss: 0.5938
2026-06-24 02:57:39 | DEBUG    |   Batch   40/335 | Loss: 0.6239
2026-06-24 02:57:45 | DEBUG    |   Batch   50/335 | Loss: 0.5857
2026-06-24 02:57:50 | DEBUG    |   Batch   60/335 | Loss: 0.5667
2026-06-24 02:57:56 | DEBUG    |   Batch   70/335 | Loss: 0.5099
2026-06-24 02:58:02 | DEBUG    |   Batch   80/335 | Loss: 0.5979
2026-06-24 02:58:08 | DEBUG    |   Batch   90/335 | Loss: 0.5973
2026-06-24 02:58:13 | DEBUG    |   Batch  100/335 | Loss: 0.5729
2026-06-24 02:58:19 | DEBUG    |   Batch  110/335 | Loss: 0.5281
2026-06-24 02:58:25 | DEBUG    |   Batch  120/335 | Loss: 0.5970
2026-06-24 02:58:30 | DEBUG    |   Batch  130/335 | Loss: 0.5876
2026-06-24 02:58:36 | DEBUG    |   Batch  140/335 | Loss: 0.5381
2026-06-24 02:58:42 | DEBUG    |   Batch  150/335 | Loss: 0.5531
2026-06-24 02:58:48 | DEBUG    |   Batch  160/335 | Loss: 0.5997
2026-06-24 02:58:53 | DEBUG    |   Batch  170/335 | Loss: 0.5434
2026-06-24 02:58:59 | DEBUG    |   Batch  180/335 | Loss: 0.6598
2026-06-24 02:59:05 | DEBUG    |   Batch  190/335 | Loss: 0.5634
2026-06-24 02:59:11 | DEBUG    |   Batch  200/335 | Loss: 0.6560
2026-06-24 02:59:16 | DEBUG    |   Batch  210/335 | Loss: 0.6946
2026-06-24 02:59:22 | DEBUG    |   Batch  220/335 | Loss: 0.5544
2026-06-24 02:59:28 | DEBUG    |   Batch  230/335 | Loss: 0.5964
2026-06-24 02:59:34 | DEBUG    |   Batch  240/335 | Loss: 0.5688
2026-06-24 02:59:39 | DEBUG    |   Batch  250/335 | Loss: 0.5168
2026-06-24 02:59:45 | DEBUG    |   Batch  260/335 | Loss: 0.5500
2026-06-24 02:59:51 | DEBUG    |   Batch  270/335 | Loss: 0.5442
2026-06-24 02:59:57 | DEBUG    |   Batch  280/335 | Loss: 0.6203
2026-06-24 03:00:03 | DEBUG    |   Batch  290/335 | Loss: 0.7024
2026-06-24 03:00:08 | DEBUG    |   Batch  300/335 | Loss: 0.5910
2026-06-24 03:00:14 | DEBUG    |   Batch  310/335 | Loss: 0.6419
2026-06-24 03:00:20 | DEBUG    |   Batch  320/335 | Loss: 0.5665
2026-06-24 03:00:26 | DEBUG    |   Batch  330/335 | Loss: 0.6194
2026-06-24 03:09:27 | INFO     |   Train Loss: 0.5776 | Val Loss: 0.6509 | Mean DSC: 0.5207
2026-06-24 03:09:27 | INFO     |   DSC   NCR/ED/NET/ET : 0.4110 / 0.8856 / 0.0053 / 0.7807
2026-06-24 03:09:27 | INFO     |   HD95  NCR/ED/NET/ET : 8.82 / 9.52 / 95.24 / 10.82  mm
2026-06-24 03:09:27 | INFO     |   Sens  NCR/ED/NET/ET : 0.3204 / 0.8730 / 0.4537 / 0.7806
2026-06-24 03:09:27 | INFO     |   Prec  NCR/ED/NET/ET : 0.5729 / 0.8987 / 0.0027 / 0.7809
2026-06-24 03:09:27 | INFO     |   Time: 730.8s | Elapsed: 6.07h | ETA: 46h 22m | LR: 8.68e-05
2026-06-24 03:09:27 | INFO     | -----------------------------------------------------------------
2026-06-24 03:09:27 | INFO     | Epoch 72/300
2026-06-24 03:09:27 | DEBUG    |   Batch    0/335 | Loss: 0.5213
2026-06-24 03:09:33 | DEBUG    |   Batch   10/335 | Loss: 0.4830
2026-06-24 03:09:39 | DEBUG    |   Batch   20/335 | Loss: 0.5610
2026-06-24 03:09:44 | DEBUG    |   Batch   30/335 | Loss: 0.5697
2026-06-24 03:09:50 | DEBUG    |   Batch   40/335 | Loss: 0.5573
2026-06-24 03:09:56 | DEBUG    |   Batch   50/335 | Loss: 0.5201
2026-06-24 03:10:01 | DEBUG    |   Batch   60/335 | Loss: 0.6188
2026-06-24 03:10:07 | DEBUG    |   Batch   70/335 | Loss: 0.5753
2026-06-24 03:10:13 | DEBUG    |   Batch   80/335 | Loss: 0.6503
2026-06-24 03:10:19 | DEBUG    |   Batch   90/335 | Loss: 0.5322
2026-06-24 03:10:24 | DEBUG    |   Batch  100/335 | Loss: 0.5045
2026-06-24 03:10:30 | DEBUG    |   Batch  110/335 | Loss: 0.5716
2026-06-24 03:10:36 | DEBUG    |   Batch  120/335 | Loss: 0.5553
2026-06-24 03:10:42 | DEBUG    |   Batch  130/335 | Loss: 0.5451
2026-06-24 03:10:47 | DEBUG    |   Batch  140/335 | Loss: 0.6427
2026-06-24 03:10:53 | DEBUG    |   Batch  150/335 | Loss: 0.5878
2026-06-24 03:10:59 | DEBUG    |   Batch  160/335 | Loss: 0.5779
2026-06-24 03:11:05 | DEBUG    |   Batch  170/335 | Loss: 0.6297
2026-06-24 03:11:10 | DEBUG    |   Batch  180/335 | Loss: 0.5489
2026-06-24 03:11:16 | DEBUG    |   Batch  190/335 | Loss: 0.5176
2026-06-24 03:11:22 | DEBUG    |   Batch  200/335 | Loss: 0.6234
2026-06-24 03:11:28 | DEBUG    |   Batch  210/335 | Loss: 0.6296
2026-06-24 03:11:33 | DEBUG    |   Batch  220/335 | Loss: 0.5670
2026-06-24 03:11:39 | DEBUG    |   Batch  230/335 | Loss: 0.6144
2026-06-24 03:11:45 | DEBUG    |   Batch  240/335 | Loss: 0.5519
2026-06-24 03:11:51 | DEBUG    |   Batch  250/335 | Loss: 0.5040
2026-06-24 03:11:56 | DEBUG    |   Batch  260/335 | Loss: 0.5831
2026-06-24 03:12:02 | DEBUG    |   Batch  270/335 | Loss: 0.6046
2026-06-24 03:12:08 | DEBUG    |   Batch  280/335 | Loss: 0.5217
2026-06-24 03:12:14 | DEBUG    |   Batch  290/335 | Loss: 0.5838
2026-06-24 03:12:19 | DEBUG    |   Batch  300/335 | Loss: 0.5321
2026-06-24 03:12:25 | DEBUG    |   Batch  310/335 | Loss: 0.5111
2026-06-24 03:12:31 | DEBUG    |   Batch  320/335 | Loss: 0.5916
2026-06-24 03:12:37 | DEBUG    |   Batch  330/335 | Loss: 0.5483
2026-06-24 03:21:31 | INFO     |   Train Loss: 0.5762 | Val Loss: 0.6489 | Mean DSC: 0.5172
2026-06-24 03:21:31 | INFO     |   DSC   NCR/ED/NET/ET : 0.3898 / 0.8915 / 0.0052 / 0.7825
2026-06-24 03:21:31 | INFO     |   HD95  NCR/ED/NET/ET : 9.02 / 8.23 / 95.24 / 9.59  mm
2026-06-24 03:21:31 | INFO     |   Sens  NCR/ED/NET/ET : 0.2948 / 0.8971 / 0.4418 / 0.7853
2026-06-24 03:21:31 | INFO     |   Prec  NCR/ED/NET/ET : 0.5751 / 0.8860 / 0.0026 / 0.7798
2026-06-24 03:21:31 | INFO     |   Time: 724.3s | Elapsed: 6.28h | ETA: 46h 9m | LR: 8.64e-05
2026-06-24 03:21:31 | INFO     | -----------------------------------------------------------------
2026-06-24 03:21:31 | INFO     | Epoch 73/300
2026-06-24 03:21:31 | DEBUG    |   Batch    0/335 | Loss: 0.5929
2026-06-24 03:21:37 | DEBUG    |   Batch   10/335 | Loss: 0.6178
2026-06-24 03:21:43 | DEBUG    |   Batch   20/335 | Loss: 0.5454
2026-06-24 03:21:49 | DEBUG    |   Batch   30/335 | Loss: 0.5955
2026-06-24 03:21:54 | DEBUG    |   Batch   40/335 | Loss: 0.5813
2026-06-24 03:22:00 | DEBUG    |   Batch   50/335 | Loss: 0.6675
2026-06-24 03:22:06 | DEBUG    |   Batch   60/335 | Loss: 0.5445
2026-06-24 03:22:12 | DEBUG    |   Batch   70/335 | Loss: 0.5734
2026-06-24 03:22:17 | DEBUG    |   Batch   80/335 | Loss: 0.5564
2026-06-24 03:22:23 | DEBUG    |   Batch   90/335 | Loss: 0.6407
2026-06-24 03:22:29 | DEBUG    |   Batch  100/335 | Loss: 0.5471
2026-06-24 03:22:35 | DEBUG    |   Batch  110/335 | Loss: 0.5504
2026-06-24 03:22:40 | DEBUG    |   Batch  120/335 | Loss: 0.5547
2026-06-24 03:22:46 | DEBUG    |   Batch  130/335 | Loss: 0.5772
2026-06-24 03:22:52 | DEBUG    |   Batch  140/335 | Loss: 0.5588
2026-06-24 03:22:58 | DEBUG    |   Batch  150/335 | Loss: 0.5722
2026-06-24 03:23:03 | DEBUG    |   Batch  160/335 | Loss: 0.5817
2026-06-24 03:23:09 | DEBUG    |   Batch  170/335 | Loss: 0.6174
2026-06-24 03:23:15 | DEBUG    |   Batch  180/335 | Loss: 0.5646
2026-06-24 03:23:20 | DEBUG    |   Batch  190/335 | Loss: 0.5431
2026-06-24 03:23:26 | DEBUG    |   Batch  200/335 | Loss: 0.5659
2026-06-24 03:23:32 | DEBUG    |   Batch  210/335 | Loss: 0.5883
2026-06-24 03:23:38 | DEBUG    |   Batch  220/335 | Loss: 0.5387
2026-06-24 03:23:44 | DEBUG    |   Batch  230/335 | Loss: 0.5726
2026-06-24 03:23:49 | DEBUG    |   Batch  240/335 | Loss: 0.6555
2026-06-24 03:23:55 | DEBUG    |   Batch  250/335 | Loss: 0.6315
2026-06-24 03:24:01 | DEBUG    |   Batch  260/335 | Loss: 0.5694
2026-06-24 03:24:07 | DEBUG    |   Batch  270/335 | Loss: 0.6426
2026-06-24 03:24:12 | DEBUG    |   Batch  280/335 | Loss: 0.5755
2026-06-24 03:24:18 | DEBUG    |   Batch  290/335 | Loss: 0.4643
2026-06-24 03:24:24 | DEBUG    |   Batch  300/335 | Loss: 0.5942
2026-06-24 03:24:30 | DEBUG    |   Batch  310/335 | Loss: 0.5573
2026-06-24 03:24:35 | DEBUG    |   Batch  320/335 | Loss: 0.5372
2026-06-24 03:24:41 | DEBUG    |   Batch  330/335 | Loss: 0.5247
2026-06-24 03:33:37 | INFO     |   Train Loss: 0.5748 | Val Loss: 0.6554 | Mean DSC: 0.5024
2026-06-24 03:33:37 | INFO     |   DSC   NCR/ED/NET/ET : 0.3684 / 0.8754 / 0.0053 / 0.7603
2026-06-24 03:33:37 | INFO     |   HD95  NCR/ED/NET/ET : 10.62 / 9.20 / 95.25 / 11.25  mm
2026-06-24 03:33:37 | INFO     |   Sens  NCR/ED/NET/ET : 0.2916 / 0.9085 / 0.4472 / 0.7762
2026-06-24 03:33:37 | INFO     |   Prec  NCR/ED/NET/ET : 0.5004 / 0.8447 / 0.0026 / 0.7451
2026-06-24 03:33:37 | INFO     |   Time: 726.1s | Elapsed: 6.48h | ETA: 45h 57m | LR: 8.61e-05
2026-06-24 03:33:37 | INFO     | -----------------------------------------------------------------
2026-06-24 03:33:37 | INFO     | Epoch 74/300
2026-06-24 03:33:38 | DEBUG    |   Batch    0/335 | Loss: 0.6288
2026-06-24 03:33:43 | DEBUG    |   Batch   10/335 | Loss: 0.5904
2026-06-24 03:33:49 | DEBUG    |   Batch   20/335 | Loss: 0.5783
2026-06-24 03:33:55 | DEBUG    |   Batch   30/335 | Loss: 0.5749
2026-06-24 03:34:01 | DEBUG    |   Batch   40/335 | Loss: 0.5663
2026-06-24 03:34:07 | DEBUG    |   Batch   50/335 | Loss: 0.5631
2026-06-24 03:34:12 | DEBUG    |   Batch   60/335 | Loss: 0.6024
2026-06-24 03:34:18 | DEBUG    |   Batch   70/335 | Loss: 0.5232
2026-06-24 03:34:24 | DEBUG    |   Batch   80/335 | Loss: 0.6360
2026-06-24 03:34:30 | DEBUG    |   Batch   90/335 | Loss: 0.5810
2026-06-24 03:34:35 | DEBUG    |   Batch  100/335 | Loss: 0.6172
2026-06-24 03:34:41 | DEBUG    |   Batch  110/335 | Loss: 0.6413
2026-06-24 03:34:47 | DEBUG    |   Batch  120/335 | Loss: 0.6446
2026-06-24 03:34:53 | DEBUG    |   Batch  130/335 | Loss: 0.5949
2026-06-24 03:34:58 | DEBUG    |   Batch  140/335 | Loss: 0.5232
2026-06-24 03:35:04 | DEBUG    |   Batch  150/335 | Loss: 0.5298
2026-06-24 03:35:10 | DEBUG    |   Batch  160/335 | Loss: 0.6931
2026-06-24 03:35:15 | DEBUG    |   Batch  170/335 | Loss: 0.5201
2026-06-24 03:35:21 | DEBUG    |   Batch  180/335 | Loss: 0.5762
2026-06-24 03:35:27 | DEBUG    |   Batch  190/335 | Loss: 0.5827
2026-06-24 03:35:33 | DEBUG    |   Batch  200/335 | Loss: 0.5716
2026-06-24 03:35:38 | DEBUG    |   Batch  210/335 | Loss: 0.6393
2026-06-24 03:35:44 | DEBUG    |   Batch  220/335 | Loss: 0.6063
2026-06-24 03:35:50 | DEBUG    |   Batch  230/335 | Loss: 0.5799
2026-06-24 03:35:56 | DEBUG    |   Batch  240/335 | Loss: 0.6869
2026-06-24 03:36:01 | DEBUG    |   Batch  250/335 | Loss: 0.5793
2026-06-24 03:36:07 | DEBUG    |   Batch  260/335 | Loss: 0.5150
2026-06-24 03:36:13 | DEBUG    |   Batch  270/335 | Loss: 0.5511
2026-06-24 03:36:19 | DEBUG    |   Batch  280/335 | Loss: 0.5281
2026-06-24 03:36:25 | DEBUG    |   Batch  290/335 | Loss: 0.6265
2026-06-24 03:36:30 | DEBUG    |   Batch  300/335 | Loss: 0.6249
2026-06-24 03:36:36 | DEBUG    |   Batch  310/335 | Loss: 0.5439
2026-06-24 03:36:42 | DEBUG    |   Batch  320/335 | Loss: 0.6070
2026-06-24 03:36:48 | DEBUG    |   Batch  330/335 | Loss: 0.5328
2026-06-24 03:45:43 | INFO     |   Train Loss: 0.5755 | Val Loss: 0.6484 | Mean DSC: 0.5186
2026-06-24 03:45:43 | INFO     |   DSC   NCR/ED/NET/ET : 0.4050 / 0.8889 / 0.0052 / 0.7752
2026-06-24 03:45:43 | INFO     |   HD95  NCR/ED/NET/ET : 8.17 / 8.77 / 95.24 / 11.82  mm
2026-06-24 03:45:43 | INFO     |   Sens  NCR/ED/NET/ET : 0.3021 / 0.8858 / 0.4432 / 0.7806
2026-06-24 03:45:43 | INFO     |   Prec  NCR/ED/NET/ET : 0.6144 / 0.8920 / 0.0026 / 0.7699
2026-06-24 03:45:43 | INFO     |   Time: 726.2s | Elapsed: 6.68h | ETA: 45h 44m | LR: 8.57e-05
2026-06-24 03:45:43 | INFO     | -----------------------------------------------------------------
2026-06-24 03:45:43 | INFO     | Epoch 75/300
2026-06-24 03:45:44 | DEBUG    |   Batch    0/335 | Loss: 0.5562
2026-06-24 03:45:49 | DEBUG    |   Batch   10/335 | Loss: 0.5112
2026-06-24 03:45:55 | DEBUG    |   Batch   20/335 | Loss: 0.6639
2026-06-24 03:46:01 | DEBUG    |   Batch   30/335 | Loss: 0.6572
2026-06-24 03:46:07 | DEBUG    |   Batch   40/335 | Loss: 0.5086
2026-06-24 03:46:12 | DEBUG    |   Batch   50/335 | Loss: 0.5990
2026-06-24 03:46:18 | DEBUG    |   Batch   60/335 | Loss: 0.6044
2026-06-24 03:46:24 | DEBUG    |   Batch   70/335 | Loss: 0.5527
2026-06-24 03:46:30 | DEBUG    |   Batch   80/335 | Loss: 0.5248
2026-06-24 03:46:35 | DEBUG    |   Batch   90/335 | Loss: 0.5692
2026-06-24 03:46:41 | DEBUG    |   Batch  100/335 | Loss: 0.5472
2026-06-24 03:46:47 | DEBUG    |   Batch  110/335 | Loss: 0.5101
2026-06-24 03:46:53 | DEBUG    |   Batch  120/335 | Loss: 0.5099
2026-06-24 03:46:58 | DEBUG    |   Batch  130/335 | Loss: 0.6062
2026-06-24 03:47:04 | DEBUG    |   Batch  140/335 | Loss: 0.6691
2026-06-24 03:47:10 | DEBUG    |   Batch  150/335 | Loss: 0.6018
2026-06-24 03:47:16 | DEBUG    |   Batch  160/335 | Loss: 0.5790
2026-06-24 03:47:21 | DEBUG    |   Batch  170/335 | Loss: 0.5699
2026-06-24 03:47:27 | DEBUG    |   Batch  180/335 | Loss: 0.5801
2026-06-24 03:47:33 | DEBUG    |   Batch  190/335 | Loss: 0.6325
2026-06-24 03:47:38 | DEBUG    |   Batch  200/335 | Loss: 0.4966
2026-06-24 03:47:44 | DEBUG    |   Batch  210/335 | Loss: 0.5791
2026-06-24 03:47:50 | DEBUG    |   Batch  220/335 | Loss: 0.5636
2026-06-24 03:47:56 | DEBUG    |   Batch  230/335 | Loss: 0.6120
2026-06-24 03:48:02 | DEBUG    |   Batch  240/335 | Loss: 0.5958
2026-06-24 03:48:07 | DEBUG    |   Batch  250/335 | Loss: 0.5961
2026-06-24 03:48:13 | DEBUG    |   Batch  260/335 | Loss: 0.6106
2026-06-24 03:48:19 | DEBUG    |   Batch  270/335 | Loss: 0.5710
2026-06-24 03:48:24 | DEBUG    |   Batch  280/335 | Loss: 0.5810
2026-06-24 03:48:30 | DEBUG    |   Batch  290/335 | Loss: 0.6563
2026-06-24 03:48:36 | DEBUG    |   Batch  300/335 | Loss: 0.5280
2026-06-24 03:48:42 | DEBUG    |   Batch  310/335 | Loss: 0.5729
2026-06-24 03:48:48 | DEBUG    |   Batch  320/335 | Loss: 0.5790
2026-06-24 03:48:53 | DEBUG    |   Batch  330/335 | Loss: 0.6205
2026-06-24 03:57:48 | INFO     |   Train Loss: 0.5762 | Val Loss: 0.6479 | Mean DSC: 0.5169
2026-06-24 03:57:48 | INFO     |   DSC   NCR/ED/NET/ET : 0.4084 / 0.8889 / 0.0051 / 0.7653
2026-06-24 03:57:48 | INFO     |   HD95  NCR/ED/NET/ET : 9.35 / 7.74 / 95.24 / 11.88  mm
2026-06-24 03:57:48 | INFO     |   Sens  NCR/ED/NET/ET : 0.3237 / 0.9002 / 0.4337 / 0.7498
2026-06-24 03:57:48 | INFO     |   Prec  NCR/ED/NET/ET : 0.5534 / 0.8779 / 0.0026 / 0.7814
2026-06-24 03:57:48 | INFO     |   Time: 724.9s | Elapsed: 6.88h | ETA: 45h 32m | LR: 8.54e-05
2026-06-24 03:57:48 | INFO     | -----------------------------------------------------------------
2026-06-24 03:57:48 | INFO     | Epoch 76/300
2026-06-24 03:57:49 | DEBUG    |   Batch    0/335 | Loss: 0.5348
2026-06-24 03:57:54 | DEBUG    |   Batch   10/335 | Loss: 0.5409
2026-06-24 03:58:00 | DEBUG    |   Batch   20/335 | Loss: 0.5707
2026-06-24 03:58:06 | DEBUG    |   Batch   30/335 | Loss: 0.6420
2026-06-24 03:58:12 | DEBUG    |   Batch   40/335 | Loss: 0.6196
2026-06-24 03:58:18 | DEBUG    |   Batch   50/335 | Loss: 0.5992
2026-06-24 03:58:23 | DEBUG    |   Batch   60/335 | Loss: 0.5747
2026-06-24 03:58:29 | DEBUG    |   Batch   70/335 | Loss: 0.5346
2026-06-24 03:58:35 | DEBUG    |   Batch   80/335 | Loss: 0.5329
2026-06-24 03:58:41 | DEBUG    |   Batch   90/335 | Loss: 0.5559
2026-06-24 03:58:47 | DEBUG    |   Batch  100/335 | Loss: 0.5329
2026-06-24 03:58:52 | DEBUG    |   Batch  110/335 | Loss: 0.4956
2026-06-24 03:58:58 | DEBUG    |   Batch  120/335 | Loss: 0.5793
2026-06-24 03:59:04 | DEBUG    |   Batch  130/335 | Loss: 0.5518
2026-06-24 03:59:10 | DEBUG    |   Batch  140/335 | Loss: 0.5668
2026-06-24 03:59:15 | DEBUG    |   Batch  150/335 | Loss: 0.5839
2026-06-24 03:59:21 | DEBUG    |   Batch  160/335 | Loss: 0.6791
2026-06-24 03:59:27 | DEBUG    |   Batch  170/335 | Loss: 0.6299
2026-06-24 03:59:33 | DEBUG    |   Batch  180/335 | Loss: 0.5548
2026-06-24 03:59:38 | DEBUG    |   Batch  190/335 | Loss: 0.6009
2026-06-24 03:59:44 | DEBUG    |   Batch  200/335 | Loss: 0.5679
2026-06-24 03:59:50 | DEBUG    |   Batch  210/335 | Loss: 0.5481
2026-06-24 03:59:56 | DEBUG    |   Batch  220/335 | Loss: 0.6446
2026-06-24 04:00:02 | DEBUG    |   Batch  230/335 | Loss: 0.5712
2026-06-24 04:00:07 | DEBUG    |   Batch  240/335 | Loss: 0.5375
2026-06-24 04:00:13 | DEBUG    |   Batch  250/335 | Loss: 0.5205
2026-06-24 04:00:19 | DEBUG    |   Batch  260/335 | Loss: 0.5600
2026-06-24 04:00:25 | DEBUG    |   Batch  270/335 | Loss: 0.4825
2026-06-24 04:00:31 | DEBUG    |   Batch  280/335 | Loss: 0.5558
2026-06-24 04:00:36 | DEBUG    |   Batch  290/335 | Loss: 0.6211
2026-06-24 04:00:42 | DEBUG    |   Batch  300/335 | Loss: 0.5551
2026-06-24 04:00:48 | DEBUG    |   Batch  310/335 | Loss: 0.5461
2026-06-24 04:00:54 | DEBUG    |   Batch  320/335 | Loss: 0.5867
2026-06-24 04:00:59 | DEBUG    |   Batch  330/335 | Loss: 0.5215
2026-06-24 04:09:54 | INFO     |   Train Loss: 0.5748 | Val Loss: 0.6481 | Mean DSC: 0.4991
2026-06-24 04:09:54 | INFO     |   DSC   NCR/ED/NET/ET : 0.3371 / 0.8901 / 0.0052 / 0.7639
2026-06-24 04:09:54 | INFO     |   HD95  NCR/ED/NET/ET : 8.92 / 7.85 / 95.25 / 11.62  mm
2026-06-24 04:09:54 | INFO     |   Sens  NCR/ED/NET/ET : 0.2287 / 0.9013 / 0.4397 / 0.7994
2026-06-24 04:09:54 | INFO     |   Prec  NCR/ED/NET/ET : 0.6405 / 0.8791 / 0.0026 / 0.7315
2026-06-24 04:09:54 | INFO     |   Time: 726.0s | Elapsed: 7.08h | ETA: 45h 19m | LR: 8.50e-05
2026-06-24 04:09:54 | INFO     | -----------------------------------------------------------------
2026-06-24 04:09:54 | INFO     | Epoch 77/300
2026-06-24 04:09:55 | DEBUG    |   Batch    0/335 | Loss: 0.5705
2026-06-24 04:10:00 | DEBUG    |   Batch   10/335 | Loss: 0.5464
2026-06-24 04:10:06 | DEBUG    |   Batch   20/335 | Loss: 0.5644
2026-06-24 04:10:12 | DEBUG    |   Batch   30/335 | Loss: 0.5518
2026-06-24 04:10:18 | DEBUG    |   Batch   40/335 | Loss: 0.4806
2026-06-24 04:10:23 | DEBUG    |   Batch   50/335 | Loss: 0.5395
2026-06-24 04:10:29 | DEBUG    |   Batch   60/335 | Loss: 0.5967
2026-06-24 04:10:35 | DEBUG    |   Batch   70/335 | Loss: 0.5937
2026-06-24 04:10:41 | DEBUG    |   Batch   80/335 | Loss: 0.5786
2026-06-24 04:10:47 | DEBUG    |   Batch   90/335 | Loss: 0.5782
2026-06-24 04:10:52 | DEBUG    |   Batch  100/335 | Loss: 0.5269
2026-06-24 04:10:58 | DEBUG    |   Batch  110/335 | Loss: 0.5924
2026-06-24 04:11:04 | DEBUG    |   Batch  120/335 | Loss: 0.5025
2026-06-24 04:11:10 | DEBUG    |   Batch  130/335 | Loss: 0.6675
2026-06-24 04:11:15 | DEBUG    |   Batch  140/335 | Loss: 0.5179
2026-06-24 04:11:21 | DEBUG    |   Batch  150/335 | Loss: 0.4771
2026-06-24 04:11:27 | DEBUG    |   Batch  160/335 | Loss: 0.6189
2026-06-24 04:11:33 | DEBUG    |   Batch  170/335 | Loss: 0.5856
2026-06-24 04:11:39 | DEBUG    |   Batch  180/335 | Loss: 0.6137
2026-06-24 04:11:44 | DEBUG    |   Batch  190/335 | Loss: 0.4827
2026-06-24 04:11:50 | DEBUG    |   Batch  200/335 | Loss: 0.6018
2026-06-24 04:11:56 | DEBUG    |   Batch  210/335 | Loss: 0.6459
2026-06-24 04:12:02 | DEBUG    |   Batch  220/335 | Loss: 0.5630
2026-06-24 04:12:08 | DEBUG    |   Batch  230/335 | Loss: 0.5179
2026-06-24 04:12:13 | DEBUG    |   Batch  240/335 | Loss: 0.5818
2026-06-24 04:12:19 | DEBUG    |   Batch  250/335 | Loss: 0.5359
2026-06-24 04:12:25 | DEBUG    |   Batch  260/335 | Loss: 0.5554
2026-06-24 04:12:31 | DEBUG    |   Batch  270/335 | Loss: 0.6091
2026-06-24 04:12:36 | DEBUG    |   Batch  280/335 | Loss: 0.5948
2026-06-24 04:12:42 | DEBUG    |   Batch  290/335 | Loss: 0.6278
2026-06-24 04:12:48 | DEBUG    |   Batch  300/335 | Loss: 0.6010
2026-06-24 04:12:54 | DEBUG    |   Batch  310/335 | Loss: 0.5507
2026-06-24 04:12:59 | DEBUG    |   Batch  320/335 | Loss: 0.5365
2026-06-24 04:13:05 | DEBUG    |   Batch  330/335 | Loss: 0.5645
2026-06-24 04:22:00 | INFO     |   Train Loss: 0.5731 | Val Loss: 0.6506 | Mean DSC: 0.5197
2026-06-24 04:22:00 | INFO     |   DSC   NCR/ED/NET/ET : 0.4129 / 0.8865 / 0.0052 / 0.7744
2026-06-24 04:22:00 | INFO     |   HD95  NCR/ED/NET/ET : 9.22 / 7.43 / 95.24 / 11.23  mm
2026-06-24 04:22:00 | INFO     |   Sens  NCR/ED/NET/ET : 0.3121 / 0.8871 / 0.4433 / 0.7535
2026-06-24 04:22:00 | INFO     |   Prec  NCR/ED/NET/ET : 0.6099 / 0.8858 / 0.0026 / 0.7964
2026-06-24 04:22:00 | INFO     |   Time: 725.9s | Elapsed: 7.28h | ETA: 45h 7m | LR: 8.46e-05
2026-06-24 04:22:00 | INFO     | -----------------------------------------------------------------
2026-06-24 04:22:00 | INFO     | Epoch 78/300
2026-06-24 04:22:01 | DEBUG    |   Batch    0/335 | Loss: 0.5675
2026-06-24 04:22:06 | DEBUG    |   Batch   10/335 | Loss: 0.5497
2026-06-24 04:22:12 | DEBUG    |   Batch   20/335 | Loss: 0.5468
2026-06-24 04:22:18 | DEBUG    |   Batch   30/335 | Loss: 0.6246
2026-06-24 04:22:24 | DEBUG    |   Batch   40/335 | Loss: 0.5834
2026-06-24 04:22:30 | DEBUG    |   Batch   50/335 | Loss: 0.5725
2026-06-24 04:22:35 | DEBUG    |   Batch   60/335 | Loss: 0.5611
2026-06-24 04:22:41 | DEBUG    |   Batch   70/335 | Loss: 0.5364
2026-06-24 04:22:47 | DEBUG    |   Batch   80/335 | Loss: 0.4726
2026-06-24 04:22:53 | DEBUG    |   Batch   90/335 | Loss: 0.6106
2026-06-24 04:22:58 | DEBUG    |   Batch  100/335 | Loss: 0.6388
2026-06-24 04:23:04 | DEBUG    |   Batch  110/335 | Loss: 0.5317
2026-06-24 04:23:10 | DEBUG    |   Batch  120/335 | Loss: 0.6567
2026-06-24 04:23:16 | DEBUG    |   Batch  130/335 | Loss: 0.5475
2026-06-24 04:23:22 | DEBUG    |   Batch  140/335 | Loss: 0.5411
2026-06-24 04:23:27 | DEBUG    |   Batch  150/335 | Loss: 0.5642
2026-06-24 04:23:33 | DEBUG    |   Batch  160/335 | Loss: 0.6128
2026-06-24 04:23:39 | DEBUG    |   Batch  170/335 | Loss: 0.5859
2026-06-24 04:23:45 | DEBUG    |   Batch  180/335 | Loss: 0.5603
2026-06-24 04:23:51 | DEBUG    |   Batch  190/335 | Loss: 0.6093
2026-06-24 04:23:56 | DEBUG    |   Batch  200/335 | Loss: 0.5034
2026-06-24 04:24:02 | DEBUG    |   Batch  210/335 | Loss: 0.5388
2026-06-24 04:24:08 | DEBUG    |   Batch  220/335 | Loss: 0.6065
2026-06-24 04:24:14 | DEBUG    |   Batch  230/335 | Loss: 0.5930
2026-06-24 04:24:19 | DEBUG    |   Batch  240/335 | Loss: 0.5101
2026-06-24 04:24:25 | DEBUG    |   Batch  250/335 | Loss: 0.6456
2026-06-24 04:24:31 | DEBUG    |   Batch  260/335 | Loss: 0.4843
2026-06-24 04:24:37 | DEBUG    |   Batch  270/335 | Loss: 0.6536
2026-06-24 04:24:42 | DEBUG    |   Batch  280/335 | Loss: 0.6193
2026-06-24 04:24:48 | DEBUG    |   Batch  290/335 | Loss: 0.5527
2026-06-24 04:24:54 | DEBUG    |   Batch  300/335 | Loss: 0.5461
2026-06-24 04:25:00 | DEBUG    |   Batch  310/335 | Loss: 0.5302
2026-06-24 04:25:05 | DEBUG    |   Batch  320/335 | Loss: 0.6026
2026-06-24 04:25:11 | DEBUG    |   Batch  330/335 | Loss: 0.6033
2026-06-24 04:34:06 | INFO     |   Train Loss: 0.5712 | Val Loss: 0.6487 | Mean DSC: 0.5257
2026-06-24 04:34:06 | INFO     |   DSC   NCR/ED/NET/ET : 0.4226 / 0.8896 / 0.0053 / 0.7852
2026-06-24 04:34:06 | INFO     |   HD95  NCR/ED/NET/ET : 8.94 / 8.16 / 95.24 / 10.67  mm
2026-06-24 04:34:06 | INFO     |   Sens  NCR/ED/NET/ET : 0.3242 / 0.8800 / 0.4508 / 0.7861
2026-06-24 04:34:06 | INFO     |   Prec  NCR/ED/NET/ET : 0.6066 / 0.8993 / 0.0027 / 0.7843
2026-06-24 04:34:06 | INFO     |   Time: 725.6s | Elapsed: 7.49h | ETA: 44h 54m | LR: 8.42e-05
2026-06-24 04:34:06 | INFO     |   ✓ New best model saved (DSC: 0.5257)
2026-06-24 04:34:06 | INFO     | -----------------------------------------------------------------
2026-06-24 04:34:06 | INFO     | Epoch 79/300
2026-06-24 04:34:06 | DEBUG    |   Batch    0/335 | Loss: 0.5575
2026-06-24 04:34:12 | DEBUG    |   Batch   10/335 | Loss: 0.5382
2026-06-24 04:34:18 | DEBUG    |   Batch   20/335 | Loss: 0.5743
2026-06-24 04:34:24 | DEBUG    |   Batch   30/335 | Loss: 0.6148
2026-06-24 04:34:29 | DEBUG    |   Batch   40/335 | Loss: 0.5662
2026-06-24 04:34:35 | DEBUG    |   Batch   50/335 | Loss: 0.5592
2026-06-24 04:34:41 | DEBUG    |   Batch   60/335 | Loss: 0.6035
2026-06-24 04:34:47 | DEBUG    |   Batch   70/335 | Loss: 0.5542
2026-06-24 04:34:52 | DEBUG    |   Batch   80/335 | Loss: 0.5432
2026-06-24 04:34:58 | DEBUG    |   Batch   90/335 | Loss: 0.5565
2026-06-24 04:35:04 | DEBUG    |   Batch  100/335 | Loss: 0.6158
2026-06-24 04:35:10 | DEBUG    |   Batch  110/335 | Loss: 0.6361
2026-06-24 04:35:15 | DEBUG    |   Batch  120/335 | Loss: 0.5595
2026-06-24 04:35:21 | DEBUG    |   Batch  130/335 | Loss: 0.5759
2026-06-24 04:35:27 | DEBUG    |   Batch  140/335 | Loss: 0.5237
2026-06-24 04:35:33 | DEBUG    |   Batch  150/335 | Loss: 0.5569
2026-06-24 04:35:39 | DEBUG    |   Batch  160/335 | Loss: 0.5635
2026-06-24 04:35:44 | DEBUG    |   Batch  170/335 | Loss: 0.6129
2026-06-24 04:35:50 | DEBUG    |   Batch  180/335 | Loss: 0.6489
2026-06-24 04:35:56 | DEBUG    |   Batch  190/335 | Loss: 0.6262
2026-06-24 04:36:02 | DEBUG    |   Batch  200/335 | Loss: 0.5284
2026-06-24 04:36:07 | DEBUG    |   Batch  210/335 | Loss: 0.5985
2026-06-24 04:36:13 | DEBUG    |   Batch  220/335 | Loss: 0.5706
2026-06-24 04:36:19 | DEBUG    |   Batch  230/335 | Loss: 0.5627
2026-06-24 04:36:25 | DEBUG    |   Batch  240/335 | Loss: 0.5004
2026-06-24 04:36:30 | DEBUG    |   Batch  250/335 | Loss: 0.5362
2026-06-24 04:36:36 | DEBUG    |   Batch  260/335 | Loss: 0.5547
2026-06-24 04:36:42 | DEBUG    |   Batch  270/335 | Loss: 0.4952
2026-06-24 04:36:48 | DEBUG    |   Batch  280/335 | Loss: 0.6462
2026-06-24 04:36:54 | DEBUG    |   Batch  290/335 | Loss: 0.6617
2026-06-24 04:36:59 | DEBUG    |   Batch  300/335 | Loss: 0.5803
2026-06-24 04:37:05 | DEBUG    |   Batch  310/335 | Loss: 0.5992
2026-06-24 04:37:11 | DEBUG    |   Batch  320/335 | Loss: 0.6161
2026-06-24 04:37:16 | DEBUG    |   Batch  330/335 | Loss: 0.6199
2026-06-24 04:46:11 | INFO     |   Train Loss: 0.5721 | Val Loss: 0.6517 | Mean DSC: 0.5128
2026-06-24 04:46:11 | INFO     |   DSC   NCR/ED/NET/ET : 0.3992 / 0.8691 / 0.0053 / 0.7777
2026-06-24 04:46:11 | INFO     |   HD95  NCR/ED/NET/ET : 10.41 / 13.14 / 95.26 / 12.41  mm
2026-06-24 04:46:11 | INFO     |   Sens  NCR/ED/NET/ET : 0.3166 / 0.9158 / 0.4495 / 0.8194
2026-06-24 04:46:11 | INFO     |   Prec  NCR/ED/NET/ET : 0.5401 / 0.8269 / 0.0027 / 0.7400
2026-06-24 04:46:11 | INFO     |   Time: 725.8s | Elapsed: 7.69h | ETA: 44h 42m | LR: 8.38e-05
2026-06-24 04:46:11 | INFO     | -----------------------------------------------------------------
2026-06-24 04:46:11 | INFO     | Epoch 80/300
2026-06-24 04:46:12 | DEBUG    |   Batch    0/335 | Loss: 0.5129
2026-06-24 04:46:18 | DEBUG    |   Batch   10/335 | Loss: 0.5756
2026-06-24 04:46:24 | DEBUG    |   Batch   20/335 | Loss: 0.5128
2026-06-24 04:46:29 | DEBUG    |   Batch   30/335 | Loss: 0.5867
2026-06-24 04:46:35 | DEBUG    |   Batch   40/335 | Loss: 0.4966
2026-06-24 04:46:41 | DEBUG    |   Batch   50/335 | Loss: 0.5881
2026-06-24 04:46:47 | DEBUG    |   Batch   60/335 | Loss: 0.5445
2026-06-24 04:46:52 | DEBUG    |   Batch   70/335 | Loss: 0.5217
2026-06-24 04:46:58 | DEBUG    |   Batch   80/335 | Loss: 0.4885
2026-06-24 04:47:04 | DEBUG    |   Batch   90/335 | Loss: 0.5792
2026-06-24 04:47:09 | DEBUG    |   Batch  100/335 | Loss: 0.5716
2026-06-24 04:47:15 | DEBUG    |   Batch  110/335 | Loss: 0.5722
2026-06-24 04:47:21 | DEBUG    |   Batch  120/335 | Loss: 0.5324
2026-06-24 04:47:27 | DEBUG    |   Batch  130/335 | Loss: 0.5522
2026-06-24 04:47:33 | DEBUG    |   Batch  140/335 | Loss: 0.5069
2026-06-24 04:47:38 | DEBUG    |   Batch  150/335 | Loss: 0.5523
2026-06-24 04:47:44 | DEBUG    |   Batch  160/335 | Loss: 0.5840
2026-06-24 04:47:50 | DEBUG    |   Batch  170/335 | Loss: 0.6210
2026-06-24 04:47:56 | DEBUG    |   Batch  180/335 | Loss: 0.5707
2026-06-24 04:48:01 | DEBUG    |   Batch  190/335 | Loss: 0.5872
2026-06-24 04:48:07 | DEBUG    |   Batch  200/335 | Loss: 0.5488
2026-06-24 04:48:13 | DEBUG    |   Batch  210/335 | Loss: 0.5421
2026-06-24 04:48:19 | DEBUG    |   Batch  220/335 | Loss: 0.5935
2026-06-24 04:48:24 | DEBUG    |   Batch  230/335 | Loss: 0.5801
2026-06-24 04:48:30 | DEBUG    |   Batch  240/335 | Loss: 0.5505
2026-06-24 04:48:36 | DEBUG    |   Batch  250/335 | Loss: 0.5259
2026-06-24 04:48:42 | DEBUG    |   Batch  260/335 | Loss: 0.5516
2026-06-24 04:48:47 | DEBUG    |   Batch  270/335 | Loss: 0.5241
2026-06-24 04:48:53 | DEBUG    |   Batch  280/335 | Loss: 0.5483
2026-06-24 04:48:59 | DEBUG    |   Batch  290/335 | Loss: 0.5607
2026-06-24 04:49:05 | DEBUG    |   Batch  300/335 | Loss: 0.5886
2026-06-24 04:49:11 | DEBUG    |   Batch  310/335 | Loss: 0.5375
2026-06-24 04:49:16 | DEBUG    |   Batch  320/335 | Loss: 0.5966
2026-06-24 04:49:22 | DEBUG    |   Batch  330/335 | Loss: 0.6013
2026-06-24 04:58:18 | INFO     |   Train Loss: 0.5720 | Val Loss: 0.6460 | Mean DSC: 0.5273
2026-06-24 04:58:18 | INFO     |   DSC   NCR/ED/NET/ET : 0.4349 / 0.8899 / 0.0053 / 0.7793
2026-06-24 04:58:18 | INFO     |   HD95  NCR/ED/NET/ET : 8.33 / 8.07 / 95.24 / 11.10  mm
2026-06-24 04:58:18 | INFO     |   Sens  NCR/ED/NET/ET : 0.3435 / 0.8858 / 0.4530 / 0.7871
2026-06-24 04:58:18 | INFO     |   Prec  NCR/ED/NET/ET : 0.5926 / 0.8941 / 0.0027 / 0.7715
2026-06-24 04:58:18 | INFO     |   Time: 726.3s | Elapsed: 7.89h | ETA: 44h 30m | LR: 8.35e-05
2026-06-24 04:58:18 | INFO     |   ✓ New best model saved (DSC: 0.5273)
2026-06-24 04:58:18 | INFO     |   Checkpoint saved → checkpoint_epoch80.pth
2026-06-24 04:58:18 | INFO     | -----------------------------------------------------------------
2026-06-24 04:58:18 | INFO     | Epoch 81/300
2026-06-24 04:58:18 | DEBUG    |   Batch    0/335 | Loss: 0.5961
2026-06-24 04:58:24 | DEBUG    |   Batch   10/335 | Loss: 0.5505
2026-06-24 04:58:30 | DEBUG    |   Batch   20/335 | Loss: 0.6100
2026-06-24 04:58:36 | DEBUG    |   Batch   30/335 | Loss: 0.5775
2026-06-24 04:58:42 | DEBUG    |   Batch   40/335 | Loss: 0.5300
2026-06-24 04:58:48 | DEBUG    |   Batch   50/335 | Loss: 0.5999
2026-06-24 04:58:54 | DEBUG    |   Batch   60/335 | Loss: 0.5258
2026-06-24 04:59:00 | DEBUG    |   Batch   70/335 | Loss: 0.5563
2026-06-24 04:59:05 | DEBUG    |   Batch   80/335 | Loss: 0.6203
2026-06-24 04:59:11 | DEBUG    |   Batch   90/335 | Loss: 0.6045
2026-06-24 04:59:17 | DEBUG    |   Batch  100/335 | Loss: 0.5707
2026-06-24 04:59:23 | DEBUG    |   Batch  110/335 | Loss: 0.5215
2026-06-24 04:59:29 | DEBUG    |   Batch  120/335 | Loss: 0.7210
2026-06-24 04:59:35 | DEBUG    |   Batch  130/335 | Loss: 0.5558
2026-06-24 04:59:41 | DEBUG    |   Batch  140/335 | Loss: 0.6093
2026-06-24 04:59:47 | DEBUG    |   Batch  150/335 | Loss: 0.5932
2026-06-24 04:59:53 | DEBUG    |   Batch  160/335 | Loss: 0.6172
2026-06-24 04:59:59 | DEBUG    |   Batch  170/335 | Loss: 0.5636
2026-06-24 05:00:05 | DEBUG    |   Batch  180/335 | Loss: 0.5701
2026-06-24 05:00:10 | DEBUG    |   Batch  190/335 | Loss: 0.5532
2026-06-24 05:00:16 | DEBUG    |   Batch  200/335 | Loss: 0.6898
2026-06-24 05:00:22 | DEBUG    |   Batch  210/335 | Loss: 0.5620
2026-06-24 05:00:28 | DEBUG    |   Batch  220/335 | Loss: 0.5587
2026-06-24 05:00:34 | DEBUG    |   Batch  230/335 | Loss: 0.5224
2026-06-24 05:00:40 | DEBUG    |   Batch  240/335 | Loss: 0.5024
2026-06-24 05:00:46 | DEBUG    |   Batch  250/335 | Loss: 0.5679
2026-06-24 05:00:52 | DEBUG    |   Batch  260/335 | Loss: 0.6632
2026-06-24 05:00:58 | DEBUG    |   Batch  270/335 | Loss: 0.7389
2026-06-24 05:01:04 | DEBUG    |   Batch  280/335 | Loss: 0.5280
2026-06-24 05:01:09 | DEBUG    |   Batch  290/335 | Loss: 0.5836
2026-06-24 05:01:15 | DEBUG    |   Batch  300/335 | Loss: 0.5617
2026-06-24 05:01:21 | DEBUG    |   Batch  310/335 | Loss: 0.5501
2026-06-24 05:01:27 | DEBUG    |   Batch  320/335 | Loss: 0.5357
2026-06-24 05:01:33 | DEBUG    |   Batch  330/335 | Loss: 0.5961
2026-06-24 05:10:30 | INFO     |   Train Loss: 0.5731 | Val Loss: 0.6485 | Mean DSC: 0.5228
2026-06-24 05:10:30 | INFO     |   DSC   NCR/ED/NET/ET : 0.4338 / 0.8843 / 0.0054 / 0.7678
2026-06-24 05:10:30 | INFO     |   HD95  NCR/ED/NET/ET : 10.21 / 7.70 / 95.24 / 13.56  mm
2026-06-24 05:10:30 | INFO     |   Sens  NCR/ED/NET/ET : 0.3642 / 0.8839 / 0.4588 / 0.7918
2026-06-24 05:10:30 | INFO     |   Prec  NCR/ED/NET/ET : 0.5364 / 0.8847 / 0.0027 / 0.7453
2026-06-24 05:10:30 | INFO     |   Time: 732.5s | Elapsed: 8.09h | ETA: 44h 18m | LR: 8.31e-05
2026-06-24 05:10:30 | INFO     | -----------------------------------------------------------------
2026-06-24 05:10:30 | INFO     | Epoch 82/300
2026-06-24 05:10:31 | DEBUG    |   Batch    0/335 | Loss: 0.5173
2026-06-24 05:10:37 | DEBUG    |   Batch   10/335 | Loss: 0.6317
2026-06-24 05:10:42 | DEBUG    |   Batch   20/335 | Loss: 0.5242
2026-06-24 05:10:48 | DEBUG    |   Batch   30/335 | Loss: 0.6269
2026-06-24 05:10:54 | DEBUG    |   Batch   40/335 | Loss: 0.5950
2026-06-24 05:11:00 | DEBUG    |   Batch   50/335 | Loss: 0.5796
2026-06-24 05:11:05 | DEBUG    |   Batch   60/335 | Loss: 0.6338
2026-06-24 05:11:11 | DEBUG    |   Batch   70/335 | Loss: 0.5226
2026-06-24 05:11:17 | DEBUG    |   Batch   80/335 | Loss: 0.6407
2026-06-24 05:11:22 | DEBUG    |   Batch   90/335 | Loss: 0.6306
2026-06-24 05:11:28 | DEBUG    |   Batch  100/335 | Loss: 0.6014
2026-06-24 05:11:34 | DEBUG    |   Batch  110/335 | Loss: 0.5780
2026-06-24 05:11:40 | DEBUG    |   Batch  120/335 | Loss: 0.5256
2026-06-24 05:11:45 | DEBUG    |   Batch  130/335 | Loss: 0.5225
2026-06-24 05:11:51 | DEBUG    |   Batch  140/335 | Loss: 0.5633
2026-06-24 05:11:57 | DEBUG    |   Batch  150/335 | Loss: 0.6047
2026-06-24 05:12:03 | DEBUG    |   Batch  160/335 | Loss: 0.6722
2026-06-24 05:12:08 | DEBUG    |   Batch  170/335 | Loss: 0.5705
2026-06-24 05:12:14 | DEBUG    |   Batch  180/335 | Loss: 0.6262
2026-06-24 05:12:20 | DEBUG    |   Batch  190/335 | Loss: 0.5573
2026-06-24 05:12:25 | DEBUG    |   Batch  200/335 | Loss: 0.5750
2026-06-24 05:12:31 | DEBUG    |   Batch  210/335 | Loss: 0.6447
2026-06-24 05:12:37 | DEBUG    |   Batch  220/335 | Loss: 0.5006
2026-06-24 05:12:43 | DEBUG    |   Batch  230/335 | Loss: 0.5741
2026-06-24 05:12:48 | DEBUG    |   Batch  240/335 | Loss: 0.6140
2026-06-24 05:12:54 | DEBUG    |   Batch  250/335 | Loss: 0.5324
2026-06-24 05:13:00 | DEBUG    |   Batch  260/335 | Loss: 0.5438
2026-06-24 05:13:05 | DEBUG    |   Batch  270/335 | Loss: 0.5688
2026-06-24 05:13:11 | DEBUG    |   Batch  280/335 | Loss: 0.5372
2026-06-24 05:13:17 | DEBUG    |   Batch  290/335 | Loss: 0.6134
2026-06-24 05:13:23 | DEBUG    |   Batch  300/335 | Loss: 0.5641
2026-06-24 05:13:28 | DEBUG    |   Batch  310/335 | Loss: 0.5609
2026-06-24 05:13:34 | DEBUG    |   Batch  320/335 | Loss: 0.6129
2026-06-24 05:13:40 | DEBUG    |   Batch  330/335 | Loss: 0.5103
2026-06-24 05:22:34 | INFO     |   Train Loss: 0.5727 | Val Loss: 0.6445 | Mean DSC: 0.5228
2026-06-24 05:22:34 | INFO     |   DSC   NCR/ED/NET/ET : 0.4165 / 0.8892 / 0.0053 / 0.7803
2026-06-24 05:22:34 | INFO     |   HD95  NCR/ED/NET/ET : 8.78 / 8.45 / 95.24 / 11.99  mm
2026-06-24 05:22:34 | INFO     |   Sens  NCR/ED/NET/ET : 0.3165 / 0.8895 / 0.4479 / 0.7968
2026-06-24 05:22:34 | INFO     |   Prec  NCR/ED/NET/ET : 0.6091 / 0.8890 / 0.0026 / 0.7645
2026-06-24 05:22:34 | INFO     |   Time: 724.1s | Elapsed: 8.29h | ETA: 44h 5m | LR: 8.27e-05
2026-06-24 05:22:34 | INFO     | -----------------------------------------------------------------
2026-06-24 05:22:34 | INFO     | Epoch 83/300
2026-06-24 05:22:35 | DEBUG    |   Batch    0/335 | Loss: 0.5439
2026-06-24 05:22:41 | DEBUG    |   Batch   10/335 | Loss: 0.5398
2026-06-24 05:22:46 | DEBUG    |   Batch   20/335 | Loss: 0.4938
2026-06-24 05:22:52 | DEBUG    |   Batch   30/335 | Loss: 0.5913
2026-06-24 05:22:58 | DEBUG    |   Batch   40/335 | Loss: 0.5862
2026-06-24 05:23:04 | DEBUG    |   Batch   50/335 | Loss: 0.5690
2026-06-24 05:23:09 | DEBUG    |   Batch   60/335 | Loss: 0.5694
2026-06-24 05:23:15 | DEBUG    |   Batch   70/335 | Loss: 0.5914
2026-06-24 05:23:21 | DEBUG    |   Batch   80/335 | Loss: 0.5492
2026-06-24 05:23:27 | DEBUG    |   Batch   90/335 | Loss: 0.6247
2026-06-24 05:23:33 | DEBUG    |   Batch  100/335 | Loss: 0.5085
2026-06-24 05:23:38 | DEBUG    |   Batch  110/335 | Loss: 0.6280
2026-06-24 05:23:44 | DEBUG    |   Batch  120/335 | Loss: 0.6179
2026-06-24 05:23:50 | DEBUG    |   Batch  130/335 | Loss: 0.5470
2026-06-24 05:23:56 | DEBUG    |   Batch  140/335 | Loss: 0.5188
2026-06-24 05:24:01 | DEBUG    |   Batch  150/335 | Loss: 0.5660
2026-06-24 05:24:07 | DEBUG    |   Batch  160/335 | Loss: 0.6102
2026-06-24 05:24:13 | DEBUG    |   Batch  170/335 | Loss: 0.6755
2026-06-24 05:24:19 | DEBUG    |   Batch  180/335 | Loss: 0.6441
2026-06-24 05:24:24 | DEBUG    |   Batch  190/335 | Loss: 0.5578
2026-06-24 05:24:30 | DEBUG    |   Batch  200/335 | Loss: 0.5716
2026-06-24 05:24:36 | DEBUG    |   Batch  210/335 | Loss: 0.6540
2026-06-24 05:24:42 | DEBUG    |   Batch  220/335 | Loss: 0.6055
2026-06-24 05:24:48 | DEBUG    |   Batch  230/335 | Loss: 0.5153
2026-06-24 05:24:53 | DEBUG    |   Batch  240/335 | Loss: 0.6363
2026-06-24 05:24:59 | DEBUG    |   Batch  250/335 | Loss: 0.5650
2026-06-24 05:25:05 | DEBUG    |   Batch  260/335 | Loss: 0.6433
2026-06-24 05:25:10 | DEBUG    |   Batch  270/335 | Loss: 0.4574
2026-06-24 05:25:16 | DEBUG    |   Batch  280/335 | Loss: 0.5481
2026-06-24 05:25:22 | DEBUG    |   Batch  290/335 | Loss: 0.6583
2026-06-24 05:25:28 | DEBUG    |   Batch  300/335 | Loss: 0.6023
2026-06-24 05:25:33 | DEBUG    |   Batch  310/335 | Loss: 0.5396
2026-06-24 05:25:39 | DEBUG    |   Batch  320/335 | Loss: 0.6164
2026-06-24 05:25:45 | DEBUG    |   Batch  330/335 | Loss: 0.5606
2026-06-24 05:34:40 | INFO     |   Train Loss: 0.5724 | Val Loss: 0.6430 | Mean DSC: 0.5299
2026-06-24 05:34:40 | INFO     |   DSC   NCR/ED/NET/ET : 0.4451 / 0.8881 / 0.0052 / 0.7814
2026-06-24 05:34:40 | INFO     |   HD95  NCR/ED/NET/ET : 7.66 / 7.65 / 95.24 / 11.02  mm
2026-06-24 05:34:40 | INFO     |   Sens  NCR/ED/NET/ET : 0.3478 / 0.8744 / 0.4406 / 0.7760
2026-06-24 05:34:40 | INFO     |   Prec  NCR/ED/NET/ET : 0.6178 / 0.9021 / 0.0026 / 0.7869
2026-06-24 05:34:40 | INFO     |   Time: 725.4s | Elapsed: 8.50h | ETA: 43h 53m | LR: 8.23e-05
2026-06-24 05:34:40 | INFO     |   ✓ New best model saved (DSC: 0.5299)
2026-06-24 05:34:40 | INFO     | -----------------------------------------------------------------
2026-06-24 05:34:40 | INFO     | Epoch 84/300
2026-06-24 05:34:40 | DEBUG    |   Batch    0/335 | Loss: 0.5695
2026-06-24 05:34:46 | DEBUG    |   Batch   10/335 | Loss: 0.5712
2026-06-24 05:34:52 | DEBUG    |   Batch   20/335 | Loss: 0.5506
2026-06-24 05:34:58 | DEBUG    |   Batch   30/335 | Loss: 0.5375
2026-06-24 05:35:03 | DEBUG    |   Batch   40/335 | Loss: 0.5422
2026-06-24 05:35:09 | DEBUG    |   Batch   50/335 | Loss: 0.5357
2026-06-24 05:35:15 | DEBUG    |   Batch   60/335 | Loss: 0.5803
2026-06-24 05:35:20 | DEBUG    |   Batch   70/335 | Loss: 0.5558
2026-06-24 05:35:26 | DEBUG    |   Batch   80/335 | Loss: 0.6463
2026-06-24 05:35:32 | DEBUG    |   Batch   90/335 | Loss: 0.5679
2026-06-24 05:35:38 | DEBUG    |   Batch  100/335 | Loss: 0.6458
2026-06-24 05:35:43 | DEBUG    |   Batch  110/335 | Loss: 0.5531
2026-06-24 05:35:49 | DEBUG    |   Batch  120/335 | Loss: 0.5755
2026-06-24 05:35:55 | DEBUG    |   Batch  130/335 | Loss: 0.5562
2026-06-24 05:36:01 | DEBUG    |   Batch  140/335 | Loss: 0.5436
2026-06-24 05:36:06 | DEBUG    |   Batch  150/335 | Loss: 0.5891
2026-06-24 05:36:12 | DEBUG    |   Batch  160/335 | Loss: 0.5046
2026-06-24 05:36:18 | DEBUG    |   Batch  170/335 | Loss: 0.5324
2026-06-24 05:36:23 | DEBUG    |   Batch  180/335 | Loss: 0.5005
2026-06-24 05:36:29 | DEBUG    |   Batch  190/335 | Loss: 0.5875
2026-06-24 05:36:35 | DEBUG    |   Batch  200/335 | Loss: 0.5330
2026-06-24 05:36:41 | DEBUG    |   Batch  210/335 | Loss: 0.5903
2026-06-24 05:36:46 | DEBUG    |   Batch  220/335 | Loss: 0.5262
2026-06-24 05:36:52 | DEBUG    |   Batch  230/335 | Loss: 0.5856
2026-06-24 05:36:58 | DEBUG    |   Batch  240/335 | Loss: 0.5628
2026-06-24 05:37:04 | DEBUG    |   Batch  250/335 | Loss: 0.5884
2026-06-24 05:37:09 | DEBUG    |   Batch  260/335 | Loss: 0.6174
2026-06-24 05:37:15 | DEBUG    |   Batch  270/335 | Loss: 0.6430
2026-06-24 05:37:21 | DEBUG    |   Batch  280/335 | Loss: 0.5378
2026-06-24 05:37:26 | DEBUG    |   Batch  290/335 | Loss: 0.5962
2026-06-24 05:37:32 | DEBUG    |   Batch  300/335 | Loss: 0.5520
2026-06-24 05:37:38 | DEBUG    |   Batch  310/335 | Loss: 0.5886
2026-06-24 05:37:44 | DEBUG    |   Batch  320/335 | Loss: 0.5635
2026-06-24 05:37:49 | DEBUG    |   Batch  330/335 | Loss: 0.6242
2026-06-24 05:46:49 | INFO     |   Train Loss: 0.5713 | Val Loss: 0.6473 | Mean DSC: 0.5341
2026-06-24 05:46:49 | INFO     |   DSC   NCR/ED/NET/ET : 0.4523 / 0.8925 / 0.0052 / 0.7862
2026-06-24 05:46:49 | INFO     |   HD95  NCR/ED/NET/ET : 7.73 / 7.90 / 95.24 / 11.11  mm
2026-06-24 05:46:49 | INFO     |   Sens  NCR/ED/NET/ET : 0.3712 / 0.9031 / 0.4431 / 0.7492
2026-06-24 05:46:49 | INFO     |   Prec  NCR/ED/NET/ET : 0.5789 / 0.8822 / 0.0026 / 0.8270
2026-06-24 05:46:49 | INFO     |   Time: 728.6s | Elapsed: 8.70h | ETA: 43h 41m | LR: 8.19e-05
2026-06-24 05:46:49 | INFO     |   ✓ New best model saved (DSC: 0.5341)
2026-06-24 05:46:49 | INFO     | -----------------------------------------------------------------
2026-06-24 05:46:49 | INFO     | Epoch 85/300
2026-06-24 05:46:49 | DEBUG    |   Batch    0/335 | Loss: 0.5341
2026-06-24 05:46:55 | DEBUG    |   Batch   10/335 | Loss: 0.5894
2026-06-24 05:47:01 | DEBUG    |   Batch   20/335 | Loss: 0.6267
2026-06-24 05:47:06 | DEBUG    |   Batch   30/335 | Loss: 0.6719
2026-06-24 05:47:12 | DEBUG    |   Batch   40/335 | Loss: 0.5339
2026-06-24 05:47:18 | DEBUG    |   Batch   50/335 | Loss: 0.5221
2026-06-24 05:47:24 | DEBUG    |   Batch   60/335 | Loss: 0.5071
2026-06-24 05:47:29 | DEBUG    |   Batch   70/335 | Loss: 0.6011
2026-06-24 05:47:35 | DEBUG    |   Batch   80/335 | Loss: 0.5646
2026-06-24 05:47:41 | DEBUG    |   Batch   90/335 | Loss: 0.6057
2026-06-24 05:47:47 | DEBUG    |   Batch  100/335 | Loss: 0.5644
2026-06-24 05:47:52 | DEBUG    |   Batch  110/335 | Loss: 0.6530
2026-06-24 05:47:58 | DEBUG    |   Batch  120/335 | Loss: 0.5441
2026-06-24 05:48:04 | DEBUG    |   Batch  130/335 | Loss: 0.5429
2026-06-24 05:48:10 | DEBUG    |   Batch  140/335 | Loss: 0.5623
2026-06-24 05:48:15 | DEBUG    |   Batch  150/335 | Loss: 0.5755
2026-06-24 05:48:21 | DEBUG    |   Batch  160/335 | Loss: 0.4481
2026-06-24 05:48:27 | DEBUG    |   Batch  170/335 | Loss: 0.6733
2026-06-24 05:48:32 | DEBUG    |   Batch  180/335 | Loss: 0.6625
2026-06-24 05:48:38 | DEBUG    |   Batch  190/335 | Loss: 0.5792
2026-06-24 05:48:44 | DEBUG    |   Batch  200/335 | Loss: 0.5659
2026-06-24 05:48:50 | DEBUG    |   Batch  210/335 | Loss: 0.5912
2026-06-24 05:48:55 | DEBUG    |   Batch  220/335 | Loss: 0.6581
2026-06-24 05:49:01 | DEBUG    |   Batch  230/335 | Loss: 0.5500
2026-06-24 05:49:07 | DEBUG    |   Batch  240/335 | Loss: 0.5670
2026-06-24 05:49:13 | DEBUG    |   Batch  250/335 | Loss: 0.5671
2026-06-24 05:49:18 | DEBUG    |   Batch  260/335 | Loss: 0.6782
2026-06-24 05:49:24 | DEBUG    |   Batch  270/335 | Loss: 0.5698
2026-06-24 05:49:30 | DEBUG    |   Batch  280/335 | Loss: 0.5287
2026-06-24 05:49:36 | DEBUG    |   Batch  290/335 | Loss: 0.6089
2026-06-24 05:49:41 | DEBUG    |   Batch  300/335 | Loss: 0.5752
2026-06-24 05:49:47 | DEBUG    |   Batch  310/335 | Loss: 0.5452
2026-06-24 05:49:53 | DEBUG    |   Batch  320/335 | Loss: 0.5943
2026-06-24 05:49:59 | DEBUG    |   Batch  330/335 | Loss: 0.6110
2026-06-24 05:58:53 | INFO     |   Train Loss: 0.5716 | Val Loss: 0.6437 | Mean DSC: 0.5243
2026-06-24 05:58:53 | INFO     |   DSC   NCR/ED/NET/ET : 0.4131 / 0.8923 / 0.0052 / 0.7865
2026-06-24 05:58:53 | INFO     |   HD95  NCR/ED/NET/ET : 8.10 / 7.62 / 95.24 / 10.42  mm
2026-06-24 05:58:53 | INFO     |   Sens  NCR/ED/NET/ET : 0.3204 / 0.8842 / 0.4443 / 0.7980
2026-06-24 05:58:53 | INFO     |   Prec  NCR/ED/NET/ET : 0.5815 / 0.9005 / 0.0026 / 0.7753
2026-06-24 05:58:53 | INFO     |   Time: 724.4s | Elapsed: 8.90h | ETA: 43h 28m | LR: 8.15e-05
2026-06-24 05:58:53 | INFO     | -----------------------------------------------------------------
2026-06-24 05:58:53 | INFO     | Epoch 86/300
2026-06-24 05:58:54 | DEBUG    |   Batch    0/335 | Loss: 0.5369
2026-06-24 05:58:59 | DEBUG    |   Batch   10/335 | Loss: 0.5007
2026-06-24 05:59:05 | DEBUG    |   Batch   20/335 | Loss: 0.4846
2026-06-24 05:59:11 | DEBUG    |   Batch   30/335 | Loss: 0.5689
2026-06-24 05:59:16 | DEBUG    |   Batch   40/335 | Loss: 0.5640
2026-06-24 05:59:22 | DEBUG    |   Batch   50/335 | Loss: 0.5399
2026-06-24 05:59:28 | DEBUG    |   Batch   60/335 | Loss: 0.5619
2026-06-24 05:59:34 | DEBUG    |   Batch   70/335 | Loss: 0.6345
2026-06-24 05:59:39 | DEBUG    |   Batch   80/335 | Loss: 0.5872
2026-06-24 05:59:45 | DEBUG    |   Batch   90/335 | Loss: 0.6616
2026-06-24 05:59:51 | DEBUG    |   Batch  100/335 | Loss: 0.5474
2026-06-24 05:59:57 | DEBUG    |   Batch  110/335 | Loss: 0.5823
2026-06-24 06:00:02 | DEBUG    |   Batch  120/335 | Loss: 0.6185
2026-06-24 06:00:08 | DEBUG    |   Batch  130/335 | Loss: 0.5629
2026-06-24 06:00:14 | DEBUG    |   Batch  140/335 | Loss: 0.6272
2026-06-24 06:00:19 | DEBUG    |   Batch  150/335 | Loss: 0.5888
2026-06-24 06:00:25 | DEBUG    |   Batch  160/335 | Loss: 0.5868
2026-06-24 06:00:31 | DEBUG    |   Batch  170/335 | Loss: 0.5254
2026-06-24 06:00:37 | DEBUG    |   Batch  180/335 | Loss: 0.5289
2026-06-24 06:00:42 | DEBUG    |   Batch  190/335 | Loss: 0.5385
2026-06-24 06:00:48 | DEBUG    |   Batch  200/335 | Loss: 0.6369
2026-06-24 06:00:54 | DEBUG    |   Batch  210/335 | Loss: 0.5261
2026-06-24 06:00:59 | DEBUG    |   Batch  220/335 | Loss: 0.5510
2026-06-24 06:01:05 | DEBUG    |   Batch  230/335 | Loss: 0.5856
2026-06-24 06:01:11 | DEBUG    |   Batch  240/335 | Loss: 0.6186
2026-06-24 06:01:17 | DEBUG    |   Batch  250/335 | Loss: 0.5360
2026-06-24 06:01:22 | DEBUG    |   Batch  260/335 | Loss: 0.5507
2026-06-24 06:01:28 | DEBUG    |   Batch  270/335 | Loss: 0.5793
2026-06-24 06:01:34 | DEBUG    |   Batch  280/335 | Loss: 0.5729
2026-06-24 06:01:39 | DEBUG    |   Batch  290/335 | Loss: 0.5415
2026-06-24 06:01:45 | DEBUG    |   Batch  300/335 | Loss: 0.5535
2026-06-24 06:01:51 | DEBUG    |   Batch  310/335 | Loss: 0.5846
2026-06-24 06:01:57 | DEBUG    |   Batch  320/335 | Loss: 0.5639
2026-06-24 06:02:02 | DEBUG    |   Batch  330/335 | Loss: 0.5533
2026-06-24 06:10:59 | INFO     |   Train Loss: 0.5695 | Val Loss: 0.6481 | Mean DSC: 0.5336
2026-06-24 06:10:59 | INFO     |   DSC   NCR/ED/NET/ET : 0.4506 / 0.8916 / 0.0052 / 0.7869
2026-06-24 06:10:59 | INFO     |   HD95  NCR/ED/NET/ET : 7.97 / 7.96 / 95.24 / 9.40  mm
2026-06-24 06:10:59 | INFO     |   Sens  NCR/ED/NET/ET : 0.3531 / 0.8975 / 0.4401 / 0.7547
2026-06-24 06:10:59 | INFO     |   Prec  NCR/ED/NET/ET : 0.6223 / 0.8858 / 0.0026 / 0.8219
2026-06-24 06:10:59 | INFO     |   Time: 725.6s | Elapsed: 9.10h | ETA: 43h 16m | LR: 8.11e-05
2026-06-24 06:10:59 | INFO     | -----------------------------------------------------------------
2026-06-24 06:10:59 | INFO     | Epoch 87/300
2026-06-24 06:10:59 | DEBUG    |   Batch    0/335 | Loss: 0.6231
2026-06-24 06:11:05 | DEBUG    |   Batch   10/335 | Loss: 0.5402
2026-06-24 06:11:11 | DEBUG    |   Batch   20/335 | Loss: 0.5554
2026-06-24 06:11:16 | DEBUG    |   Batch   30/335 | Loss: 0.6048
2026-06-24 06:11:22 | DEBUG    |   Batch   40/335 | Loss: 0.5876
2026-06-24 06:11:28 | DEBUG    |   Batch   50/335 | Loss: 0.5321
2026-06-24 06:11:34 | DEBUG    |   Batch   60/335 | Loss: 0.6318
2026-06-24 06:11:39 | DEBUG    |   Batch   70/335 | Loss: 0.5148
2026-06-24 06:11:45 | DEBUG    |   Batch   80/335 | Loss: 0.5666
2026-06-24 06:11:51 | DEBUG    |   Batch   90/335 | Loss: 0.6534
2026-06-24 06:11:57 | DEBUG    |   Batch  100/335 | Loss: 0.5788
2026-06-24 06:12:02 | DEBUG    |   Batch  110/335 | Loss: 0.6547
2026-06-24 06:12:08 | DEBUG    |   Batch  120/335 | Loss: 0.6463
2026-06-24 06:12:14 | DEBUG    |   Batch  130/335 | Loss: 0.6126
2026-06-24 06:12:19 | DEBUG    |   Batch  140/335 | Loss: 0.5491
2026-06-24 06:12:25 | DEBUG    |   Batch  150/335 | Loss: 0.5961
2026-06-24 06:12:31 | DEBUG    |   Batch  160/335 | Loss: 0.6299
2026-06-24 06:12:37 | DEBUG    |   Batch  170/335 | Loss: 0.5959
2026-06-24 06:12:42 | DEBUG    |   Batch  180/335 | Loss: 0.5768
2026-06-24 06:12:48 | DEBUG    |   Batch  190/335 | Loss: 0.5169
2026-06-24 06:12:54 | DEBUG    |   Batch  200/335 | Loss: 0.5864
2026-06-24 06:12:59 | DEBUG    |   Batch  210/335 | Loss: 0.5567
2026-06-24 06:13:05 | DEBUG    |   Batch  220/335 | Loss: 0.5425
2026-06-24 06:13:11 | DEBUG    |   Batch  230/335 | Loss: 0.5713
2026-06-24 06:13:17 | DEBUG    |   Batch  240/335 | Loss: 0.5728
2026-06-24 06:13:22 | DEBUG    |   Batch  250/335 | Loss: 0.5034
2026-06-24 06:13:28 | DEBUG    |   Batch  260/335 | Loss: 0.5995
2026-06-24 06:13:34 | DEBUG    |   Batch  270/335 | Loss: 0.6796
2026-06-24 06:13:40 | DEBUG    |   Batch  280/335 | Loss: 0.4913
2026-06-24 06:13:45 | DEBUG    |   Batch  290/335 | Loss: 0.5609
2026-06-24 06:13:51 | DEBUG    |   Batch  300/335 | Loss: 0.5839
2026-06-24 06:13:57 | DEBUG    |   Batch  310/335 | Loss: 0.5738
2026-06-24 06:14:02 | DEBUG    |   Batch  320/335 | Loss: 0.6333
2026-06-24 06:14:08 | DEBUG    |   Batch  330/335 | Loss: 0.5386
2026-06-24 06:23:03 | INFO     |   Train Loss: 0.5726 | Val Loss: 0.6524 | Mean DSC: 0.5162
2026-06-24 06:23:03 | INFO     |   DSC   NCR/ED/NET/ET : 0.4173 / 0.8765 / 0.0052 / 0.7656
2026-06-24 06:23:03 | INFO     |   HD95  NCR/ED/NET/ET : 7.94 / 10.77 / 95.25 / 10.36  mm
2026-06-24 06:23:03 | INFO     |   Sens  NCR/ED/NET/ET : 0.3158 / 0.9277 / 0.4399 / 0.7242
2026-06-24 06:23:03 | INFO     |   Prec  NCR/ED/NET/ET : 0.6153 / 0.8307 / 0.0026 / 0.8120
2026-06-24 06:23:03 | INFO     |   Time: 724.1s | Elapsed: 9.30h | ETA: 43h 4m | LR: 8.06e-05
2026-06-24 06:23:03 | INFO     | -----------------------------------------------------------------
2026-06-24 06:23:03 | INFO     | Epoch 88/300
2026-06-24 06:23:03 | DEBUG    |   Batch    0/335 | Loss: 0.5663
2026-06-24 06:23:09 | DEBUG    |   Batch   10/335 | Loss: 0.6322
2026-06-24 06:23:15 | DEBUG    |   Batch   20/335 | Loss: 0.5625
2026-06-24 06:23:21 | DEBUG    |   Batch   30/335 | Loss: 0.5741
2026-06-24 06:23:27 | DEBUG    |   Batch   40/335 | Loss: 0.5339
2026-06-24 06:23:32 | DEBUG    |   Batch   50/335 | Loss: 0.5625
2026-06-24 06:23:38 | DEBUG    |   Batch   60/335 | Loss: 0.5244
2026-06-24 06:23:44 | DEBUG    |   Batch   70/335 | Loss: 0.5588
2026-06-24 06:23:50 | DEBUG    |   Batch   80/335 | Loss: 0.5545
2026-06-24 06:23:55 | DEBUG    |   Batch   90/335 | Loss: 0.5979
2026-06-24 06:24:01 | DEBUG    |   Batch  100/335 | Loss: 0.6300
2026-06-24 06:24:07 | DEBUG    |   Batch  110/335 | Loss: 0.5689
2026-06-24 06:24:13 | DEBUG    |   Batch  120/335 | Loss: 0.5313
2026-06-24 06:24:18 | DEBUG    |   Batch  130/335 | Loss: 0.5645
2026-06-24 06:24:24 | DEBUG    |   Batch  140/335 | Loss: 0.6368
2026-06-24 06:24:30 | DEBUG    |   Batch  150/335 | Loss: 0.5678
2026-06-24 06:24:35 | DEBUG    |   Batch  160/335 | Loss: 0.5320
2026-06-24 06:24:41 | DEBUG    |   Batch  170/335 | Loss: 0.6157
2026-06-24 06:24:47 | DEBUG    |   Batch  180/335 | Loss: 0.5172
2026-06-24 06:24:53 | DEBUG    |   Batch  190/335 | Loss: 0.6326
2026-06-24 06:24:58 | DEBUG    |   Batch  200/335 | Loss: 0.5924
2026-06-24 06:25:04 | DEBUG    |   Batch  210/335 | Loss: 0.5563
2026-06-24 06:25:10 | DEBUG    |   Batch  220/335 | Loss: 0.5500
2026-06-24 06:25:16 | DEBUG    |   Batch  230/335 | Loss: 0.6003
2026-06-24 06:25:21 | DEBUG    |   Batch  240/335 | Loss: 0.5438
2026-06-24 06:25:27 | DEBUG    |   Batch  250/335 | Loss: 0.5845
2026-06-24 06:25:33 | DEBUG    |   Batch  260/335 | Loss: 0.5394
2026-06-24 06:25:38 | DEBUG    |   Batch  270/335 | Loss: 0.5720
2026-06-24 06:25:44 | DEBUG    |   Batch  280/335 | Loss: 0.5833
2026-06-24 06:25:50 | DEBUG    |   Batch  290/335 | Loss: 0.5550
2026-06-24 06:25:55 | DEBUG    |   Batch  300/335 | Loss: 0.5722
2026-06-24 06:26:01 | DEBUG    |   Batch  310/335 | Loss: 0.5392
2026-06-24 06:26:07 | DEBUG    |   Batch  320/335 | Loss: 0.5777
2026-06-24 06:26:13 | DEBUG    |   Batch  330/335 | Loss: 0.6033
2026-06-24 06:35:07 | INFO     |   Train Loss: 0.5698 | Val Loss: 0.6658 | Mean DSC: 0.5186
2026-06-24 06:35:07 | INFO     |   DSC   NCR/ED/NET/ET : 0.4423 / 0.8774 / 0.0055 / 0.7492
2026-06-24 06:35:07 | INFO     |   HD95  NCR/ED/NET/ET : 9.26 / 9.50 / 95.23 / 16.32  mm
2026-06-24 06:35:07 | INFO     |   Sens  NCR/ED/NET/ET : 0.3485 / 0.8560 / 0.4670 / 0.6923
2026-06-24 06:35:07 | INFO     |   Prec  NCR/ED/NET/ET : 0.6053 / 0.8999 / 0.0028 / 0.8163
2026-06-24 06:35:07 | INFO     |   Time: 724.5s | Elapsed: 9.50h | ETA: 42h 51m | LR: 8.02e-05
2026-06-24 06:35:07 | INFO     | -----------------------------------------------------------------
2026-06-24 06:35:07 | INFO     | Epoch 89/300
2026-06-24 06:35:08 | DEBUG    |   Batch    0/335 | Loss: 0.5619
2026-06-24 06:35:14 | DEBUG    |   Batch   10/335 | Loss: 0.6257
2026-06-24 06:35:19 | DEBUG    |   Batch   20/335 | Loss: 0.5523
2026-06-24 06:35:25 | DEBUG    |   Batch   30/335 | Loss: 0.6248
2026-06-24 06:35:31 | DEBUG    |   Batch   40/335 | Loss: 0.5429
2026-06-24 06:35:36 | DEBUG    |   Batch   50/335 | Loss: 0.4621
2026-06-24 06:35:42 | DEBUG    |   Batch   60/335 | Loss: 0.5975
2026-06-24 06:35:48 | DEBUG    |   Batch   70/335 | Loss: 0.6266
2026-06-24 06:35:54 | DEBUG    |   Batch   80/335 | Loss: 0.5539
2026-06-24 06:35:59 | DEBUG    |   Batch   90/335 | Loss: 0.5536
2026-06-24 06:36:05 | DEBUG    |   Batch  100/335 | Loss: 0.5701
2026-06-24 06:36:11 | DEBUG    |   Batch  110/335 | Loss: 0.5536
2026-06-24 06:36:16 | DEBUG    |   Batch  120/335 | Loss: 0.6115
2026-06-24 06:36:22 | DEBUG    |   Batch  130/335 | Loss: 0.5087
2026-06-24 06:36:28 | DEBUG    |   Batch  140/335 | Loss: 0.5875
2026-06-24 06:36:34 | DEBUG    |   Batch  150/335 | Loss: 0.6098
2026-06-24 06:36:39 | DEBUG    |   Batch  160/335 | Loss: 0.5700
2026-06-24 06:36:45 | DEBUG    |   Batch  170/335 | Loss: 0.5272
2026-06-24 06:36:51 | DEBUG    |   Batch  180/335 | Loss: 0.6344
2026-06-24 06:36:57 | DEBUG    |   Batch  190/335 | Loss: 0.5807
2026-06-24 06:37:02 | DEBUG    |   Batch  200/335 | Loss: 0.5701
2026-06-24 06:37:08 | DEBUG    |   Batch  210/335 | Loss: 0.6042
2026-06-24 06:37:14 | DEBUG    |   Batch  220/335 | Loss: 0.5734
2026-06-24 06:37:19 | DEBUG    |   Batch  230/335 | Loss: 0.5604
2026-06-24 06:37:25 | DEBUG    |   Batch  240/335 | Loss: 0.5867
2026-06-24 06:37:31 | DEBUG    |   Batch  250/335 | Loss: 0.4939
2026-06-24 06:37:37 | DEBUG    |   Batch  260/335 | Loss: 0.5667
2026-06-24 06:37:42 | DEBUG    |   Batch  270/335 | Loss: 0.5165
2026-06-24 06:37:48 | DEBUG    |   Batch  280/335 | Loss: 0.5752
2026-06-24 06:37:54 | DEBUG    |   Batch  290/335 | Loss: 0.5582
2026-06-24 06:38:00 | DEBUG    |   Batch  300/335 | Loss: 0.6066
2026-06-24 06:38:05 | DEBUG    |   Batch  310/335 | Loss: 0.5518
2026-06-24 06:38:11 | DEBUG    |   Batch  320/335 | Loss: 0.5092
2026-06-24 06:38:17 | DEBUG    |   Batch  330/335 | Loss: 0.5939
2026-06-24 06:47:12 | INFO     |   Train Loss: 0.5696 | Val Loss: 0.6437 | Mean DSC: 0.5248
2026-06-24 06:47:12 | INFO     |   DSC   NCR/ED/NET/ET : 0.4439 / 0.8891 / 0.0053 / 0.7607
2026-06-24 06:47:12 | INFO     |   HD95  NCR/ED/NET/ET : 9.03 / 8.59 / 95.24 / 12.21  mm
2026-06-24 06:47:12 | INFO     |   Sens  NCR/ED/NET/ET : 0.3602 / 0.8860 / 0.4519 / 0.7364
2026-06-24 06:47:12 | INFO     |   Prec  NCR/ED/NET/ET : 0.5785 / 0.8921 / 0.0027 / 0.7867
2026-06-24 06:47:12 | INFO     |   Time: 724.4s | Elapsed: 9.70h | ETA: 42h 39m | LR: 7.98e-05
2026-06-24 06:47:12 | INFO     | -----------------------------------------------------------------
2026-06-24 06:47:12 | INFO     | Epoch 90/300
2026-06-24 06:47:12 | DEBUG    |   Batch    0/335 | Loss: 0.5712
2026-06-24 06:47:18 | DEBUG    |   Batch   10/335 | Loss: 0.5735
2026-06-24 06:47:24 | DEBUG    |   Batch   20/335 | Loss: 0.5830
2026-06-24 06:47:29 | DEBUG    |   Batch   30/335 | Loss: 0.5492
2026-06-24 06:47:35 | DEBUG    |   Batch   40/335 | Loss: 0.5246
2026-06-24 06:47:41 | DEBUG    |   Batch   50/335 | Loss: 0.5433
2026-06-24 06:47:47 | DEBUG    |   Batch   60/335 | Loss: 0.5221
2026-06-24 06:47:52 | DEBUG    |   Batch   70/335 | Loss: 0.5474
2026-06-24 06:47:58 | DEBUG    |   Batch   80/335 | Loss: 0.5825
2026-06-24 06:48:04 | DEBUG    |   Batch   90/335 | Loss: 0.5313
2026-06-24 06:48:10 | DEBUG    |   Batch  100/335 | Loss: 0.5879
2026-06-24 06:48:15 | DEBUG    |   Batch  110/335 | Loss: 0.5670
2026-06-24 06:48:21 | DEBUG    |   Batch  120/335 | Loss: 0.6316
2026-06-24 06:48:27 | DEBUG    |   Batch  130/335 | Loss: 0.5368
2026-06-24 06:48:32 | DEBUG    |   Batch  140/335 | Loss: 0.5618
2026-06-24 06:48:38 | DEBUG    |   Batch  150/335 | Loss: 0.6091
2026-06-24 06:48:44 | DEBUG    |   Batch  160/335 | Loss: 0.5982
2026-06-24 06:48:50 | DEBUG    |   Batch  170/335 | Loss: 0.6212
2026-06-24 06:48:55 | DEBUG    |   Batch  180/335 | Loss: 0.4845
2026-06-24 06:49:01 | DEBUG    |   Batch  190/335 | Loss: 0.5840
2026-06-24 06:49:07 | DEBUG    |   Batch  200/335 | Loss: 0.5625
2026-06-24 06:49:13 | DEBUG    |   Batch  210/335 | Loss: 0.5741
2026-06-24 06:49:18 | DEBUG    |   Batch  220/335 | Loss: 0.5794
2026-06-24 06:49:24 | DEBUG    |   Batch  230/335 | Loss: 0.5258
2026-06-24 06:49:30 | DEBUG    |   Batch  240/335 | Loss: 0.6186
2026-06-24 06:49:36 | DEBUG    |   Batch  250/335 | Loss: 0.6174
2026-06-24 06:49:41 | DEBUG    |   Batch  260/335 | Loss: 0.6135
2026-06-24 06:49:47 | DEBUG    |   Batch  270/335 | Loss: 0.5262
2026-06-24 06:49:53 | DEBUG    |   Batch  280/335 | Loss: 0.5610
2026-06-24 06:49:59 | DEBUG    |   Batch  290/335 | Loss: 0.5663
2026-06-24 06:50:04 | DEBUG    |   Batch  300/335 | Loss: 0.5801
2026-06-24 06:50:10 | DEBUG    |   Batch  310/335 | Loss: 0.5624
2026-06-24 06:50:16 | DEBUG    |   Batch  320/335 | Loss: 0.5562
2026-06-24 06:50:21 | DEBUG    |   Batch  330/335 | Loss: 0.5634
2026-06-24 06:59:16 | INFO     |   Train Loss: 0.5687 | Val Loss: 0.6414 | Mean DSC: 0.5307
2026-06-24 06:59:16 | INFO     |   DSC   NCR/ED/NET/ET : 0.4421 / 0.8909 / 0.0052 / 0.7845
2026-06-24 06:59:16 | INFO     |   HD95  NCR/ED/NET/ET : 8.41 / 8.15 / 95.25 / 9.90  mm
2026-06-24 06:59:16 | INFO     |   Sens  NCR/ED/NET/ET : 0.3529 / 0.9025 / 0.4438 / 0.7876
2026-06-24 06:59:16 | INFO     |   Prec  NCR/ED/NET/ET : 0.5916 / 0.8796 / 0.0026 / 0.7814
2026-06-24 06:59:16 | INFO     |   Time: 724.4s | Elapsed: 9.91h | ETA: 42h 27m | LR: 7.94e-05
2026-06-24 06:59:16 | INFO     |   Checkpoint saved → checkpoint_epoch90.pth
2026-06-24 06:59:16 | INFO     | -----------------------------------------------------------------
2026-06-24 06:59:16 | INFO     | Epoch 91/300
2026-06-24 06:59:17 | DEBUG    |   Batch    0/335 | Loss: 0.5837
2026-06-24 06:59:22 | DEBUG    |   Batch   10/335 | Loss: 0.6072
2026-06-24 06:59:28 | DEBUG    |   Batch   20/335 | Loss: 0.5881
2026-06-24 06:59:34 | DEBUG    |   Batch   30/335 | Loss: 0.5683
2026-06-24 06:59:40 | DEBUG    |   Batch   40/335 | Loss: 0.5614
2026-06-24 06:59:45 | DEBUG    |   Batch   50/335 | Loss: 0.6644
2026-06-24 06:59:51 | DEBUG    |   Batch   60/335 | Loss: 0.5429
2026-06-24 06:59:57 | DEBUG    |   Batch   70/335 | Loss: 0.5751
2026-06-24 07:00:02 | DEBUG    |   Batch   80/335 | Loss: 0.5543
2026-06-24 07:00:08 | DEBUG    |   Batch   90/335 | Loss: 0.5629
2026-06-24 07:00:14 | DEBUG    |   Batch  100/335 | Loss: 0.6316
2026-06-24 07:00:20 | DEBUG    |   Batch  110/335 | Loss: 0.5000
2026-06-24 07:00:25 | DEBUG    |   Batch  120/335 | Loss: 0.5858
2026-06-24 07:00:31 | DEBUG    |   Batch  130/335 | Loss: 0.4934
2026-06-24 07:00:37 | DEBUG    |   Batch  140/335 | Loss: 0.6322
2026-06-24 07:00:43 | DEBUG    |   Batch  150/335 | Loss: 0.5310
2026-06-24 07:00:48 | DEBUG    |   Batch  160/335 | Loss: 0.4876
2026-06-24 07:00:54 | DEBUG    |   Batch  170/335 | Loss: 0.5571
2026-06-24 07:01:00 | DEBUG    |   Batch  180/335 | Loss: 0.5880
2026-06-24 07:01:05 | DEBUG    |   Batch  190/335 | Loss: 0.4984
2026-06-24 07:01:11 | DEBUG    |   Batch  200/335 | Loss: 0.5511
2026-06-24 07:01:17 | DEBUG    |   Batch  210/335 | Loss: 0.5318
2026-06-24 07:01:23 | DEBUG    |   Batch  220/335 | Loss: 0.5217
2026-06-24 07:01:28 | DEBUG    |   Batch  230/335 | Loss: 0.5950
2026-06-24 07:01:34 | DEBUG    |   Batch  240/335 | Loss: 0.5253
2026-06-24 07:01:40 | DEBUG    |   Batch  250/335 | Loss: 0.5672
2026-06-24 07:01:45 | DEBUG    |   Batch  260/335 | Loss: 0.6029
2026-06-24 07:01:51 | DEBUG    |   Batch  270/335 | Loss: 0.5671
2026-06-24 07:01:57 | DEBUG    |   Batch  280/335 | Loss: 0.5356
2026-06-24 07:02:03 | DEBUG    |   Batch  290/335 | Loss: 0.5192
2026-06-24 07:02:08 | DEBUG    |   Batch  300/335 | Loss: 0.6354
2026-06-24 07:02:14 | DEBUG    |   Batch  310/335 | Loss: 0.5234
2026-06-24 07:02:20 | DEBUG    |   Batch  320/335 | Loss: 0.6286
2026-06-24 07:02:25 | DEBUG    |   Batch  330/335 | Loss: 0.6018
2026-06-24 07:11:21 | INFO     |   Train Loss: 0.5675 | Val Loss: 0.6476 | Mean DSC: 0.5251
2026-06-24 07:11:21 | INFO     |   DSC   NCR/ED/NET/ET : 0.4366 / 0.8893 / 0.0053 / 0.7694
2026-06-24 07:11:21 | INFO     |   HD95  NCR/ED/NET/ET : 8.51 / 8.36 / 95.24 / 11.25  mm
2026-06-24 07:11:21 | INFO     |   Sens  NCR/ED/NET/ET : 0.3509 / 0.8965 / 0.4496 / 0.7486
2026-06-24 07:11:21 | INFO     |   Prec  NCR/ED/NET/ET : 0.5775 / 0.8822 / 0.0027 / 0.7913
2026-06-24 07:11:21 | INFO     |   Time: 725.0s | Elapsed: 10.11h | ETA: 42h 14m | LR: 7.90e-05
2026-06-24 07:11:21 | INFO     | -----------------------------------------------------------------
2026-06-24 07:11:21 | INFO     | Epoch 92/300
2026-06-24 07:11:22 | DEBUG    |   Batch    0/335 | Loss: 0.5186
2026-06-24 07:11:27 | DEBUG    |   Batch   10/335 | Loss: 0.5402
2026-06-24 07:11:33 | DEBUG    |   Batch   20/335 | Loss: 0.4967
2026-06-24 07:11:39 | DEBUG    |   Batch   30/335 | Loss: 0.5645
2026-06-24 07:11:45 | DEBUG    |   Batch   40/335 | Loss: 0.5604
2026-06-24 07:11:50 | DEBUG    |   Batch   50/335 | Loss: 0.6134
2026-06-24 07:11:56 | DEBUG    |   Batch   60/335 | Loss: 0.5024
2026-06-24 07:12:02 | DEBUG    |   Batch   70/335 | Loss: 0.5862
2026-06-24 07:12:07 | DEBUG    |   Batch   80/335 | Loss: 0.5661
2026-06-24 07:12:13 | DEBUG    |   Batch   90/335 | Loss: 0.6164
2026-06-24 07:12:19 | DEBUG    |   Batch  100/335 | Loss: 0.5254
2026-06-24 07:12:25 | DEBUG    |   Batch  110/335 | Loss: 0.5071
2026-06-24 07:12:30 | DEBUG    |   Batch  120/335 | Loss: 0.5142
2026-06-24 07:12:36 | DEBUG    |   Batch  130/335 | Loss: 0.5811
2026-06-24 07:12:42 | DEBUG    |   Batch  140/335 | Loss: 0.5800
2026-06-24 07:12:48 | DEBUG    |   Batch  150/335 | Loss: 0.5181
2026-06-24 07:12:54 | DEBUG    |   Batch  160/335 | Loss: 0.5054
2026-06-24 07:12:59 | DEBUG    |   Batch  170/335 | Loss: 0.5902
2026-06-24 07:13:05 | DEBUG    |   Batch  180/335 | Loss: 0.6279
2026-06-24 07:13:11 | DEBUG    |   Batch  190/335 | Loss: 0.5972
2026-06-24 07:13:16 | DEBUG    |   Batch  200/335 | Loss: 0.5413
2026-06-24 07:13:22 | DEBUG    |   Batch  210/335 | Loss: 0.5599
2026-06-24 07:13:28 | DEBUG    |   Batch  220/335 | Loss: 0.5625
2026-06-24 07:13:34 | DEBUG    |   Batch  230/335 | Loss: 0.5648
2026-06-24 07:13:39 | DEBUG    |   Batch  240/335 | Loss: 0.5529
2026-06-24 07:13:45 | DEBUG    |   Batch  250/335 | Loss: 0.5990
2026-06-24 07:13:51 | DEBUG    |   Batch  260/335 | Loss: 0.6143
2026-06-24 07:13:57 | DEBUG    |   Batch  270/335 | Loss: 0.6839
2026-06-24 07:14:02 | DEBUG    |   Batch  280/335 | Loss: 0.6194
2026-06-24 07:14:08 | DEBUG    |   Batch  290/335 | Loss: 0.6053
2026-06-24 07:14:14 | DEBUG    |   Batch  300/335 | Loss: 0.5998
2026-06-24 07:14:20 | DEBUG    |   Batch  310/335 | Loss: 0.5717
2026-06-24 07:14:25 | DEBUG    |   Batch  320/335 | Loss: 0.5786
2026-06-24 07:14:31 | DEBUG    |   Batch  330/335 | Loss: 0.5432
2026-06-24 07:23:26 | INFO     |   Train Loss: 0.5689 | Val Loss: 0.6498 | Mean DSC: 0.5259
2026-06-24 07:23:26 | INFO     |   DSC   NCR/ED/NET/ET : 0.4415 / 0.8908 / 0.0052 / 0.7660
2026-06-24 07:23:26 | INFO     |   HD95  NCR/ED/NET/ET : 7.73 / 7.40 / 95.24 / 9.99  mm
2026-06-24 07:23:26 | INFO     |   Sens  NCR/ED/NET/ET : 0.3399 / 0.8851 / 0.4442 / 0.7330
2026-06-24 07:23:26 | INFO     |   Prec  NCR/ED/NET/ET : 0.6298 / 0.8966 / 0.0026 / 0.8022
2026-06-24 07:23:26 | INFO     |   Time: 725.2s | Elapsed: 10.31h | ETA: 42h 2m | LR: 7.85e-05
2026-06-24 07:23:26 | INFO     | -----------------------------------------------------------------
2026-06-24 07:23:26 | INFO     | Epoch 93/300
2026-06-24 07:23:27 | DEBUG    |   Batch    0/335 | Loss: 0.6251
2026-06-24 07:23:32 | DEBUG    |   Batch   10/335 | Loss: 0.5854
2026-06-24 07:23:38 | DEBUG    |   Batch   20/335 | Loss: 0.5242
2026-06-24 07:23:44 | DEBUG    |   Batch   30/335 | Loss: 0.6232
2026-06-24 07:23:50 | DEBUG    |   Batch   40/335 | Loss: 0.6339
2026-06-24 07:23:55 | DEBUG    |   Batch   50/335 | Loss: 0.6130
2026-06-24 07:24:01 | DEBUG    |   Batch   60/335 | Loss: 0.5736
2026-06-24 07:24:07 | DEBUG    |   Batch   70/335 | Loss: 0.5272
2026-06-24 07:24:12 | DEBUG    |   Batch   80/335 | Loss: 0.6040
2026-06-24 07:24:18 | DEBUG    |   Batch   90/335 | Loss: 0.5735
2026-06-24 07:24:24 | DEBUG    |   Batch  100/335 | Loss: 0.6058
2026-06-24 07:24:30 | DEBUG    |   Batch  110/335 | Loss: 0.5280
2026-06-24 07:24:35 | DEBUG    |   Batch  120/335 | Loss: 0.4929
2026-06-24 07:24:41 | DEBUG    |   Batch  130/335 | Loss: 0.6073
2026-06-24 07:24:47 | DEBUG    |   Batch  140/335 | Loss: 0.5172
2026-06-24 07:24:53 | DEBUG    |   Batch  150/335 | Loss: 0.5249
2026-06-24 07:24:58 | DEBUG    |   Batch  160/335 | Loss: 0.5538
2026-06-24 07:25:04 | DEBUG    |   Batch  170/335 | Loss: 0.6499
2026-06-24 07:25:10 | DEBUG    |   Batch  180/335 | Loss: 0.5330
2026-06-24 07:25:15 | DEBUG    |   Batch  190/335 | Loss: 0.5656
2026-06-24 07:25:21 | DEBUG    |   Batch  200/335 | Loss: 0.6203
2026-06-24 07:25:27 | DEBUG    |   Batch  210/335 | Loss: 0.5830
2026-06-24 07:25:33 | DEBUG    |   Batch  220/335 | Loss: 0.5330
2026-06-24 07:25:38 | DEBUG    |   Batch  230/335 | Loss: 0.5642
2026-06-24 07:25:44 | DEBUG    |   Batch  240/335 | Loss: 0.5336
2026-06-24 07:25:50 | DEBUG    |   Batch  250/335 | Loss: 0.5484
2026-06-24 07:25:56 | DEBUG    |   Batch  260/335 | Loss: 0.5730
2026-06-24 07:26:01 | DEBUG    |   Batch  270/335 | Loss: 0.6554
2026-06-24 07:26:07 | DEBUG    |   Batch  280/335 | Loss: 0.5894
2026-06-24 07:26:13 | DEBUG    |   Batch  290/335 | Loss: 0.5724
2026-06-24 07:26:18 | DEBUG    |   Batch  300/335 | Loss: 0.5638
2026-06-24 07:26:24 | DEBUG    |   Batch  310/335 | Loss: 0.5662
2026-06-24 07:26:30 | DEBUG    |   Batch  320/335 | Loss: 0.5593
2026-06-24 07:26:36 | DEBUG    |   Batch  330/335 | Loss: 0.5265
2026-06-24 07:35:30 | INFO     |   Train Loss: 0.5669 | Val Loss: 0.6503 | Mean DSC: 0.5283
2026-06-24 07:35:30 | INFO     |   DSC   NCR/ED/NET/ET : 0.4450 / 0.8909 / 0.0053 / 0.7721
2026-06-24 07:35:30 | INFO     |   HD95  NCR/ED/NET/ET : 7.79 / 8.16 / 95.24 / 12.06  mm
2026-06-24 07:35:30 | INFO     |   Sens  NCR/ED/NET/ET : 0.3720 / 0.8992 / 0.4529 / 0.7354
2026-06-24 07:35:30 | INFO     |   Prec  NCR/ED/NET/ET : 0.5537 / 0.8827 / 0.0027 / 0.8126
2026-06-24 07:35:30 | INFO     |   Time: 724.2s | Elapsed: 10.51h | ETA: 41h 50m | LR: 7.81e-05
2026-06-24 07:35:30 | INFO     | -----------------------------------------------------------------
2026-06-24 07:35:30 | INFO     | Epoch 94/300
2026-06-24 07:35:31 | DEBUG    |   Batch    0/335 | Loss: 0.5556
2026-06-24 07:35:37 | DEBUG    |   Batch   10/335 | Loss: 0.5696
2026-06-24 07:35:42 | DEBUG    |   Batch   20/335 | Loss: 0.5377
2026-06-24 07:35:48 | DEBUG    |   Batch   30/335 | Loss: 0.5444
2026-06-24 07:35:54 | DEBUG    |   Batch   40/335 | Loss: 0.5846
2026-06-24 07:36:00 | DEBUG    |   Batch   50/335 | Loss: 0.6069
2026-06-24 07:36:05 | DEBUG    |   Batch   60/335 | Loss: 0.6071
2026-06-24 07:36:11 | DEBUG    |   Batch   70/335 | Loss: 0.4860
2026-06-24 07:36:17 | DEBUG    |   Batch   80/335 | Loss: 0.5594
2026-06-24 07:36:23 | DEBUG    |   Batch   90/335 | Loss: 0.6343
2026-06-24 07:36:28 | DEBUG    |   Batch  100/335 | Loss: 0.5358
2026-06-24 07:36:34 | DEBUG    |   Batch  110/335 | Loss: 0.6002
2026-06-24 07:36:40 | DEBUG    |   Batch  120/335 | Loss: 0.5276
2026-06-24 07:36:46 | DEBUG    |   Batch  130/335 | Loss: 0.5128
2026-06-24 07:36:51 | DEBUG    |   Batch  140/335 | Loss: 0.6175
2026-06-24 07:36:57 | DEBUG    |   Batch  150/335 | Loss: 0.5737
2026-06-24 07:37:03 | DEBUG    |   Batch  160/335 | Loss: 0.5675
2026-06-24 07:37:09 | DEBUG    |   Batch  170/335 | Loss: 0.5897
2026-06-24 07:37:14 | DEBUG    |   Batch  180/335 | Loss: 0.5554
2026-06-24 07:37:20 | DEBUG    |   Batch  190/335 | Loss: 0.5708
2026-06-24 07:37:26 | DEBUG    |   Batch  200/335 | Loss: 0.5825
2026-06-24 07:37:32 | DEBUG    |   Batch  210/335 | Loss: 0.6916
2026-06-24 07:37:37 | DEBUG    |   Batch  220/335 | Loss: 0.5702
2026-06-24 07:37:43 | DEBUG    |   Batch  230/335 | Loss: 0.6193
2026-06-24 07:37:49 | DEBUG    |   Batch  240/335 | Loss: 0.5205
2026-06-24 07:37:55 | DEBUG    |   Batch  250/335 | Loss: 0.5290
2026-06-24 07:38:00 | DEBUG    |   Batch  260/335 | Loss: 0.6008
2026-06-24 07:38:06 | DEBUG    |   Batch  270/335 | Loss: 0.5735
2026-06-24 07:38:12 | DEBUG    |   Batch  280/335 | Loss: 0.4945
2026-06-24 07:38:18 | DEBUG    |   Batch  290/335 | Loss: 0.5902
2026-06-24 07:38:23 | DEBUG    |   Batch  300/335 | Loss: 0.5838
2026-06-24 07:38:29 | DEBUG    |   Batch  310/335 | Loss: 0.5620
2026-06-24 07:38:35 | DEBUG    |   Batch  320/335 | Loss: 0.5324
2026-06-24 07:38:40 | DEBUG    |   Batch  330/335 | Loss: 0.5747
2026-06-24 07:47:36 | INFO     |   Train Loss: 0.5688 | Val Loss: 0.6527 | Mean DSC: 0.5209
2026-06-24 07:47:36 | INFO     |   DSC   NCR/ED/NET/ET : 0.4145 / 0.8816 / 0.0054 / 0.7822
2026-06-24 07:47:36 | INFO     |   HD95  NCR/ED/NET/ET : 11.18 / 10.05 / 95.25 / 14.74  mm
2026-06-24 07:47:36 | INFO     |   Sens  NCR/ED/NET/ET : 0.3533 / 0.9025 / 0.4599 / 0.7627
2026-06-24 07:47:36 | INFO     |   Prec  NCR/ED/NET/ET : 0.5013 / 0.8616 / 0.0027 / 0.8026
2026-06-24 07:47:36 | INFO     |   Time: 725.6s | Elapsed: 10.71h | ETA: 41h 37m | LR: 7.77e-05
2026-06-24 07:47:36 | INFO     | -----------------------------------------------------------------
2026-06-24 07:47:36 | INFO     | Epoch 95/300
2026-06-24 07:47:37 | DEBUG    |   Batch    0/335 | Loss: 0.5634
2026-06-24 07:47:42 | DEBUG    |   Batch   10/335 | Loss: 0.5752
2026-06-24 07:47:48 | DEBUG    |   Batch   20/335 | Loss: 0.4957
2026-06-24 07:47:54 | DEBUG    |   Batch   30/335 | Loss: 0.5128
2026-06-24 07:47:59 | DEBUG    |   Batch   40/335 | Loss: 0.5289
2026-06-24 07:48:05 | DEBUG    |   Batch   50/335 | Loss: 0.6442
2026-06-24 07:48:11 | DEBUG    |   Batch   60/335 | Loss: 0.5363
2026-06-24 07:48:17 | DEBUG    |   Batch   70/335 | Loss: 0.5711
2026-06-24 07:48:22 | DEBUG    |   Batch   80/335 | Loss: 0.5184
2026-06-24 07:48:28 | DEBUG    |   Batch   90/335 | Loss: 0.5677
2026-06-24 07:48:34 | DEBUG    |   Batch  100/335 | Loss: 0.5724
2026-06-24 07:48:39 | DEBUG    |   Batch  110/335 | Loss: 0.5641
2026-06-24 07:48:45 | DEBUG    |   Batch  120/335 | Loss: 0.5760
2026-06-24 07:48:51 | DEBUG    |   Batch  130/335 | Loss: 0.5534
2026-06-24 07:48:57 | DEBUG    |   Batch  140/335 | Loss: 0.5755
2026-06-24 07:49:02 | DEBUG    |   Batch  150/335 | Loss: 0.6099
2026-06-24 07:49:08 | DEBUG    |   Batch  160/335 | Loss: 0.5831
2026-06-24 07:49:14 | DEBUG    |   Batch  170/335 | Loss: 0.6025
2026-06-24 07:49:19 | DEBUG    |   Batch  180/335 | Loss: 0.6006
2026-06-24 07:49:25 | DEBUG    |   Batch  190/335 | Loss: 0.5169
2026-06-24 07:49:31 | DEBUG    |   Batch  200/335 | Loss: 0.6034
2026-06-24 07:49:36 | DEBUG    |   Batch  210/335 | Loss: 0.4632
2026-06-24 07:49:42 | DEBUG    |   Batch  220/335 | Loss: 0.5796
2026-06-24 07:49:48 | DEBUG    |   Batch  230/335 | Loss: 0.4893
2026-06-24 07:49:54 | DEBUG    |   Batch  240/335 | Loss: 0.6393
2026-06-24 07:49:59 | DEBUG    |   Batch  250/335 | Loss: 0.5216
2026-06-24 07:50:05 | DEBUG    |   Batch  260/335 | Loss: 0.6234
2026-06-24 07:50:11 | DEBUG    |   Batch  270/335 | Loss: 0.5302
2026-06-24 07:50:17 | DEBUG    |   Batch  280/335 | Loss: 0.5931
2026-06-24 07:50:22 | DEBUG    |   Batch  290/335 | Loss: 0.5512
2026-06-24 07:50:28 | DEBUG    |   Batch  300/335 | Loss: 0.6294
2026-06-24 07:50:34 | DEBUG    |   Batch  310/335 | Loss: 0.5419
2026-06-24 07:50:39 | DEBUG    |   Batch  320/335 | Loss: 0.6182
2026-06-24 07:50:45 | DEBUG    |   Batch  330/335 | Loss: 0.6002
2026-06-24 07:59:40 | INFO     |   Train Loss: 0.5668 | Val Loss: 0.6502 | Mean DSC: 0.5110
2026-06-24 07:59:40 | INFO     |   DSC   NCR/ED/NET/ET : 0.3738 / 0.8875 / 0.0051 / 0.7774
2026-06-24 07:59:40 | INFO     |   HD95  NCR/ED/NET/ET : 8.29 / 8.42 / 95.24 / 10.20  mm
2026-06-24 07:59:40 | INFO     |   Sens  NCR/ED/NET/ET : 0.2678 / 0.8958 / 0.4353 / 0.7857
2026-06-24 07:59:40 | INFO     |   Prec  NCR/ED/NET/ET : 0.6189 / 0.8794 / 0.0026 / 0.7692
2026-06-24 07:59:40 | INFO     |   Time: 723.6s | Elapsed: 10.91h | ETA: 41h 25m | LR: 7.72e-05
2026-06-24 07:59:40 | INFO     | -----------------------------------------------------------------
2026-06-24 07:59:40 | INFO     | Epoch 96/300
2026-06-24 07:59:40 | DEBUG    |   Batch    0/335 | Loss: 0.5174
2026-06-24 07:59:46 | DEBUG    |   Batch   10/335 | Loss: 0.5638
2026-06-24 07:59:52 | DEBUG    |   Batch   20/335 | Loss: 0.6508
2026-06-24 07:59:57 | DEBUG    |   Batch   30/335 | Loss: 0.5280
2026-06-24 08:00:03 | DEBUG    |   Batch   40/335 | Loss: 0.5096
2026-06-24 08:00:09 | DEBUG    |   Batch   50/335 | Loss: 0.6142
2026-06-24 08:00:14 | DEBUG    |   Batch   60/335 | Loss: 0.5699
2026-06-24 08:00:20 | DEBUG    |   Batch   70/335 | Loss: 0.5352
2026-06-24 08:00:26 | DEBUG    |   Batch   80/335 | Loss: 0.5358
2026-06-24 08:00:32 | DEBUG    |   Batch   90/335 | Loss: 0.5320
2026-06-24 08:00:37 | DEBUG    |   Batch  100/335 | Loss: 0.5298
2026-06-24 08:00:43 | DEBUG    |   Batch  110/335 | Loss: 0.5323
2026-06-24 08:00:49 | DEBUG    |   Batch  120/335 | Loss: 0.5621
2026-06-24 08:00:54 | DEBUG    |   Batch  130/335 | Loss: 0.5369
2026-06-24 08:01:00 | DEBUG    |   Batch  140/335 | Loss: 0.5486
2026-06-24 08:01:06 | DEBUG    |   Batch  150/335 | Loss: 0.6241
2026-06-24 08:01:12 | DEBUG    |   Batch  160/335 | Loss: 0.6177
2026-06-24 08:01:17 | DEBUG    |   Batch  170/335 | Loss: 0.5897
2026-06-24 08:01:23 | DEBUG    |   Batch  180/335 | Loss: 0.4894
2026-06-24 08:01:29 | DEBUG    |   Batch  190/335 | Loss: 0.5922
2026-06-24 08:01:34 | DEBUG    |   Batch  200/335 | Loss: 0.5441
2026-06-24 08:01:40 | DEBUG    |   Batch  210/335 | Loss: 0.5889
2026-06-24 08:01:46 | DEBUG    |   Batch  220/335 | Loss: 0.5929
2026-06-24 08:01:52 | DEBUG    |   Batch  230/335 | Loss: 0.5456
2026-06-24 08:01:57 | DEBUG    |   Batch  240/335 | Loss: 0.4753
2026-06-24 08:02:03 | DEBUG    |   Batch  250/335 | Loss: 0.4971
2026-06-24 08:02:09 | DEBUG    |   Batch  260/335 | Loss: 0.5572
2026-06-24 08:02:15 | DEBUG    |   Batch  270/335 | Loss: 0.5283
2026-06-24 08:02:20 | DEBUG    |   Batch  280/335 | Loss: 0.6550
2026-06-24 08:02:26 | DEBUG    |   Batch  290/335 | Loss: 0.5314
2026-06-24 08:02:32 | DEBUG    |   Batch  300/335 | Loss: 0.5600
2026-06-24 08:02:38 | DEBUG    |   Batch  310/335 | Loss: 0.5833
2026-06-24 08:02:43 | DEBUG    |   Batch  320/335 | Loss: 0.4918
2026-06-24 08:02:49 | DEBUG    |   Batch  330/335 | Loss: 0.5791
2026-06-24 08:11:45 | INFO     |   Train Loss: 0.5651 | Val Loss: 0.6454 | Mean DSC: 0.5311
2026-06-24 08:11:45 | INFO     |   DSC   NCR/ED/NET/ET : 0.4336 / 0.8924 / 0.0054 / 0.7929
2026-06-24 08:11:45 | INFO     |   HD95  NCR/ED/NET/ET : 9.09 / 7.82 / 95.24 / 10.96  mm
2026-06-24 08:11:45 | INFO     |   Sens  NCR/ED/NET/ET : 0.3517 / 0.9030 / 0.4566 / 0.7680
2026-06-24 08:11:45 | INFO     |   Prec  NCR/ED/NET/ET : 0.5653 / 0.8820 / 0.0027 / 0.8195
2026-06-24 08:11:45 | INFO     |   Time: 725.6s | Elapsed: 11.11h | ETA: 41h 13m | LR: 7.68e-05
2026-06-24 08:11:45 | INFO     | -----------------------------------------------------------------
2026-06-24 08:11:45 | INFO     | Epoch 97/300
2026-06-24 08:11:46 | DEBUG    |   Batch    0/335 | Loss: 0.6094
2026-06-24 08:11:52 | DEBUG    |   Batch   10/335 | Loss: 0.5365
2026-06-24 08:11:57 | DEBUG    |   Batch   20/335 | Loss: 0.5161
2026-06-24 08:12:03 | DEBUG    |   Batch   30/335 | Loss: 0.5319
2026-06-24 08:12:09 | DEBUG    |   Batch   40/335 | Loss: 0.5737
2026-06-24 08:12:14 | DEBUG    |   Batch   50/335 | Loss: 0.6193
2026-06-24 08:12:20 | DEBUG    |   Batch   60/335 | Loss: 0.5753
2026-06-24 08:12:26 | DEBUG    |   Batch   70/335 | Loss: 0.5512
2026-06-24 08:12:32 | DEBUG    |   Batch   80/335 | Loss: 0.6327
2026-06-24 08:12:37 | DEBUG    |   Batch   90/335 | Loss: 0.5223
2026-06-24 08:12:43 | DEBUG    |   Batch  100/335 | Loss: 0.5885
2026-06-24 08:12:49 | DEBUG    |   Batch  110/335 | Loss: 0.5641
2026-06-24 08:12:55 | DEBUG    |   Batch  120/335 | Loss: 0.5070
2026-06-24 08:13:00 | DEBUG    |   Batch  130/335 | Loss: 0.6181
2026-06-24 08:13:06 | DEBUG    |   Batch  140/335 | Loss: 0.5627
2026-06-24 08:13:12 | DEBUG    |   Batch  150/335 | Loss: 0.6337
2026-06-24 08:13:17 | DEBUG    |   Batch  160/335 | Loss: 0.5699
2026-06-24 08:13:23 | DEBUG    |   Batch  170/335 | Loss: 0.5794
2026-06-24 08:13:29 | DEBUG    |   Batch  180/335 | Loss: 0.5449
2026-06-24 08:13:35 | DEBUG    |   Batch  190/335 | Loss: 0.5836
2026-06-24 08:13:40 | DEBUG    |   Batch  200/335 | Loss: 0.5429
2026-06-24 08:13:46 | DEBUG    |   Batch  210/335 | Loss: 0.5247
2026-06-24 08:13:52 | DEBUG    |   Batch  220/335 | Loss: 0.6389
2026-06-24 08:13:58 | DEBUG    |   Batch  230/335 | Loss: 0.5897
2026-06-24 08:14:03 | DEBUG    |   Batch  240/335 | Loss: 0.5451
2026-06-24 08:14:09 | DEBUG    |   Batch  250/335 | Loss: 0.6006
2026-06-24 08:14:15 | DEBUG    |   Batch  260/335 | Loss: 0.5703
2026-06-24 08:14:20 | DEBUG    |   Batch  270/335 | Loss: 0.5896
2026-06-24 08:14:26 | DEBUG    |   Batch  280/335 | Loss: 0.5713
2026-06-24 08:14:32 | DEBUG    |   Batch  290/335 | Loss: 0.5028
2026-06-24 08:14:37 | DEBUG    |   Batch  300/335 | Loss: 0.5435
2026-06-24 08:14:43 | DEBUG    |   Batch  310/335 | Loss: 0.5581
2026-06-24 08:14:49 | DEBUG    |   Batch  320/335 | Loss: 0.5882
2026-06-24 08:14:55 | DEBUG    |   Batch  330/335 | Loss: 0.5697
2026-06-24 08:23:49 | INFO     |   Train Loss: 0.5651 | Val Loss: 0.6482 | Mean DSC: 0.5108
2026-06-24 08:23:49 | INFO     |   DSC   NCR/ED/NET/ET : 0.3798 / 0.8876 / 0.0051 / 0.7708
2026-06-24 08:23:49 | INFO     |   HD95  NCR/ED/NET/ET : 8.36 / 8.17 / 95.24 / 10.24  mm
2026-06-24 08:23:49 | INFO     |   Sens  NCR/ED/NET/ET : 0.2691 / 0.8992 / 0.4334 / 0.7679
2026-06-24 08:23:49 | INFO     |   Prec  NCR/ED/NET/ET : 0.6456 / 0.8762 / 0.0026 / 0.7737
2026-06-24 08:23:49 | INFO     |   Time: 723.4s | Elapsed: 11.31h | ETA: 41h 0m | LR: 7.63e-05
2026-06-24 08:23:49 | INFO     | -----------------------------------------------------------------
2026-06-24 08:23:49 | INFO     | Epoch 98/300
2026-06-24 08:23:49 | DEBUG    |   Batch    0/335 | Loss: 0.6619
2026-06-24 08:23:55 | DEBUG    |   Batch   10/335 | Loss: 0.5012
2026-06-24 08:24:01 | DEBUG    |   Batch   20/335 | Loss: 0.5309
2026-06-24 08:24:07 | DEBUG    |   Batch   30/335 | Loss: 0.5286
2026-06-24 08:24:12 | DEBUG    |   Batch   40/335 | Loss: 0.5743
2026-06-24 08:24:18 | DEBUG    |   Batch   50/335 | Loss: 0.5280
2026-06-24 08:24:24 | DEBUG    |   Batch   60/335 | Loss: 0.5342
2026-06-24 08:24:29 | DEBUG    |   Batch   70/335 | Loss: 0.5659
2026-06-24 08:24:35 | DEBUG    |   Batch   80/335 | Loss: 0.5690
2026-06-24 08:24:41 | DEBUG    |   Batch   90/335 | Loss: 0.6056
2026-06-24 08:24:47 | DEBUG    |   Batch  100/335 | Loss: 0.5618
2026-06-24 08:24:52 | DEBUG    |   Batch  110/335 | Loss: 0.5329
2026-06-24 08:24:58 | DEBUG    |   Batch  120/335 | Loss: 0.5735
2026-06-24 08:25:04 | DEBUG    |   Batch  130/335 | Loss: 0.5758
2026-06-24 08:25:09 | DEBUG    |   Batch  140/335 | Loss: 0.5612
2026-06-24 08:25:15 | DEBUG    |   Batch  150/335 | Loss: 0.6059
2026-06-24 08:25:21 | DEBUG    |   Batch  160/335 | Loss: 0.4997
2026-06-24 08:25:27 | DEBUG    |   Batch  170/335 | Loss: 0.5501
2026-06-24 08:25:32 | DEBUG    |   Batch  180/335 | Loss: 0.5437
2026-06-24 08:25:38 | DEBUG    |   Batch  190/335 | Loss: 0.5802
2026-06-24 08:25:44 | DEBUG    |   Batch  200/335 | Loss: 0.5484
2026-06-24 08:25:49 | DEBUG    |   Batch  210/335 | Loss: 0.6085
2026-06-24 08:25:55 | DEBUG    |   Batch  220/335 | Loss: 0.5193
2026-06-24 08:26:01 | DEBUG    |   Batch  230/335 | Loss: 0.5932
2026-06-24 08:26:07 | DEBUG    |   Batch  240/335 | Loss: 0.5324
2026-06-24 08:26:12 | DEBUG    |   Batch  250/335 | Loss: 0.5689
2026-06-24 08:26:18 | DEBUG    |   Batch  260/335 | Loss: 0.5536
2026-06-24 08:26:24 | DEBUG    |   Batch  270/335 | Loss: 0.6005
2026-06-24 08:26:29 | DEBUG    |   Batch  280/335 | Loss: 0.5091
2026-06-24 08:26:35 | DEBUG    |   Batch  290/335 | Loss: 0.5362
2026-06-24 08:26:41 | DEBUG    |   Batch  300/335 | Loss: 0.5479
2026-06-24 08:26:47 | DEBUG    |   Batch  310/335 | Loss: 0.6428
2026-06-24 08:26:52 | DEBUG    |   Batch  320/335 | Loss: 0.4937
2026-06-24 08:26:58 | DEBUG    |   Batch  330/335 | Loss: 0.5781
2026-06-24 08:35:54 | INFO     |   Train Loss: 0.5663 | Val Loss: 0.6497 | Mean DSC: 0.5312
2026-06-24 08:35:54 | INFO     |   DSC   NCR/ED/NET/ET : 0.4580 / 0.8914 / 0.0055 / 0.7698
2026-06-24 08:35:54 | INFO     |   HD95  NCR/ED/NET/ET : 9.58 / 7.95 / 95.23 / 9.48  mm
2026-06-24 08:35:54 | INFO     |   Sens  NCR/ED/NET/ET : 0.3796 / 0.8761 / 0.4650 / 0.7066
2026-06-24 08:35:54 | INFO     |   Prec  NCR/ED/NET/ET : 0.5772 / 0.9073 / 0.0027 / 0.8454
2026-06-24 08:35:54 | INFO     |   Time: 725.8s | Elapsed: 11.52h | ETA: 40h 48m | LR: 7.59e-05
2026-06-24 08:35:54 | INFO     | -----------------------------------------------------------------
2026-06-24 08:35:54 | INFO     | Epoch 99/300
2026-06-24 08:35:55 | DEBUG    |   Batch    0/335 | Loss: 0.4762
2026-06-24 08:36:01 | DEBUG    |   Batch   10/335 | Loss: 0.5780
2026-06-24 08:36:06 | DEBUG    |   Batch   20/335 | Loss: 0.4807
2026-06-24 08:36:12 | DEBUG    |   Batch   30/335 | Loss: 0.5676
2026-06-24 08:36:18 | DEBUG    |   Batch   40/335 | Loss: 0.5355
2026-06-24 08:36:24 | DEBUG    |   Batch   50/335 | Loss: 0.6256
2026-06-24 08:36:30 | DEBUG    |   Batch   60/335 | Loss: 0.6237
2026-06-24 08:36:35 | DEBUG    |   Batch   70/335 | Loss: 0.4845
2026-06-24 08:36:41 | DEBUG    |   Batch   80/335 | Loss: 0.6090
2026-06-24 08:36:47 | DEBUG    |   Batch   90/335 | Loss: 0.5960
2026-06-24 08:36:52 | DEBUG    |   Batch  100/335 | Loss: 0.6009
2026-06-24 08:36:58 | DEBUG    |   Batch  110/335 | Loss: 0.5157
2026-06-24 08:37:04 | DEBUG    |   Batch  120/335 | Loss: 0.6263
2026-06-24 08:37:10 | DEBUG    |   Batch  130/335 | Loss: 0.5667
2026-06-24 08:37:15 | DEBUG    |   Batch  140/335 | Loss: 0.4436
2026-06-24 08:37:21 | DEBUG    |   Batch  150/335 | Loss: 0.5464
2026-06-24 08:37:27 | DEBUG    |   Batch  160/335 | Loss: 0.5774
2026-06-24 08:37:33 | DEBUG    |   Batch  170/335 | Loss: 0.5771
2026-06-24 08:37:38 | DEBUG    |   Batch  180/335 | Loss: 0.5588
2026-06-24 08:37:44 | DEBUG    |   Batch  190/335 | Loss: 0.6774
2026-06-24 08:37:50 | DEBUG    |   Batch  200/335 | Loss: 0.5537
2026-06-24 08:37:56 | DEBUG    |   Batch  210/335 | Loss: 0.5143
2026-06-24 08:38:01 | DEBUG    |   Batch  220/335 | Loss: 0.5764
2026-06-24 08:38:07 | DEBUG    |   Batch  230/335 | Loss: 0.5667
2026-06-24 08:38:13 | DEBUG    |   Batch  240/335 | Loss: 0.4921
2026-06-24 08:38:19 | DEBUG    |   Batch  250/335 | Loss: 0.5353
2026-06-24 08:38:24 | DEBUG    |   Batch  260/335 | Loss: 0.4920
2026-06-24 08:38:30 | DEBUG    |   Batch  270/335 | Loss: 0.5041
2026-06-24 08:38:36 | DEBUG    |   Batch  280/335 | Loss: 0.5900
2026-06-24 08:38:42 | DEBUG    |   Batch  290/335 | Loss: 0.5441
2026-06-24 08:38:47 | DEBUG    |   Batch  300/335 | Loss: 0.5627
2026-06-24 08:38:53 | DEBUG    |   Batch  310/335 | Loss: 0.6179
2026-06-24 08:38:59 | DEBUG    |   Batch  320/335 | Loss: 0.5636
2026-06-24 08:39:05 | DEBUG    |   Batch  330/335 | Loss: 0.5533
2026-06-24 08:48:00 | INFO     |   Train Loss: 0.5685 | Val Loss: 0.6493 | Mean DSC: 0.5140
2026-06-24 08:48:00 | INFO     |   DSC   NCR/ED/NET/ET : 0.3884 / 0.8897 / 0.0052 / 0.7727
2026-06-24 08:48:00 | INFO     |   HD95  NCR/ED/NET/ET : 8.88 / 6.95 / 95.24 / 10.90  mm
2026-06-24 08:48:00 | INFO     |   Sens  NCR/ED/NET/ET : 0.2869 / 0.8811 / 0.4437 / 0.7822
2026-06-24 08:48:00 | INFO     |   Prec  NCR/ED/NET/ET : 0.6010 / 0.8984 / 0.0026 / 0.7635
2026-06-24 08:48:00 | INFO     |   Time: 725.4s | Elapsed: 11.72h | ETA: 40h 36m | LR: 7.55e-05
2026-06-24 08:48:00 | INFO     | -----------------------------------------------------------------
2026-06-24 08:48:00 | INFO     | Epoch 100/300
2026-06-24 08:48:00 | DEBUG    |   Batch    0/335 | Loss: 0.5071
2026-06-24 08:48:06 | DEBUG    |   Batch   10/335 | Loss: 0.5289
2026-06-24 08:48:12 | DEBUG    |   Batch   20/335 | Loss: 0.6050
2026-06-24 08:48:18 | DEBUG    |   Batch   30/335 | Loss: 0.5004
2026-06-24 08:48:23 | DEBUG    |   Batch   40/335 | Loss: 0.5741
2026-06-24 08:48:29 | DEBUG    |   Batch   50/335 | Loss: 0.5321
2026-06-24 08:48:35 | DEBUG    |   Batch   60/335 | Loss: 0.5879
2026-06-24 08:48:40 | DEBUG    |   Batch   70/335 | Loss: 0.5775
2026-06-24 08:48:46 | DEBUG    |   Batch   80/335 | Loss: 0.5246
2026-06-24 08:48:52 | DEBUG    |   Batch   90/335 | Loss: 0.5489
2026-06-24 08:48:58 | DEBUG    |   Batch  100/335 | Loss: 0.5027
2026-06-24 08:49:03 | DEBUG    |   Batch  110/335 | Loss: 0.5651
2026-06-24 08:49:09 | DEBUG    |   Batch  120/335 | Loss: 0.5372
2026-06-24 08:49:15 | DEBUG    |   Batch  130/335 | Loss: 0.5742
2026-06-24 08:49:21 | DEBUG    |   Batch  140/335 | Loss: 0.5665
2026-06-24 08:49:26 | DEBUG    |   Batch  150/335 | Loss: 0.6157
2026-06-24 08:49:32 | DEBUG    |   Batch  160/335 | Loss: 0.5427
2026-06-24 08:49:38 | DEBUG    |   Batch  170/335 | Loss: 0.5207
2026-06-24 08:49:43 | DEBUG    |   Batch  180/335 | Loss: 0.5276
2026-06-24 08:49:49 | DEBUG    |   Batch  190/335 | Loss: 0.5802
2026-06-24 08:49:55 | DEBUG    |   Batch  200/335 | Loss: 0.5684
2026-06-24 08:50:01 | DEBUG    |   Batch  210/335 | Loss: 0.5788
2026-06-24 08:50:06 | DEBUG    |   Batch  220/335 | Loss: 0.5547
2026-06-24 08:50:12 | DEBUG    |   Batch  230/335 | Loss: 0.6792
2026-06-24 08:50:18 | DEBUG    |   Batch  240/335 | Loss: 0.5730
2026-06-24 08:50:23 | DEBUG    |   Batch  250/335 | Loss: 0.5567
2026-06-24 08:50:29 | DEBUG    |   Batch  260/335 | Loss: 0.5427
2026-06-24 08:50:35 | DEBUG    |   Batch  270/335 | Loss: 0.7405
2026-06-24 08:50:41 | DEBUG    |   Batch  280/335 | Loss: 0.5915
2026-06-24 08:50:46 | DEBUG    |   Batch  290/335 | Loss: 0.6274
2026-06-24 08:50:52 | DEBUG    |   Batch  300/335 | Loss: 0.5859
2026-06-24 08:50:58 | DEBUG    |   Batch  310/335 | Loss: 0.5682
2026-06-24 08:51:04 | DEBUG    |   Batch  320/335 | Loss: 0.5391
2026-06-24 08:51:09 | DEBUG    |   Batch  330/335 | Loss: 0.5407
2026-06-24 09:00:03 | INFO     |   Train Loss: 0.5657 | Val Loss: 0.6485 | Mean DSC: 0.5149
2026-06-24 09:00:03 | INFO     |   DSC   NCR/ED/NET/ET : 0.3943 / 0.8884 / 0.0053 / 0.7715
2026-06-24 09:00:03 | INFO     |   HD95  NCR/ED/NET/ET : 7.84 / 9.62 / 95.24 / 9.80  mm
2026-06-24 09:00:03 | INFO     |   Sens  NCR/ED/NET/ET : 0.2847 / 0.8914 / 0.4531 / 0.7549
2026-06-24 09:00:03 | INFO     |   Prec  NCR/ED/NET/ET : 0.6413 / 0.8854 / 0.0027 / 0.7888
2026-06-24 09:00:03 | INFO     |   Time: 723.2s | Elapsed: 11.92h | ETA: 40h 24m | LR: 7.50e-05
2026-06-24 09:00:03 | INFO     |   Checkpoint saved → checkpoint_epoch100.pth
2026-06-24 09:00:03 | INFO     | -----------------------------------------------------------------
2026-06-24 09:00:03 | INFO     | Epoch 101/300
2026-06-24 09:00:04 | DEBUG    |   Batch    0/335 | Loss: 0.5790
2026-06-24 09:00:09 | DEBUG    |   Batch   10/335 | Loss: 0.5444
2026-06-24 09:00:15 | DEBUG    |   Batch   20/335 | Loss: 0.5623
2026-06-24 09:00:21 | DEBUG    |   Batch   30/335 | Loss: 0.5407
2026-06-24 09:00:27 | DEBUG    |   Batch   40/335 | Loss: 0.5470
2026-06-24 09:00:32 | DEBUG    |   Batch   50/335 | Loss: 0.5934
2026-06-24 09:00:38 | DEBUG    |   Batch   60/335 | Loss: 0.5592
2026-06-24 09:00:44 | DEBUG    |   Batch   70/335 | Loss: 0.5791
2026-06-24 09:00:49 | DEBUG    |   Batch   80/335 | Loss: 0.5304
2026-06-24 09:00:55 | DEBUG    |   Batch   90/335 | Loss: 0.5818
2026-06-24 09:01:01 | DEBUG    |   Batch  100/335 | Loss: 0.6587
2026-06-24 09:01:06 | DEBUG    |   Batch  110/335 | Loss: 0.5275
2026-06-24 09:01:12 | DEBUG    |   Batch  120/335 | Loss: 0.5598
2026-06-24 09:01:18 | DEBUG    |   Batch  130/335 | Loss: 0.5186
2026-06-24 09:01:24 | DEBUG    |   Batch  140/335 | Loss: 0.5748
2026-06-24 09:01:29 | DEBUG    |   Batch  150/335 | Loss: 0.5475
2026-06-24 09:01:35 | DEBUG    |   Batch  160/335 | Loss: 0.5366
2026-06-24 09:01:41 | DEBUG    |   Batch  170/335 | Loss: 0.6034
2026-06-24 09:01:46 | DEBUG    |   Batch  180/335 | Loss: 0.5621
2026-06-24 09:01:52 | DEBUG    |   Batch  190/335 | Loss: 0.6513
2026-06-24 09:01:58 | DEBUG    |   Batch  200/335 | Loss: 0.5359
2026-06-24 09:02:04 | DEBUG    |   Batch  210/335 | Loss: 0.5813
2026-06-24 09:02:09 | DEBUG    |   Batch  220/335 | Loss: 0.5982
2026-06-24 09:02:15 | DEBUG    |   Batch  230/335 | Loss: 0.5579
2026-06-24 09:02:21 | DEBUG    |   Batch  240/335 | Loss: 0.5197
2026-06-24 09:02:26 | DEBUG    |   Batch  250/335 | Loss: 0.5529
2026-06-24 09:02:32 | DEBUG    |   Batch  260/335 | Loss: 0.6335
2026-06-24 09:02:38 | DEBUG    |   Batch  270/335 | Loss: 0.5805
2026-06-24 09:02:44 | DEBUG    |   Batch  280/335 | Loss: 0.5099
2026-06-24 09:02:49 | DEBUG    |   Batch  290/335 | Loss: 0.4884
2026-06-24 09:02:55 | DEBUG    |   Batch  300/335 | Loss: 0.5741
2026-06-24 09:03:01 | DEBUG    |   Batch  310/335 | Loss: 0.5668
2026-06-24 09:03:06 | DEBUG    |   Batch  320/335 | Loss: 0.5306
2026-06-24 09:03:12 | DEBUG    |   Batch  330/335 | Loss: 0.5743
2026-06-24 09:12:07 | INFO     |   Train Loss: 0.5650 | Val Loss: 0.6512 | Mean DSC: 0.5313
2026-06-24 09:12:07 | INFO     |   DSC   NCR/ED/NET/ET : 0.4526 / 0.8942 / 0.0052 / 0.7730
2026-06-24 09:12:07 | INFO     |   HD95  NCR/ED/NET/ET : 8.53 / 6.54 / 95.24 / 10.47  mm
2026-06-24 09:12:07 | INFO     |   Sens  NCR/ED/NET/ET : 0.3991 / 0.9021 / 0.4426 / 0.7141
2026-06-24 09:12:07 | INFO     |   Prec  NCR/ED/NET/ET : 0.5228 / 0.8865 / 0.0026 / 0.8424
2026-06-24 09:12:07 | INFO     |   Time: 723.9s | Elapsed: 12.12h | ETA: 40h 11m | LR: 7.45e-05
2026-06-24 09:12:07 | INFO     | -----------------------------------------------------------------
2026-06-24 09:12:07 | INFO     | Epoch 102/300
2026-06-24 09:12:08 | DEBUG    |   Batch    0/335 | Loss: 0.5664
2026-06-24 09:12:13 | DEBUG    |   Batch   10/335 | Loss: 0.5548
2026-06-24 09:12:19 | DEBUG    |   Batch   20/335 | Loss: 0.5663
2026-06-24 09:12:25 | DEBUG    |   Batch   30/335 | Loss: 0.5700
2026-06-24 09:12:30 | DEBUG    |   Batch   40/335 | Loss: 0.5456
2026-06-24 09:12:36 | DEBUG    |   Batch   50/335 | Loss: 0.5493
2026-06-24 09:12:42 | DEBUG    |   Batch   60/335 | Loss: 0.6478
2026-06-24 09:12:48 | DEBUG    |   Batch   70/335 | Loss: 0.5725
2026-06-24 09:12:53 | DEBUG    |   Batch   80/335 | Loss: 0.6080
2026-06-24 09:12:59 | DEBUG    |   Batch   90/335 | Loss: 0.6425
2026-06-24 09:13:05 | DEBUG    |   Batch  100/335 | Loss: 0.5718
2026-06-24 09:13:11 | DEBUG    |   Batch  110/335 | Loss: 0.6821
2026-06-24 09:13:16 | DEBUG    |   Batch  120/335 | Loss: 0.6007
2026-06-24 09:13:22 | DEBUG    |   Batch  130/335 | Loss: 0.5676
2026-06-24 09:13:28 | DEBUG    |   Batch  140/335 | Loss: 0.5415
2026-06-24 09:13:33 | DEBUG    |   Batch  150/335 | Loss: 0.6391
2026-06-24 09:13:39 | DEBUG    |   Batch  160/335 | Loss: 0.5458
2026-06-24 09:13:45 | DEBUG    |   Batch  170/335 | Loss: 0.4931
2026-06-24 09:13:51 | DEBUG    |   Batch  180/335 | Loss: 0.5212
2026-06-24 09:13:56 | DEBUG    |   Batch  190/335 | Loss: 0.6032
2026-06-24 09:14:02 | DEBUG    |   Batch  200/335 | Loss: 0.5735
2026-06-24 09:14:08 | DEBUG    |   Batch  210/335 | Loss: 0.5515
2026-06-24 09:14:14 | DEBUG    |   Batch  220/335 | Loss: 0.4692
2026-06-24 09:14:19 | DEBUG    |   Batch  230/335 | Loss: 0.5647
2026-06-24 09:14:25 | DEBUG    |   Batch  240/335 | Loss: 0.4537
2026-06-24 09:14:31 | DEBUG    |   Batch  250/335 | Loss: 0.5870
2026-06-24 09:14:37 | DEBUG    |   Batch  260/335 | Loss: 0.5239
2026-06-24 09:14:42 | DEBUG    |   Batch  270/335 | Loss: 0.4827
2026-06-24 09:14:48 | DEBUG    |   Batch  280/335 | Loss: 0.5858
2026-06-24 09:14:54 | DEBUG    |   Batch  290/335 | Loss: 0.5309
2026-06-24 09:14:59 | DEBUG    |   Batch  300/335 | Loss: 0.6158
2026-06-24 09:15:05 | DEBUG    |   Batch  310/335 | Loss: 0.6551
2026-06-24 09:15:11 | DEBUG    |   Batch  320/335 | Loss: 0.5620
2026-06-24 09:15:17 | DEBUG    |   Batch  330/335 | Loss: 0.5282
2026-06-24 09:24:12 | INFO     |   Train Loss: 0.5652 | Val Loss: 0.6491 | Mean DSC: 0.5200
2026-06-24 09:24:12 | INFO     |   DSC   NCR/ED/NET/ET : 0.4160 / 0.8793 / 0.0054 / 0.7792
2026-06-24 09:24:12 | INFO     |   HD95  NCR/ED/NET/ET : 8.22 / 8.07 / 95.23 / 15.84  mm
2026-06-24 09:24:12 | INFO     |   Sens  NCR/ED/NET/ET : 0.3221 / 0.8478 / 0.4574 / 0.8239
2026-06-24 09:24:12 | INFO     |   Prec  NCR/ED/NET/ET : 0.5870 / 0.9132 / 0.0027 / 0.7391
2026-06-24 09:24:12 | INFO     |   Time: 724.5s | Elapsed: 12.32h | ETA: 39h 59m | LR: 7.41e-05
2026-06-24 09:24:12 | INFO     | -----------------------------------------------------------------
2026-06-24 09:24:12 | INFO     | Epoch 103/300
2026-06-24 09:24:12 | DEBUG    |   Batch    0/335 | Loss: 0.5831
2026-06-24 09:24:18 | DEBUG    |   Batch   10/335 | Loss: 0.5159
2026-06-24 09:24:24 | DEBUG    |   Batch   20/335 | Loss: 0.5647
2026-06-24 09:24:29 | DEBUG    |   Batch   30/335 | Loss: 0.4920
2026-06-24 09:24:35 | DEBUG    |   Batch   40/335 | Loss: 0.5512
2026-06-24 09:24:41 | DEBUG    |   Batch   50/335 | Loss: 0.5363
2026-06-24 09:24:47 | DEBUG    |   Batch   60/335 | Loss: 0.5426
2026-06-24 09:24:53 | DEBUG    |   Batch   70/335 | Loss: 0.5921
2026-06-24 09:24:58 | DEBUG    |   Batch   80/335 | Loss: 0.5940
2026-06-24 09:25:04 | DEBUG    |   Batch   90/335 | Loss: 0.5526
2026-06-24 09:25:10 | DEBUG    |   Batch  100/335 | Loss: 0.5408
2026-06-24 09:25:16 | DEBUG    |   Batch  110/335 | Loss: 0.5051
2026-06-24 09:25:21 | DEBUG    |   Batch  120/335 | Loss: 0.5414
2026-06-24 09:25:27 | DEBUG    |   Batch  130/335 | Loss: 0.6283
2026-06-24 09:25:33 | DEBUG    |   Batch  140/335 | Loss: 0.5611
2026-06-24 09:25:39 | DEBUG    |   Batch  150/335 | Loss: 0.5923
2026-06-24 09:25:45 | DEBUG    |   Batch  160/335 | Loss: 0.5985
2026-06-24 09:25:50 | DEBUG    |   Batch  170/335 | Loss: 0.6197
2026-06-24 09:25:56 | DEBUG    |   Batch  180/335 | Loss: 0.6681
2026-06-24 09:26:02 | DEBUG    |   Batch  190/335 | Loss: 0.5188
2026-06-24 09:26:08 | DEBUG    |   Batch  200/335 | Loss: 0.5495
2026-06-24 09:26:13 | DEBUG    |   Batch  210/335 | Loss: 0.5233
2026-06-24 09:26:19 | DEBUG    |   Batch  220/335 | Loss: 0.5564
2026-06-24 09:26:25 | DEBUG    |   Batch  230/335 | Loss: 0.6160
2026-06-24 09:26:30 | DEBUG    |   Batch  240/335 | Loss: 0.6013
2026-06-24 09:26:36 | DEBUG    |   Batch  250/335 | Loss: 0.5625
2026-06-24 09:26:42 | DEBUG    |   Batch  260/335 | Loss: 0.5294
2026-06-24 09:26:48 | DEBUG    |   Batch  270/335 | Loss: 0.5521
2026-06-24 09:26:54 | DEBUG    |   Batch  280/335 | Loss: 0.4346
2026-06-24 09:26:59 | DEBUG    |   Batch  290/335 | Loss: 0.5427
2026-06-24 09:27:05 | DEBUG    |   Batch  300/335 | Loss: 0.5237
2026-06-24 09:27:11 | DEBUG    |   Batch  310/335 | Loss: 0.5352
2026-06-24 09:27:17 | DEBUG    |   Batch  320/335 | Loss: 0.5852
2026-06-24 09:27:22 | DEBUG    |   Batch  330/335 | Loss: 0.5089
2026-06-24 09:36:17 | INFO     |   Train Loss: 0.5653 | Val Loss: 0.6489 | Mean DSC: 0.5202
2026-06-24 09:36:17 | INFO     |   DSC   NCR/ED/NET/ET : 0.4209 / 0.8895 / 0.0053 / 0.7651
2026-06-24 09:36:17 | INFO     |   HD95  NCR/ED/NET/ET : 7.99 / 7.63 / 95.24 / 11.18  mm
2026-06-24 09:36:17 | INFO     |   Sens  NCR/ED/NET/ET : 0.3441 / 0.8857 / 0.4517 / 0.7384
2026-06-24 09:36:17 | INFO     |   Prec  NCR/ED/NET/ET : 0.5417 / 0.8933 / 0.0027 / 0.7937
2026-06-24 09:36:17 | INFO     |   Time: 725.8s | Elapsed: 12.52h | ETA: 39h 47m | LR: 7.36e-05
2026-06-24 09:36:17 | INFO     | -----------------------------------------------------------------
2026-06-24 09:36:17 | INFO     | Epoch 104/300
2026-06-24 09:36:18 | DEBUG    |   Batch    0/335 | Loss: 0.5292
2026-06-24 09:36:24 | DEBUG    |   Batch   10/335 | Loss: 0.5166
2026-06-24 09:36:29 | DEBUG    |   Batch   20/335 | Loss: 0.4730
2026-06-24 09:36:35 | DEBUG    |   Batch   30/335 | Loss: 0.5587
2026-06-24 09:36:41 | DEBUG    |   Batch   40/335 | Loss: 0.5566
2026-06-24 09:36:47 | DEBUG    |   Batch   50/335 | Loss: 0.5415
2026-06-24 09:36:53 | DEBUG    |   Batch   60/335 | Loss: 0.5138
2026-06-24 09:36:58 | DEBUG    |   Batch   70/335 | Loss: 0.5699
2026-06-24 09:37:04 | DEBUG    |   Batch   80/335 | Loss: 0.6220
2026-06-24 09:37:10 | DEBUG    |   Batch   90/335 | Loss: 0.6170
2026-06-24 09:37:16 | DEBUG    |   Batch  100/335 | Loss: 0.5059
2026-06-24 09:37:21 | DEBUG    |   Batch  110/335 | Loss: 0.5204
2026-06-24 09:37:27 | DEBUG    |   Batch  120/335 | Loss: 0.5134
2026-06-24 09:37:33 | DEBUG    |   Batch  130/335 | Loss: 0.5137
2026-06-24 09:37:39 | DEBUG    |   Batch  140/335 | Loss: 0.6958
2026-06-24 09:37:44 | DEBUG    |   Batch  150/335 | Loss: 0.6332
2026-06-24 09:37:50 | DEBUG    |   Batch  160/335 | Loss: 0.5596
2026-06-24 09:37:56 | DEBUG    |   Batch  170/335 | Loss: 0.5528
2026-06-24 09:38:02 | DEBUG    |   Batch  180/335 | Loss: 0.6025
2026-06-24 09:38:07 | DEBUG    |   Batch  190/335 | Loss: 0.4778
2026-06-24 09:38:13 | DEBUG    |   Batch  200/335 | Loss: 0.5780
2026-06-24 09:38:19 | DEBUG    |   Batch  210/335 | Loss: 0.5527
2026-06-24 09:38:24 | DEBUG    |   Batch  220/335 | Loss: 0.5984
2026-06-24 09:38:30 | DEBUG    |   Batch  230/335 | Loss: 0.5604
2026-06-24 09:38:36 | DEBUG    |   Batch  240/335 | Loss: 0.5369
2026-06-24 09:38:42 | DEBUG    |   Batch  250/335 | Loss: 0.5083
2026-06-24 09:38:47 | DEBUG    |   Batch  260/335 | Loss: 0.5133
2026-06-24 09:38:53 | DEBUG    |   Batch  270/335 | Loss: 0.5255
2026-06-24 09:38:59 | DEBUG    |   Batch  280/335 | Loss: 0.6405
2026-06-24 09:39:05 | DEBUG    |   Batch  290/335 | Loss: 0.5981
2026-06-24 09:39:10 | DEBUG    |   Batch  300/335 | Loss: 0.5208
2026-06-24 09:39:16 | DEBUG    |   Batch  310/335 | Loss: 0.5723
2026-06-24 09:39:22 | DEBUG    |   Batch  320/335 | Loss: 0.5274
2026-06-24 09:39:28 | DEBUG    |   Batch  330/335 | Loss: 0.5784
2026-06-24 09:48:25 | INFO     |   Train Loss: 0.5627 | Val Loss: 0.6464 | Mean DSC: 0.5214
2026-06-24 09:48:25 | INFO     |   DSC   NCR/ED/NET/ET : 0.4129 / 0.8929 / 0.0053 / 0.7745
2026-06-24 09:48:25 | INFO     |   HD95  NCR/ED/NET/ET : 8.11 / 7.51 / 95.25 / 10.64  mm
2026-06-24 09:48:25 | INFO     |   Sens  NCR/ED/NET/ET : 0.3169 / 0.9046 / 0.4488 / 0.7855
2026-06-24 09:48:25 | INFO     |   Prec  NCR/ED/NET/ET : 0.5921 / 0.8814 / 0.0027 / 0.7637
2026-06-24 09:48:25 | INFO     |   Time: 727.2s | Elapsed: 12.72h | ETA: 39h 35m | LR: 7.32e-05
2026-06-24 09:48:25 | INFO     | -----------------------------------------------------------------
2026-06-24 09:48:25 | INFO     | Epoch 105/300
2026-06-24 09:48:25 | DEBUG    |   Batch    0/335 | Loss: 0.5718
2026-06-24 09:48:31 | DEBUG    |   Batch   10/335 | Loss: 0.5909
2026-06-24 09:48:37 | DEBUG    |   Batch   20/335 | Loss: 0.6392
2026-06-24 09:48:42 | DEBUG    |   Batch   30/335 | Loss: 0.5049
2026-06-24 09:48:48 | DEBUG    |   Batch   40/335 | Loss: 0.5837
2026-06-24 09:48:54 | DEBUG    |   Batch   50/335 | Loss: 0.5344
2026-06-24 09:49:00 | DEBUG    |   Batch   60/335 | Loss: 0.6147
2026-06-24 09:49:05 | DEBUG    |   Batch   70/335 | Loss: 0.5300
2026-06-24 09:49:11 | DEBUG    |   Batch   80/335 | Loss: 0.5387
2026-06-24 09:49:17 | DEBUG    |   Batch   90/335 | Loss: 0.5874
2026-06-24 09:49:22 | DEBUG    |   Batch  100/335 | Loss: 0.6225
2026-06-24 09:49:28 | DEBUG    |   Batch  110/335 | Loss: 0.5942
2026-06-24 09:49:34 | DEBUG    |   Batch  120/335 | Loss: 0.5957
2026-06-24 09:49:40 | DEBUG    |   Batch  130/335 | Loss: 0.5412
2026-06-24 09:49:45 | DEBUG    |   Batch  140/335 | Loss: 0.5706
2026-06-24 09:49:51 | DEBUG    |   Batch  150/335 | Loss: 0.5101
2026-06-24 09:49:57 | DEBUG    |   Batch  160/335 | Loss: 0.5268
2026-06-24 09:50:03 | DEBUG    |   Batch  170/335 | Loss: 0.5188
2026-06-24 09:50:08 | DEBUG    |   Batch  180/335 | Loss: 0.5802
2026-06-24 09:50:14 | DEBUG    |   Batch  190/335 | Loss: 0.5360
2026-06-24 09:50:20 | DEBUG    |   Batch  200/335 | Loss: 0.6026
2026-06-24 09:50:26 | DEBUG    |   Batch  210/335 | Loss: 0.5713
2026-06-24 09:50:31 | DEBUG    |   Batch  220/335 | Loss: 0.5946
2026-06-24 09:50:37 | DEBUG    |   Batch  230/335 | Loss: 0.5433
2026-06-24 09:50:43 | DEBUG    |   Batch  240/335 | Loss: 0.5299
2026-06-24 09:50:48 | DEBUG    |   Batch  250/335 | Loss: 0.5773
2026-06-24 09:50:54 | DEBUG    |   Batch  260/335 | Loss: 0.5571
2026-06-24 09:51:00 | DEBUG    |   Batch  270/335 | Loss: 0.5459
2026-06-24 09:51:06 | DEBUG    |   Batch  280/335 | Loss: 0.5726
2026-06-24 09:51:11 | DEBUG    |   Batch  290/335 | Loss: 0.5783
2026-06-24 09:51:17 | DEBUG    |   Batch  300/335 | Loss: 0.6459
2026-06-24 09:51:23 | DEBUG    |   Batch  310/335 | Loss: 0.5453
2026-06-24 09:51:29 | DEBUG    |   Batch  320/335 | Loss: 0.6262
2026-06-24 09:51:34 | DEBUG    |   Batch  330/335 | Loss: 0.5529
2026-06-24 10:00:31 | INFO     |   Train Loss: 0.5629 | Val Loss: 0.6467 | Mean DSC: 0.5185
2026-06-24 10:00:31 | INFO     |   DSC   NCR/ED/NET/ET : 0.4180 / 0.8910 / 0.0051 / 0.7599
2026-06-24 10:00:31 | INFO     |   HD95  NCR/ED/NET/ET : 8.27 / 7.65 / 95.24 / 9.68  mm
2026-06-24 10:00:31 | INFO     |   Sens  NCR/ED/NET/ET : 0.3128 / 0.8954 / 0.4312 / 0.7443
2026-06-24 10:00:31 | INFO     |   Prec  NCR/ED/NET/ET : 0.6298 / 0.8867 / 0.0025 / 0.7761
2026-06-24 10:00:31 | INFO     |   Time: 726.5s | Elapsed: 12.93h | ETA: 39h 23m | LR: 7.27e-05
2026-06-24 10:00:31 | INFO     | -----------------------------------------------------------------
2026-06-24 10:00:31 | INFO     | Epoch 106/300
2026-06-24 10:00:32 | DEBUG    |   Batch    0/335 | Loss: 0.5450
2026-06-24 10:00:38 | DEBUG    |   Batch   10/335 | Loss: 0.5899
2026-06-24 10:00:43 | DEBUG    |   Batch   20/335 | Loss: 0.5995
2026-06-24 10:00:49 | DEBUG    |   Batch   30/335 | Loss: 0.5024
2026-06-24 10:00:55 | DEBUG    |   Batch   40/335 | Loss: 0.5661
2026-06-24 10:01:01 | DEBUG    |   Batch   50/335 | Loss: 0.5930
2026-06-24 10:01:07 | DEBUG    |   Batch   60/335 | Loss: 0.5388
2026-06-24 10:01:12 | DEBUG    |   Batch   70/335 | Loss: 0.5555
2026-06-24 10:01:18 | DEBUG    |   Batch   80/335 | Loss: 0.5592
2026-06-24 10:01:24 | DEBUG    |   Batch   90/335 | Loss: 0.5291
2026-06-24 10:01:29 | DEBUG    |   Batch  100/335 | Loss: 0.5228
2026-06-24 10:01:35 | DEBUG    |   Batch  110/335 | Loss: 0.5572
2026-06-24 10:01:41 | DEBUG    |   Batch  120/335 | Loss: 0.4596
2026-06-24 10:01:47 | DEBUG    |   Batch  130/335 | Loss: 0.5575
2026-06-24 10:01:53 | DEBUG    |   Batch  140/335 | Loss: 0.4927
2026-06-24 10:01:58 | DEBUG    |   Batch  150/335 | Loss: 0.5923
2026-06-24 10:02:04 | DEBUG    |   Batch  160/335 | Loss: 0.6298
2026-06-24 10:02:10 | DEBUG    |   Batch  170/335 | Loss: 0.5650
2026-06-24 10:02:16 | DEBUG    |   Batch  180/335 | Loss: 0.5619
2026-06-24 10:02:21 | DEBUG    |   Batch  190/335 | Loss: 0.5310
2026-06-24 10:02:27 | DEBUG    |   Batch  200/335 | Loss: 0.5109
2026-06-24 10:02:33 | DEBUG    |   Batch  210/335 | Loss: 0.5627
2026-06-24 10:02:39 | DEBUG    |   Batch  220/335 | Loss: 0.5607
2026-06-24 10:02:44 | DEBUG    |   Batch  230/335 | Loss: 0.5851
2026-06-24 10:02:50 | DEBUG    |   Batch  240/335 | Loss: 0.5515
2026-06-24 10:02:56 | DEBUG    |   Batch  250/335 | Loss: 0.5948
2026-06-24 10:03:02 | DEBUG    |   Batch  260/335 | Loss: 0.5718
2026-06-24 10:03:07 | DEBUG    |   Batch  270/335 | Loss: 0.5869
2026-06-24 10:03:13 | DEBUG    |   Batch  280/335 | Loss: 0.5925
2026-06-24 10:03:19 | DEBUG    |   Batch  290/335 | Loss: 0.5635
2026-06-24 10:03:25 | DEBUG    |   Batch  300/335 | Loss: 0.5748
2026-06-24 10:03:30 | DEBUG    |   Batch  310/335 | Loss: 0.5594
2026-06-24 10:03:36 | DEBUG    |   Batch  320/335 | Loss: 0.4947
2026-06-24 10:03:42 | DEBUG    |   Batch  330/335 | Loss: 0.5693
2026-06-24 10:12:37 | INFO     |   Train Loss: 0.5629 | Val Loss: 0.6451 | Mean DSC: 0.5215
2026-06-24 10:12:37 | INFO     |   DSC   NCR/ED/NET/ET : 0.4074 / 0.8913 / 0.0053 / 0.7821
2026-06-24 10:12:37 | INFO     |   HD95  NCR/ED/NET/ET : 8.38 / 7.46 / 95.24 / 9.35  mm
2026-06-24 10:12:37 | INFO     |   Sens  NCR/ED/NET/ET : 0.3125 / 0.8921 / 0.4540 / 0.7827
2026-06-24 10:12:37 | INFO     |   Prec  NCR/ED/NET/ET : 0.5849 / 0.8905 / 0.0027 / 0.7814
2026-06-24 10:12:37 | INFO     |   Time: 726.2s | Elapsed: 13.13h | ETA: 39h 10m | LR: 7.22e-05
2026-06-24 10:12:37 | INFO     | -----------------------------------------------------------------
2026-06-24 10:12:37 | INFO     | Epoch 107/300
2026-06-24 10:12:38 | DEBUG    |   Batch    0/335 | Loss: 0.5440
2026-06-24 10:12:44 | DEBUG    |   Batch   10/335 | Loss: 0.5383
2026-06-24 10:12:49 | DEBUG    |   Batch   20/335 | Loss: 0.5891
2026-06-24 10:12:55 | DEBUG    |   Batch   30/335 | Loss: 0.5407
2026-06-24 10:13:01 | DEBUG    |   Batch   40/335 | Loss: 0.4973
2026-06-24 10:13:07 | DEBUG    |   Batch   50/335 | Loss: 0.5558
2026-06-24 10:13:13 | DEBUG    |   Batch   60/335 | Loss: 0.5372
2026-06-24 10:13:18 | DEBUG    |   Batch   70/335 | Loss: 0.6583
2026-06-24 10:13:24 | DEBUG    |   Batch   80/335 | Loss: 0.6125
2026-06-24 10:13:30 | DEBUG    |   Batch   90/335 | Loss: 0.5855
2026-06-24 10:13:36 | DEBUG    |   Batch  100/335 | Loss: 0.6415
2026-06-24 10:13:41 | DEBUG    |   Batch  110/335 | Loss: 0.6640
2026-06-24 10:13:47 | DEBUG    |   Batch  120/335 | Loss: 0.6181
2026-06-24 10:13:53 | DEBUG    |   Batch  130/335 | Loss: 0.5865
2026-06-24 10:13:58 | DEBUG    |   Batch  140/335 | Loss: 0.5637
2026-06-24 10:14:04 | DEBUG    |   Batch  150/335 | Loss: 0.6191
2026-06-24 10:14:10 | DEBUG    |   Batch  160/335 | Loss: 0.6018
2026-06-24 10:14:16 | DEBUG    |   Batch  170/335 | Loss: 0.5319
2026-06-24 10:14:21 | DEBUG    |   Batch  180/335 | Loss: 0.6438
2026-06-24 10:14:27 | DEBUG    |   Batch  190/335 | Loss: 0.5661
2026-06-24 10:14:33 | DEBUG    |   Batch  200/335 | Loss: 0.5608
2026-06-24 10:14:39 | DEBUG    |   Batch  210/335 | Loss: 0.5983
2026-06-24 10:14:45 | DEBUG    |   Batch  220/335 | Loss: 0.5761
2026-06-24 10:14:50 | DEBUG    |   Batch  230/335 | Loss: 0.5449
2026-06-24 10:14:56 | DEBUG    |   Batch  240/335 | Loss: 0.6444
2026-06-24 10:15:02 | DEBUG    |   Batch  250/335 | Loss: 0.5674
2026-06-24 10:15:08 | DEBUG    |   Batch  260/335 | Loss: 0.5967
2026-06-24 10:15:13 | DEBUG    |   Batch  270/335 | Loss: 0.5842
2026-06-24 10:15:19 | DEBUG    |   Batch  280/335 | Loss: 0.4701
2026-06-24 10:15:25 | DEBUG    |   Batch  290/335 | Loss: 0.5840
2026-06-24 10:15:31 | DEBUG    |   Batch  300/335 | Loss: 0.5486
2026-06-24 10:15:37 | DEBUG    |   Batch  310/335 | Loss: 0.5347
2026-06-24 10:15:42 | DEBUG    |   Batch  320/335 | Loss: 0.5008
2026-06-24 10:15:48 | DEBUG    |   Batch  330/335 | Loss: 0.5569
2026-06-24 10:24:43 | INFO     |   Train Loss: 0.5639 | Val Loss: 0.6459 | Mean DSC: 0.5249
2026-06-24 10:24:43 | INFO     |   DSC   NCR/ED/NET/ET : 0.4288 / 0.8905 / 0.0053 / 0.7750
2026-06-24 10:24:43 | INFO     |   HD95  NCR/ED/NET/ET : 8.60 / 7.46 / 95.24 / 9.59  mm
2026-06-24 10:24:43 | INFO     |   Sens  NCR/ED/NET/ET : 0.3420 / 0.8967 / 0.4515 / 0.7448
2026-06-24 10:24:43 | INFO     |   Prec  NCR/ED/NET/ET : 0.5746 / 0.8844 / 0.0027 / 0.8077
2026-06-24 10:24:43 | INFO     |   Time: 725.7s | Elapsed: 13.33h | ETA: 38h 58m | LR: 7.18e-05
2026-06-24 10:24:43 | INFO     | -----------------------------------------------------------------
2026-06-24 10:24:43 | INFO     | Epoch 108/300
2026-06-24 10:24:44 | DEBUG    |   Batch    0/335 | Loss: 0.5129
2026-06-24 10:24:49 | DEBUG    |   Batch   10/335 | Loss: 0.5309
2026-06-24 10:24:55 | DEBUG    |   Batch   20/335 | Loss: 0.6241
2026-06-24 10:25:01 | DEBUG    |   Batch   30/335 | Loss: 0.5744
2026-06-24 10:25:07 | DEBUG    |   Batch   40/335 | Loss: 0.5656
2026-06-24 10:25:13 | DEBUG    |   Batch   50/335 | Loss: 0.5471
2026-06-24 10:25:18 | DEBUG    |   Batch   60/335 | Loss: 0.4818
2026-06-24 10:25:24 | DEBUG    |   Batch   70/335 | Loss: 0.5528
2026-06-24 10:25:30 | DEBUG    |   Batch   80/335 | Loss: 0.5623
2026-06-24 10:25:36 | DEBUG    |   Batch   90/335 | Loss: 0.5393
2026-06-24 10:25:41 | DEBUG    |   Batch  100/335 | Loss: 0.5709
2026-06-24 10:25:47 | DEBUG    |   Batch  110/335 | Loss: 0.6236
2026-06-24 10:25:53 | DEBUG    |   Batch  120/335 | Loss: 0.6258
2026-06-24 10:25:59 | DEBUG    |   Batch  130/335 | Loss: 0.6641
2026-06-24 10:26:05 | DEBUG    |   Batch  140/335 | Loss: 0.5366
2026-06-24 10:26:10 | DEBUG    |   Batch  150/335 | Loss: 0.5991
2026-06-24 10:26:16 | DEBUG    |   Batch  160/335 | Loss: 0.5516
2026-06-24 10:26:22 | DEBUG    |   Batch  170/335 | Loss: 0.5512
2026-06-24 10:26:28 | DEBUG    |   Batch  180/335 | Loss: 0.4952
2026-06-24 10:26:34 | DEBUG    |   Batch  190/335 | Loss: 0.5350
2026-06-24 10:26:39 | DEBUG    |   Batch  200/335 | Loss: 0.5184
2026-06-24 10:26:45 | DEBUG    |   Batch  210/335 | Loss: 0.5393
2026-06-24 10:26:51 | DEBUG    |   Batch  220/335 | Loss: 0.5932
2026-06-24 10:26:57 | DEBUG    |   Batch  230/335 | Loss: 0.5550
2026-06-24 10:27:02 | DEBUG    |   Batch  240/335 | Loss: 0.6386
2026-06-24 10:27:08 | DEBUG    |   Batch  250/335 | Loss: 0.5239
2026-06-24 10:27:14 | DEBUG    |   Batch  260/335 | Loss: 0.4548
2026-06-24 10:27:20 | DEBUG    |   Batch  270/335 | Loss: 0.5341
2026-06-24 10:27:25 | DEBUG    |   Batch  280/335 | Loss: 0.6058
2026-06-24 10:27:31 | DEBUG    |   Batch  290/335 | Loss: 0.6128
2026-06-24 10:27:37 | DEBUG    |   Batch  300/335 | Loss: 0.5435
2026-06-24 10:27:43 | DEBUG    |   Batch  310/335 | Loss: 0.5864
2026-06-24 10:27:48 | DEBUG    |   Batch  320/335 | Loss: 0.5125
2026-06-24 10:27:54 | DEBUG    |   Batch  330/335 | Loss: 0.5436
2026-06-24 10:36:49 | INFO     |   Train Loss: 0.5613 | Val Loss: 0.6447 | Mean DSC: 0.5192
2026-06-24 10:36:49 | INFO     |   DSC   NCR/ED/NET/ET : 0.4112 / 0.8919 / 0.0052 / 0.7684
2026-06-24 10:36:49 | INFO     |   HD95  NCR/ED/NET/ET : 7.69 / 7.32 / 95.24 / 8.81  mm
2026-06-24 10:36:49 | INFO     |   Sens  NCR/ED/NET/ET : 0.3047 / 0.8812 / 0.4421 / 0.8047
2026-06-24 10:36:49 | INFO     |   Prec  NCR/ED/NET/ET : 0.6320 / 0.9029 / 0.0026 / 0.7353
2026-06-24 10:36:49 | INFO     |   Time: 725.6s | Elapsed: 13.53h | ETA: 38h 46m | LR: 7.13e-05
2026-06-24 10:36:49 | INFO     | -----------------------------------------------------------------
2026-06-24 10:36:49 | INFO     | Epoch 109/300
2026-06-24 10:36:49 | DEBUG    |   Batch    0/335 | Loss: 0.5716
2026-06-24 10:36:55 | DEBUG    |   Batch   10/335 | Loss: 0.5289
2026-06-24 10:37:01 | DEBUG    |   Batch   20/335 | Loss: 0.5253
2026-06-24 10:37:07 | DEBUG    |   Batch   30/335 | Loss: 0.6388
2026-06-24 10:37:12 | DEBUG    |   Batch   40/335 | Loss: 0.4947
2026-06-24 10:37:18 | DEBUG    |   Batch   50/335 | Loss: 0.5347
2026-06-24 10:37:24 | DEBUG    |   Batch   60/335 | Loss: 0.5662
2026-06-24 10:37:30 | DEBUG    |   Batch   70/335 | Loss: 0.5823
2026-06-24 10:37:35 | DEBUG    |   Batch   80/335 | Loss: 0.5837
2026-06-24 10:37:41 | DEBUG    |   Batch   90/335 | Loss: 0.6371
2026-06-24 10:37:47 | DEBUG    |   Batch  100/335 | Loss: 0.5322
2026-06-24 10:37:53 | DEBUG    |   Batch  110/335 | Loss: 0.5471
2026-06-24 10:37:58 | DEBUG    |   Batch  120/335 | Loss: 0.5171
2026-06-24 10:38:04 | DEBUG    |   Batch  130/335 | Loss: 0.5552
2026-06-24 10:38:10 | DEBUG    |   Batch  140/335 | Loss: 0.5633
2026-06-24 10:38:16 | DEBUG    |   Batch  150/335 | Loss: 0.5445
2026-06-24 10:38:21 | DEBUG    |   Batch  160/335 | Loss: 0.5727
2026-06-24 10:38:27 | DEBUG    |   Batch  170/335 | Loss: 0.5115
2026-06-24 10:38:33 | DEBUG    |   Batch  180/335 | Loss: 0.5496
2026-06-24 10:38:39 | DEBUG    |   Batch  190/335 | Loss: 0.5815
2026-06-24 10:38:44 | DEBUG    |   Batch  200/335 | Loss: 0.5323
2026-06-24 10:38:50 | DEBUG    |   Batch  210/335 | Loss: 0.5255
2026-06-24 10:38:56 | DEBUG    |   Batch  220/335 | Loss: 0.6182
2026-06-24 10:39:02 | DEBUG    |   Batch  230/335 | Loss: 0.5779
2026-06-24 10:39:07 | DEBUG    |   Batch  240/335 | Loss: 0.4497
2026-06-24 10:39:13 | DEBUG    |   Batch  250/335 | Loss: 0.5575
2026-06-24 10:39:19 | DEBUG    |   Batch  260/335 | Loss: 0.6367
2026-06-24 10:39:24 | DEBUG    |   Batch  270/335 | Loss: 0.5441
2026-06-24 10:39:30 | DEBUG    |   Batch  280/335 | Loss: 0.5707
2026-06-24 10:39:36 | DEBUG    |   Batch  290/335 | Loss: 0.6046
2026-06-24 10:39:42 | DEBUG    |   Batch  300/335 | Loss: 0.5552
2026-06-24 10:39:47 | DEBUG    |   Batch  310/335 | Loss: 0.6358
2026-06-24 10:39:53 | DEBUG    |   Batch  320/335 | Loss: 0.5624
2026-06-24 10:39:59 | DEBUG    |   Batch  330/335 | Loss: 0.5467
2026-06-24 10:48:53 | INFO     |   Train Loss: 0.5622 | Val Loss: 0.6458 | Mean DSC: 0.5329
2026-06-24 10:48:53 | INFO     |   DSC   NCR/ED/NET/ET : 0.4397 / 0.8902 / 0.0055 / 0.7964
2026-06-24 10:48:53 | INFO     |   HD95  NCR/ED/NET/ET : 10.10 / 8.74 / 95.24 / 10.78  mm
2026-06-24 10:48:53 | INFO     |   Sens  NCR/ED/NET/ET : 0.3438 / 0.8954 / 0.4648 / 0.7788
2026-06-24 10:48:53 | INFO     |   Prec  NCR/ED/NET/ET : 0.6098 / 0.8850 / 0.0027 / 0.8149
2026-06-24 10:48:53 | INFO     |   Time: 724.7s | Elapsed: 13.73h | ETA: 38h 34m | LR: 7.08e-05
2026-06-24 10:48:53 | INFO     | -----------------------------------------------------------------
2026-06-24 10:48:53 | INFO     | Epoch 110/300
2026-06-24 10:48:54 | DEBUG    |   Batch    0/335 | Loss: 0.5730
2026-06-24 10:49:00 | DEBUG    |   Batch   10/335 | Loss: 0.5462
2026-06-24 10:49:05 | DEBUG    |   Batch   20/335 | Loss: 0.5615
2026-06-24 10:49:11 | DEBUG    |   Batch   30/335 | Loss: 0.6118
2026-06-24 10:49:17 | DEBUG    |   Batch   40/335 | Loss: 0.5408
2026-06-24 10:49:23 | DEBUG    |   Batch   50/335 | Loss: 0.5641
2026-06-24 10:49:29 | DEBUG    |   Batch   60/335 | Loss: 0.5793
2026-06-24 10:49:34 | DEBUG    |   Batch   70/335 | Loss: 0.6216
2026-06-24 10:49:40 | DEBUG    |   Batch   80/335 | Loss: 0.5208
2026-06-24 10:49:46 | DEBUG    |   Batch   90/335 | Loss: 0.5718
2026-06-24 10:49:52 | DEBUG    |   Batch  100/335 | Loss: 0.6543
2026-06-24 10:49:57 | DEBUG    |   Batch  110/335 | Loss: 0.5750
2026-06-24 10:50:03 | DEBUG    |   Batch  120/335 | Loss: 0.5737
2026-06-24 10:50:09 | DEBUG    |   Batch  130/335 | Loss: 0.5489
2026-06-24 10:50:15 | DEBUG    |   Batch  140/335 | Loss: 0.6831
2026-06-24 10:50:20 | DEBUG    |   Batch  150/335 | Loss: 0.5668
2026-06-24 10:50:26 | DEBUG    |   Batch  160/335 | Loss: 0.5423
2026-06-24 10:50:32 | DEBUG    |   Batch  170/335 | Loss: 0.5010
2026-06-24 10:50:38 | DEBUG    |   Batch  180/335 | Loss: 0.6026
2026-06-24 10:50:43 | DEBUG    |   Batch  190/335 | Loss: 0.5576
2026-06-24 10:50:49 | DEBUG    |   Batch  200/335 | Loss: 0.6048
2026-06-24 10:50:55 | DEBUG    |   Batch  210/335 | Loss: 0.6177
2026-06-24 10:51:01 | DEBUG    |   Batch  220/335 | Loss: 0.5644
2026-06-24 10:51:06 | DEBUG    |   Batch  230/335 | Loss: 0.5634
2026-06-24 10:51:12 | DEBUG    |   Batch  240/335 | Loss: 0.5588
2026-06-24 10:51:18 | DEBUG    |   Batch  250/335 | Loss: 0.5845
2026-06-24 10:51:24 | DEBUG    |   Batch  260/335 | Loss: 0.5581
2026-06-24 10:51:29 | DEBUG    |   Batch  270/335 | Loss: 0.5220
2026-06-24 10:51:35 | DEBUG    |   Batch  280/335 | Loss: 0.5332
2026-06-24 10:51:41 | DEBUG    |   Batch  290/335 | Loss: 0.5598
2026-06-24 10:51:47 | DEBUG    |   Batch  300/335 | Loss: 0.4935
2026-06-24 10:51:53 | DEBUG    |   Batch  310/335 | Loss: 0.5272
2026-06-24 10:51:58 | DEBUG    |   Batch  320/335 | Loss: 0.5000
2026-06-24 10:52:04 | DEBUG    |   Batch  330/335 | Loss: 0.6571
2026-06-24 11:00:58 | INFO     |   Train Loss: 0.5615 | Val Loss: 0.6445 | Mean DSC: 0.5302
2026-06-24 11:00:58 | INFO     |   DSC   NCR/ED/NET/ET : 0.4440 / 0.8905 / 0.0051 / 0.7812
2026-06-24 11:00:58 | INFO     |   HD95  NCR/ED/NET/ET : 7.69 / 8.42 / 95.24 / 12.29  mm
2026-06-24 11:00:58 | INFO     |   Sens  NCR/ED/NET/ET : 0.3594 / 0.8959 / 0.4318 / 0.7874
2026-06-24 11:00:58 | INFO     |   Prec  NCR/ED/NET/ET : 0.5807 / 0.8852 / 0.0026 / 0.7752
2026-06-24 11:00:58 | INFO     |   Time: 724.4s | Elapsed: 13.93h | ETA: 38h 22m | LR: 7.03e-05
2026-06-24 11:00:58 | INFO     |   Checkpoint saved → checkpoint_epoch110.pth
2026-06-24 11:00:58 | INFO     | -----------------------------------------------------------------
2026-06-24 11:00:58 | INFO     | Epoch 111/300
2026-06-24 11:00:58 | DEBUG    |   Batch    0/335 | Loss: 0.5478
2026-06-24 11:01:04 | DEBUG    |   Batch   10/335 | Loss: 0.6333
2026-06-24 11:01:10 | DEBUG    |   Batch   20/335 | Loss: 0.5801
2026-06-24 11:01:16 | DEBUG    |   Batch   30/335 | Loss: 0.5357
2026-06-24 11:01:21 | DEBUG    |   Batch   40/335 | Loss: 0.5793
2026-06-24 11:01:27 | DEBUG    |   Batch   50/335 | Loss: 0.5260
2026-06-24 11:01:33 | DEBUG    |   Batch   60/335 | Loss: 0.5687
2026-06-24 11:01:38 | DEBUG    |   Batch   70/335 | Loss: 0.5639
2026-06-24 11:01:44 | DEBUG    |   Batch   80/335 | Loss: 0.5793
2026-06-24 11:01:50 | DEBUG    |   Batch   90/335 | Loss: 0.5182
2026-06-24 11:01:56 | DEBUG    |   Batch  100/335 | Loss: 0.5831
2026-06-24 11:02:01 | DEBUG    |   Batch  110/335 | Loss: 0.5203
2026-06-24 11:02:07 | DEBUG    |   Batch  120/335 | Loss: 0.5644
2026-06-24 11:02:13 | DEBUG    |   Batch  130/335 | Loss: 0.6043
2026-06-24 11:02:19 | DEBUG    |   Batch  140/335 | Loss: 0.5801
2026-06-24 11:02:24 | DEBUG    |   Batch  150/335 | Loss: 0.5342
2026-06-24 11:02:30 | DEBUG    |   Batch  160/335 | Loss: 0.5628
2026-06-24 11:02:36 | DEBUG    |   Batch  170/335 | Loss: 0.5745
2026-06-24 11:02:42 | DEBUG    |   Batch  180/335 | Loss: 0.5566
2026-06-24 11:02:47 | DEBUG    |   Batch  190/335 | Loss: 0.5909
2026-06-24 11:02:53 | DEBUG    |   Batch  200/335 | Loss: 0.5605
2026-06-24 11:02:59 | DEBUG    |   Batch  210/335 | Loss: 0.5012
2026-06-24 11:03:05 | DEBUG    |   Batch  220/335 | Loss: 0.5394
2026-06-24 11:03:10 | DEBUG    |   Batch  230/335 | Loss: 0.6577
2026-06-24 11:03:16 | DEBUG    |   Batch  240/335 | Loss: 0.5459
2026-06-24 11:03:22 | DEBUG    |   Batch  250/335 | Loss: 0.5797
2026-06-24 11:03:28 | DEBUG    |   Batch  260/335 | Loss: 0.5953
2026-06-24 11:03:33 | DEBUG    |   Batch  270/335 | Loss: 0.6186
2026-06-24 11:03:39 | DEBUG    |   Batch  280/335 | Loss: 0.5124
2026-06-24 11:03:45 | DEBUG    |   Batch  290/335 | Loss: 0.5345
2026-06-24 11:03:51 | DEBUG    |   Batch  300/335 | Loss: 0.6263
2026-06-24 11:03:56 | DEBUG    |   Batch  310/335 | Loss: 0.6271
2026-06-24 11:04:02 | DEBUG    |   Batch  320/335 | Loss: 0.5475
2026-06-24 11:04:08 | DEBUG    |   Batch  330/335 | Loss: 0.5059
2026-06-24 11:13:03 | INFO     |   Train Loss: 0.5616 | Val Loss: 0.6451 | Mean DSC: 0.5290
2026-06-24 11:13:03 | INFO     |   DSC   NCR/ED/NET/ET : 0.4321 / 0.8926 / 0.0053 / 0.7861
2026-06-24 11:13:03 | INFO     |   HD95  NCR/ED/NET/ET : 8.39 / 8.07 / 95.24 / 9.37  mm
2026-06-24 11:13:03 | INFO     |   Sens  NCR/ED/NET/ET : 0.3309 / 0.9035 / 0.4497 / 0.7781
2026-06-24 11:13:03 | INFO     |   Prec  NCR/ED/NET/ET : 0.6225 / 0.8819 / 0.0027 / 0.7943
2026-06-24 11:13:03 | INFO     |   Time: 725.2s | Elapsed: 14.13h | ETA: 38h 9m | LR: 6.99e-05
2026-06-24 11:13:03 | INFO     | -----------------------------------------------------------------
2026-06-24 11:13:03 | INFO     | Epoch 112/300
2026-06-24 11:13:03 | DEBUG    |   Batch    0/335 | Loss: 0.5737
2026-06-24 11:13:09 | DEBUG    |   Batch   10/335 | Loss: 0.6337
2026-06-24 11:13:15 | DEBUG    |   Batch   20/335 | Loss: 0.5911
2026-06-24 11:13:21 | DEBUG    |   Batch   30/335 | Loss: 0.5814
2026-06-24 11:13:26 | DEBUG    |   Batch   40/335 | Loss: 0.5991
2026-06-24 11:13:32 | DEBUG    |   Batch   50/335 | Loss: 0.6468
2026-06-24 11:13:38 | DEBUG    |   Batch   60/335 | Loss: 0.5092
2026-06-24 11:13:44 | DEBUG    |   Batch   70/335 | Loss: 0.5247
2026-06-24 11:13:49 | DEBUG    |   Batch   80/335 | Loss: 0.5786
2026-06-24 11:13:55 | DEBUG    |   Batch   90/335 | Loss: 0.5015
2026-06-24 11:14:01 | DEBUG    |   Batch  100/335 | Loss: 0.5546
2026-06-24 11:14:07 | DEBUG    |   Batch  110/335 | Loss: 0.5460
2026-06-24 11:14:13 | DEBUG    |   Batch  120/335 | Loss: 0.6041
2026-06-24 11:14:18 | DEBUG    |   Batch  130/335 | Loss: 0.5892
2026-06-24 11:14:24 | DEBUG    |   Batch  140/335 | Loss: 0.5553
2026-06-24 11:14:30 | DEBUG    |   Batch  150/335 | Loss: 0.5465
2026-06-24 11:14:36 | DEBUG    |   Batch  160/335 | Loss: 0.4723
2026-06-24 11:14:41 | DEBUG    |   Batch  170/335 | Loss: 0.4922
2026-06-24 11:14:47 | DEBUG    |   Batch  180/335 | Loss: 0.5375
2026-06-24 11:14:53 | DEBUG    |   Batch  190/335 | Loss: 0.5643
2026-06-24 11:14:59 | DEBUG    |   Batch  200/335 | Loss: 0.5216
2026-06-24 11:15:04 | DEBUG    |   Batch  210/335 | Loss: 0.5200
2026-06-24 11:15:10 | DEBUG    |   Batch  220/335 | Loss: 0.5375
2026-06-24 11:15:16 | DEBUG    |   Batch  230/335 | Loss: 0.5502
2026-06-24 11:15:22 | DEBUG    |   Batch  240/335 | Loss: 0.4904
2026-06-24 11:15:27 | DEBUG    |   Batch  250/335 | Loss: 0.5611
2026-06-24 11:15:33 | DEBUG    |   Batch  260/335 | Loss: 0.6002
2026-06-24 11:15:39 | DEBUG    |   Batch  270/335 | Loss: 0.6086
2026-06-24 11:15:45 | DEBUG    |   Batch  280/335 | Loss: 0.5399
2026-06-24 11:15:50 | DEBUG    |   Batch  290/335 | Loss: 0.5347
2026-06-24 11:15:56 | DEBUG    |   Batch  300/335 | Loss: 0.5949
2026-06-24 11:16:02 | DEBUG    |   Batch  310/335 | Loss: 0.5142
2026-06-24 11:16:08 | DEBUG    |   Batch  320/335 | Loss: 0.4898
2026-06-24 11:16:13 | DEBUG    |   Batch  330/335 | Loss: 0.5997
2026-06-24 11:25:08 | INFO     |   Train Loss: 0.5611 | Val Loss: 0.6462 | Mean DSC: 0.5249
2026-06-24 11:25:08 | INFO     |   DSC   NCR/ED/NET/ET : 0.4302 / 0.8941 / 0.0052 / 0.7701
2026-06-24 11:25:08 | INFO     |   HD95  NCR/ED/NET/ET : 8.40 / 7.74 / 95.24 / 9.53  mm
2026-06-24 11:25:08 | INFO     |   Sens  NCR/ED/NET/ET : 0.3496 / 0.8995 / 0.4449 / 0.7545
2026-06-24 11:25:08 | INFO     |   Prec  NCR/ED/NET/ET : 0.5592 / 0.8889 / 0.0026 / 0.7864
2026-06-24 11:25:08 | INFO     |   Time: 725.2s | Elapsed: 14.34h | ETA: 37h 57m | LR: 6.94e-05
2026-06-24 11:25:08 | INFO     | -----------------------------------------------------------------
2026-06-24 11:25:08 | INFO     | Epoch 113/300
2026-06-24 11:25:09 | DEBUG    |   Batch    0/335 | Loss: 0.5325
2026-06-24 11:25:14 | DEBUG    |   Batch   10/335 | Loss: 0.5306
2026-06-24 11:25:20 | DEBUG    |   Batch   20/335 | Loss: 0.6195
2026-06-24 11:25:26 | DEBUG    |   Batch   30/335 | Loss: 0.5886
2026-06-24 11:25:32 | DEBUG    |   Batch   40/335 | Loss: 0.5123
2026-06-24 11:25:37 | DEBUG    |   Batch   50/335 | Loss: 0.5612
2026-06-24 11:25:43 | DEBUG    |   Batch   60/335 | Loss: 0.6076
2026-06-24 11:25:49 | DEBUG    |   Batch   70/335 | Loss: 0.5673
2026-06-24 11:25:54 | DEBUG    |   Batch   80/335 | Loss: 0.5460
2026-06-24 11:26:00 | DEBUG    |   Batch   90/335 | Loss: 0.5676
2026-06-24 11:26:06 | DEBUG    |   Batch  100/335 | Loss: 0.6470
2026-06-24 11:26:12 | DEBUG    |   Batch  110/335 | Loss: 0.6045
2026-06-24 11:26:17 | DEBUG    |   Batch  120/335 | Loss: 0.5686
2026-06-24 11:26:23 | DEBUG    |   Batch  130/335 | Loss: 0.5319
2026-06-24 11:26:29 | DEBUG    |   Batch  140/335 | Loss: 0.5287
2026-06-24 11:26:35 | DEBUG    |   Batch  150/335 | Loss: 0.5235
2026-06-24 11:26:40 | DEBUG    |   Batch  160/335 | Loss: 0.5856
2026-06-24 11:26:46 | DEBUG    |   Batch  170/335 | Loss: 0.5290
2026-06-24 11:26:52 | DEBUG    |   Batch  180/335 | Loss: 0.5027
2026-06-24 11:26:58 | DEBUG    |   Batch  190/335 | Loss: 0.5503
2026-06-24 11:27:03 | DEBUG    |   Batch  200/335 | Loss: 0.5204
2026-06-24 11:27:09 | DEBUG    |   Batch  210/335 | Loss: 0.5367
2026-06-24 11:27:15 | DEBUG    |   Batch  220/335 | Loss: 0.5760
2026-06-24 11:27:21 | DEBUG    |   Batch  230/335 | Loss: 0.5915
2026-06-24 11:27:27 | DEBUG    |   Batch  240/335 | Loss: 0.5295
2026-06-24 11:27:32 | DEBUG    |   Batch  250/335 | Loss: 0.6040
2026-06-24 11:27:38 | DEBUG    |   Batch  260/335 | Loss: 0.5506
2026-06-24 11:27:44 | DEBUG    |   Batch  270/335 | Loss: 0.5273
2026-06-24 11:27:50 | DEBUG    |   Batch  280/335 | Loss: 0.5317
2026-06-24 11:27:55 | DEBUG    |   Batch  290/335 | Loss: 0.5487
2026-06-24 11:28:01 | DEBUG    |   Batch  300/335 | Loss: 0.6072
2026-06-24 11:28:07 | DEBUG    |   Batch  310/335 | Loss: 0.5761
2026-06-24 11:28:13 | DEBUG    |   Batch  320/335 | Loss: 0.5994
2026-06-24 11:28:18 | DEBUG    |   Batch  330/335 | Loss: 0.5529
2026-06-24 11:37:13 | INFO     |   Train Loss: 0.5605 | Val Loss: 0.6501 | Mean DSC: 0.5252
2026-06-24 11:37:13 | INFO     |   DSC   NCR/ED/NET/ET : 0.4401 / 0.8940 / 0.0053 / 0.7616
2026-06-24 11:37:13 | INFO     |   HD95  NCR/ED/NET/ET : 8.41 / 8.51 / 95.24 / 9.73  mm
2026-06-24 11:37:13 | INFO     |   Sens  NCR/ED/NET/ET : 0.3676 / 0.8957 / 0.4496 / 0.7113
2026-06-24 11:37:13 | INFO     |   Prec  NCR/ED/NET/ET : 0.5480 / 0.8924 / 0.0027 / 0.8195
2026-06-24 11:37:13 | INFO     |   Time: 725.3s | Elapsed: 14.54h | ETA: 37h 45m | LR: 6.89e-05
2026-06-24 11:37:13 | INFO     | -----------------------------------------------------------------
2026-06-24 11:37:13 | INFO     | Epoch 114/300
2026-06-24 11:37:14 | DEBUG    |   Batch    0/335 | Loss: 0.5845
2026-06-24 11:37:20 | DEBUG    |   Batch   10/335 | Loss: 0.5464
2026-06-24 11:37:26 | DEBUG    |   Batch   20/335 | Loss: 0.6316
2026-06-24 11:37:31 | DEBUG    |   Batch   30/335 | Loss: 0.4457
2026-06-24 11:37:37 | DEBUG    |   Batch   40/335 | Loss: 0.5529
2026-06-24 11:37:43 | DEBUG    |   Batch   50/335 | Loss: 0.5473
2026-06-24 11:37:49 | DEBUG    |   Batch   60/335 | Loss: 0.5951
2026-06-24 11:37:55 | DEBUG    |   Batch   70/335 | Loss: 0.5546
2026-06-24 11:38:00 | DEBUG    |   Batch   80/335 | Loss: 0.6003
2026-06-24 11:38:06 | DEBUG    |   Batch   90/335 | Loss: 0.5512
2026-06-24 11:38:12 | DEBUG    |   Batch  100/335 | Loss: 0.5863
2026-06-24 11:38:18 | DEBUG    |   Batch  110/335 | Loss: 0.5164
2026-06-24 11:38:23 | DEBUG    |   Batch  120/335 | Loss: 0.5468
2026-06-24 11:38:29 | DEBUG    |   Batch  130/335 | Loss: 0.5935
2026-06-24 11:38:35 | DEBUG    |   Batch  140/335 | Loss: 0.5652
2026-06-24 11:38:41 | DEBUG    |   Batch  150/335 | Loss: 0.5002
2026-06-24 11:38:46 | DEBUG    |   Batch  160/335 | Loss: 0.5709
2026-06-24 11:38:52 | DEBUG    |   Batch  170/335 | Loss: 0.5406
2026-06-24 11:38:58 | DEBUG    |   Batch  180/335 | Loss: 0.6195
2026-06-24 11:39:04 | DEBUG    |   Batch  190/335 | Loss: 0.5464
2026-06-24 11:39:09 | DEBUG    |   Batch  200/335 | Loss: 0.4854
2026-06-24 11:39:15 | DEBUG    |   Batch  210/335 | Loss: 0.5195
2026-06-24 11:39:21 | DEBUG    |   Batch  220/335 | Loss: 0.4850
2026-06-24 11:39:27 | DEBUG    |   Batch  230/335 | Loss: 0.5132
2026-06-24 11:39:33 | DEBUG    |   Batch  240/335 | Loss: 0.5914
2026-06-24 11:39:38 | DEBUG    |   Batch  250/335 | Loss: 0.6050
2026-06-24 11:39:44 | DEBUG    |   Batch  260/335 | Loss: 0.5029
2026-06-24 11:39:50 | DEBUG    |   Batch  270/335 | Loss: 0.5533
2026-06-24 11:39:56 | DEBUG    |   Batch  280/335 | Loss: 0.5271
2026-06-24 11:40:01 | DEBUG    |   Batch  290/335 | Loss: 0.6585
2026-06-24 11:40:07 | DEBUG    |   Batch  300/335 | Loss: 0.5056
2026-06-24 11:40:13 | DEBUG    |   Batch  310/335 | Loss: 0.5490
2026-06-24 11:40:19 | DEBUG    |   Batch  320/335 | Loss: 0.5562
2026-06-24 11:40:24 | DEBUG    |   Batch  330/335 | Loss: 0.6094
2026-06-24 11:49:19 | INFO     |   Train Loss: 0.5596 | Val Loss: 0.6472 | Mean DSC: 0.5266
2026-06-24 11:49:19 | INFO     |   DSC   NCR/ED/NET/ET : 0.4268 / 0.8931 / 0.0050 / 0.7816
2026-06-24 11:49:19 | INFO     |   HD95  NCR/ED/NET/ET : 7.80 / 8.33 / 95.25 / 9.76  mm
2026-06-24 11:49:19 | INFO     |   Sens  NCR/ED/NET/ET : 0.3326 / 0.9118 / 0.4253 / 0.7755
2026-06-24 11:49:19 | INFO     |   Prec  NCR/ED/NET/ET : 0.5954 / 0.8752 / 0.0025 / 0.7878
2026-06-24 11:49:19 | INFO     |   Time: 725.2s | Elapsed: 14.74h | ETA: 37h 33m | LR: 6.84e-05
2026-06-24 11:49:19 | INFO     | -----------------------------------------------------------------
2026-06-24 11:49:19 | INFO     | Epoch 115/300
2026-06-24 11:49:19 | DEBUG    |   Batch    0/335 | Loss: 0.5655
2026-06-24 11:49:25 | DEBUG    |   Batch   10/335 | Loss: 0.5285
2026-06-24 11:49:31 | DEBUG    |   Batch   20/335 | Loss: 0.5858
2026-06-24 11:49:37 | DEBUG    |   Batch   30/335 | Loss: 0.6082
2026-06-24 11:49:42 | DEBUG    |   Batch   40/335 | Loss: 0.5183
2026-06-24 11:49:48 | DEBUG    |   Batch   50/335 | Loss: 0.5867
2026-06-24 11:49:54 | DEBUG    |   Batch   60/335 | Loss: 0.5625
2026-06-24 11:49:59 | DEBUG    |   Batch   70/335 | Loss: 0.6109
2026-06-24 11:50:05 | DEBUG    |   Batch   80/335 | Loss: 0.6261
2026-06-24 11:50:11 | DEBUG    |   Batch   90/335 | Loss: 0.5798
2026-06-24 11:50:16 | DEBUG    |   Batch  100/335 | Loss: 0.4764
2026-06-24 11:50:22 | DEBUG    |   Batch  110/335 | Loss: 0.6226
2026-06-24 11:50:28 | DEBUG    |   Batch  120/335 | Loss: 0.5242
2026-06-24 11:50:34 | DEBUG    |   Batch  130/335 | Loss: 0.5672
2026-06-24 11:50:39 | DEBUG    |   Batch  140/335 | Loss: 0.6291
2026-06-24 11:50:45 | DEBUG    |   Batch  150/335 | Loss: 0.5550
2026-06-24 11:50:51 | DEBUG    |   Batch  160/335 | Loss: 0.6314
2026-06-24 11:50:57 | DEBUG    |   Batch  170/335 | Loss: 0.5065
2026-06-24 11:51:02 | DEBUG    |   Batch  180/335 | Loss: 0.5267
2026-06-24 11:51:08 | DEBUG    |   Batch  190/335 | Loss: 0.4777
2026-06-24 11:51:14 | DEBUG    |   Batch  200/335 | Loss: 0.5725
2026-06-24 11:51:20 | DEBUG    |   Batch  210/335 | Loss: 0.5434
2026-06-24 11:51:25 | DEBUG    |   Batch  220/335 | Loss: 0.6167
2026-06-24 11:51:31 | DEBUG    |   Batch  230/335 | Loss: 0.5244
2026-06-24 11:51:37 | DEBUG    |   Batch  240/335 | Loss: 0.5629
2026-06-24 11:51:43 | DEBUG    |   Batch  250/335 | Loss: 0.6035
2026-06-24 11:51:48 | DEBUG    |   Batch  260/335 | Loss: 0.6002
2026-06-24 11:51:54 | DEBUG    |   Batch  270/335 | Loss: 0.5094
2026-06-24 11:52:00 | DEBUG    |   Batch  280/335 | Loss: 0.6164
2026-06-24 11:52:06 | DEBUG    |   Batch  290/335 | Loss: 0.6082
2026-06-24 11:52:11 | DEBUG    |   Batch  300/335 | Loss: 0.5321
2026-06-24 11:52:17 | DEBUG    |   Batch  310/335 | Loss: 0.4902
2026-06-24 11:52:23 | DEBUG    |   Batch  320/335 | Loss: 0.4824
2026-06-24 11:52:29 | DEBUG    |   Batch  330/335 | Loss: 0.5315
2026-06-24 12:01:28 | INFO     |   Train Loss: 0.5600 | Val Loss: 0.6498 | Mean DSC: 0.5095
2026-06-24 12:01:28 | INFO     |   DSC   NCR/ED/NET/ET : 0.3783 / 0.8924 / 0.0053 / 0.7621
2026-06-24 12:01:28 | INFO     |   HD95  NCR/ED/NET/ET : 9.44 / 8.60 / 95.24 / 10.68  mm
2026-06-24 12:01:28 | INFO     |   Sens  NCR/ED/NET/ET : 0.2838 / 0.8961 / 0.4493 / 0.7607
2026-06-24 12:01:28 | INFO     |   Prec  NCR/ED/NET/ET : 0.5675 / 0.8887 / 0.0027 / 0.7635
2026-06-24 12:01:28 | INFO     |   Time: 729.6s | Elapsed: 14.94h | ETA: 37h 21m | LR: 6.79e-05
2026-06-24 12:01:28 | INFO     | -----------------------------------------------------------------
2026-06-24 12:01:28 | INFO     | Epoch 116/300
2026-06-24 12:01:29 | DEBUG    |   Batch    0/335 | Loss: 0.5703
2026-06-24 12:01:35 | DEBUG    |   Batch   10/335 | Loss: 0.5355
2026-06-24 12:01:41 | DEBUG    |   Batch   20/335 | Loss: 0.5913
2026-06-24 12:01:47 | DEBUG    |   Batch   30/335 | Loss: 0.5859
2026-06-24 12:01:53 | DEBUG    |   Batch   40/335 | Loss: 0.5073
2026-06-24 12:01:58 | DEBUG    |   Batch   50/335 | Loss: 0.5056
2026-06-24 12:02:04 | DEBUG    |   Batch   60/335 | Loss: 0.5538
2026-06-24 12:02:10 | DEBUG    |   Batch   70/335 | Loss: 0.5071
2026-06-24 12:02:16 | DEBUG    |   Batch   80/335 | Loss: 0.6065
2026-06-24 12:02:22 | DEBUG    |   Batch   90/335 | Loss: 0.5200
2026-06-24 12:02:28 | DEBUG    |   Batch  100/335 | Loss: 0.5501
2026-06-24 12:02:34 | DEBUG    |   Batch  110/335 | Loss: 0.6087
2026-06-24 12:02:40 | DEBUG    |   Batch  120/335 | Loss: 0.5140
2026-06-24 12:02:45 | DEBUG    |   Batch  130/335 | Loss: 0.5942
2026-06-24 12:02:51 | DEBUG    |   Batch  140/335 | Loss: 0.5096
2026-06-24 12:02:57 | DEBUG    |   Batch  150/335 | Loss: 0.5499
2026-06-24 12:03:03 | DEBUG    |   Batch  160/335 | Loss: 0.5704
2026-06-24 12:03:08 | DEBUG    |   Batch  170/335 | Loss: 0.5518
2026-06-24 12:03:14 | DEBUG    |   Batch  180/335 | Loss: 0.6017
2026-06-24 12:03:20 | DEBUG    |   Batch  190/335 | Loss: 0.5279
2026-06-24 12:03:26 | DEBUG    |   Batch  200/335 | Loss: 0.4856
2026-06-24 12:03:32 | DEBUG    |   Batch  210/335 | Loss: 0.5429
2026-06-24 12:03:37 | DEBUG    |   Batch  220/335 | Loss: 0.5429
2026-06-24 12:03:43 | DEBUG    |   Batch  230/335 | Loss: 0.5765
2026-06-24 12:03:49 | DEBUG    |   Batch  240/335 | Loss: 0.6406
2026-06-24 12:03:55 | DEBUG    |   Batch  250/335 | Loss: 0.5134
2026-06-24 12:04:00 | DEBUG    |   Batch  260/335 | Loss: 0.5163
2026-06-24 12:04:06 | DEBUG    |   Batch  270/335 | Loss: 0.6214
2026-06-24 12:04:12 | DEBUG    |   Batch  280/335 | Loss: 0.5659
2026-06-24 12:04:18 | DEBUG    |   Batch  290/335 | Loss: 0.5848
2026-06-24 12:04:24 | DEBUG    |   Batch  300/335 | Loss: 0.6106
2026-06-24 12:04:29 | DEBUG    |   Batch  310/335 | Loss: 0.5944
2026-06-24 12:04:35 | DEBUG    |   Batch  320/335 | Loss: 0.5786
2026-06-24 12:04:41 | DEBUG    |   Batch  330/335 | Loss: 0.5392
2026-06-24 12:13:36 | INFO     |   Train Loss: 0.5618 | Val Loss: 0.6503 | Mean DSC: 0.5214
2026-06-24 12:13:36 | INFO     |   DSC   NCR/ED/NET/ET : 0.4467 / 0.8834 / 0.0054 / 0.7502
2026-06-24 12:13:36 | INFO     |   HD95  NCR/ED/NET/ET : 9.01 / 7.56 / 95.24 / 11.18  mm
2026-06-24 12:13:36 | INFO     |   Sens  NCR/ED/NET/ET : 0.3568 / 0.8700 / 0.4631 / 0.7190
2026-06-24 12:13:36 | INFO     |   Prec  NCR/ED/NET/ET : 0.5970 / 0.8973 / 0.0027 / 0.7842
2026-06-24 12:13:36 | INFO     |   Time: 727.9s | Elapsed: 15.14h | ETA: 37h 9m | LR: 6.74e-05
2026-06-24 12:13:36 | INFO     | -----------------------------------------------------------------
2026-06-24 12:13:36 | INFO     | Epoch 117/300
2026-06-24 12:13:37 | DEBUG    |   Batch    0/335 | Loss: 0.5800
2026-06-24 12:13:43 | DEBUG    |   Batch   10/335 | Loss: 0.5242
2026-06-24 12:13:49 | DEBUG    |   Batch   20/335 | Loss: 0.5253
2026-06-24 12:13:54 | DEBUG    |   Batch   30/335 | Loss: 0.5467
2026-06-24 12:14:00 | DEBUG    |   Batch   40/335 | Loss: 0.4730
2026-06-24 12:14:06 | DEBUG    |   Batch   50/335 | Loss: 0.5493
2026-06-24 12:14:12 | DEBUG    |   Batch   60/335 | Loss: 0.5980
2026-06-24 12:14:17 | DEBUG    |   Batch   70/335 | Loss: 0.5699
2026-06-24 12:14:23 | DEBUG    |   Batch   80/335 | Loss: 0.6824
2026-06-24 12:14:29 | DEBUG    |   Batch   90/335 | Loss: 0.5339
2026-06-24 12:14:35 | DEBUG    |   Batch  100/335 | Loss: 0.5145
2026-06-24 12:14:41 | DEBUG    |   Batch  110/335 | Loss: 0.6660
2026-06-24 12:14:46 | DEBUG    |   Batch  120/335 | Loss: 0.5347
2026-06-24 12:14:52 | DEBUG    |   Batch  130/335 | Loss: 0.5794
2026-06-24 12:14:58 | DEBUG    |   Batch  140/335 | Loss: 0.5520
2026-06-24 12:15:04 | DEBUG    |   Batch  150/335 | Loss: 0.5597
2026-06-24 12:15:09 | DEBUG    |   Batch  160/335 | Loss: 0.5948
2026-06-24 12:15:15 | DEBUG    |   Batch  170/335 | Loss: 0.5789
2026-06-24 12:15:21 | DEBUG    |   Batch  180/335 | Loss: 0.5497
2026-06-24 12:15:27 | DEBUG    |   Batch  190/335 | Loss: 0.5235
2026-06-24 12:15:33 | DEBUG    |   Batch  200/335 | Loss: 0.6348
2026-06-24 12:15:38 | DEBUG    |   Batch  210/335 | Loss: 0.5788
2026-06-24 12:15:44 | DEBUG    |   Batch  220/335 | Loss: 0.5657
2026-06-24 12:15:50 | DEBUG    |   Batch  230/335 | Loss: 0.4994
2026-06-24 12:15:56 | DEBUG    |   Batch  240/335 | Loss: 0.5920
2026-06-24 12:16:02 | DEBUG    |   Batch  250/335 | Loss: 0.5066
2026-06-24 12:16:07 | DEBUG    |   Batch  260/335 | Loss: 0.5609
2026-06-24 12:16:13 | DEBUG    |   Batch  270/335 | Loss: 0.5633
2026-06-24 12:16:19 | DEBUG    |   Batch  280/335 | Loss: 0.5783
2026-06-24 12:16:25 | DEBUG    |   Batch  290/335 | Loss: 0.5522
2026-06-24 12:16:30 | DEBUG    |   Batch  300/335 | Loss: 0.4946
2026-06-24 12:16:36 | DEBUG    |   Batch  310/335 | Loss: 0.5660
2026-06-24 12:16:42 | DEBUG    |   Batch  320/335 | Loss: 0.5564
2026-06-24 12:16:48 | DEBUG    |   Batch  330/335 | Loss: 0.5647
2026-06-24 12:25:42 | INFO     |   Train Loss: 0.5616 | Val Loss: 0.6454 | Mean DSC: 0.5199
2026-06-24 12:25:42 | INFO     |   DSC   NCR/ED/NET/ET : 0.4011 / 0.8938 / 0.0052 / 0.7793
2026-06-24 12:25:42 | INFO     |   HD95  NCR/ED/NET/ET : 7.95 / 8.45 / 95.24 / 9.64  mm
2026-06-24 12:25:42 | INFO     |   Sens  NCR/ED/NET/ET : 0.2969 / 0.8998 / 0.4385 / 0.7906
2026-06-24 12:25:42 | INFO     |   Prec  NCR/ED/NET/ET : 0.6181 / 0.8878 / 0.0026 / 0.7684
2026-06-24 12:25:42 | INFO     |   Time: 725.2s | Elapsed: 15.35h | ETA: 36h 57m | LR: 6.69e-05
2026-06-24 12:25:42 | INFO     | -----------------------------------------------------------------
2026-06-24 12:25:42 | INFO     | Epoch 118/300
2026-06-24 12:25:42 | DEBUG    |   Batch    0/335 | Loss: 0.5781
2026-06-24 12:25:48 | DEBUG    |   Batch   10/335 | Loss: 0.5298
2026-06-24 12:25:54 | DEBUG    |   Batch   20/335 | Loss: 0.5369
2026-06-24 12:25:59 | DEBUG    |   Batch   30/335 | Loss: 0.6280
2026-06-24 12:26:05 | DEBUG    |   Batch   40/335 | Loss: 0.5350
2026-06-24 12:26:11 | DEBUG    |   Batch   50/335 | Loss: 0.6190
2026-06-24 12:26:17 | DEBUG    |   Batch   60/335 | Loss: 0.6109
2026-06-24 12:26:23 | DEBUG    |   Batch   70/335 | Loss: 0.5689
2026-06-24 12:26:28 | DEBUG    |   Batch   80/335 | Loss: 0.5313
2026-06-24 12:26:34 | DEBUG    |   Batch   90/335 | Loss: 0.5595
2026-06-24 12:26:40 | DEBUG    |   Batch  100/335 | Loss: 0.5874
2026-06-24 12:26:46 | DEBUG    |   Batch  110/335 | Loss: 0.5437
2026-06-24 12:26:52 | DEBUG    |   Batch  120/335 | Loss: 0.4996
2026-06-24 12:26:57 | DEBUG    |   Batch  130/335 | Loss: 0.6408
2026-06-24 12:27:03 | DEBUG    |   Batch  140/335 | Loss: 0.5574
2026-06-24 12:27:09 | DEBUG    |   Batch  150/335 | Loss: 0.5133
2026-06-24 12:27:15 | DEBUG    |   Batch  160/335 | Loss: 0.6241
2026-06-24 12:27:20 | DEBUG    |   Batch  170/335 | Loss: 0.5726
2026-06-24 12:27:26 | DEBUG    |   Batch  180/335 | Loss: 0.5654
2026-06-24 12:27:32 | DEBUG    |   Batch  190/335 | Loss: 0.5670
2026-06-24 12:27:38 | DEBUG    |   Batch  200/335 | Loss: 0.5309
2026-06-24 12:27:44 | DEBUG    |   Batch  210/335 | Loss: 0.5372
2026-06-24 12:27:49 | DEBUG    |   Batch  220/335 | Loss: 0.5742
2026-06-24 12:27:55 | DEBUG    |   Batch  230/335 | Loss: 0.5345
2026-06-24 12:28:01 | DEBUG    |   Batch  240/335 | Loss: 0.5578
2026-06-24 12:28:07 | DEBUG    |   Batch  250/335 | Loss: 0.5700
2026-06-24 12:28:13 | DEBUG    |   Batch  260/335 | Loss: 0.5511
2026-06-24 12:28:18 | DEBUG    |   Batch  270/335 | Loss: 0.6334
2026-06-24 12:28:24 | DEBUG    |   Batch  280/335 | Loss: 0.5415
2026-06-24 12:28:30 | DEBUG    |   Batch  290/335 | Loss: 0.5286
2026-06-24 12:28:36 | DEBUG    |   Batch  300/335 | Loss: 0.5584
2026-06-24 12:28:42 | DEBUG    |   Batch  310/335 | Loss: 0.6844
2026-06-24 12:28:47 | DEBUG    |   Batch  320/335 | Loss: 0.5716
2026-06-24 12:28:53 | DEBUG    |   Batch  330/335 | Loss: 0.5861
2026-06-24 12:37:49 | INFO     |   Train Loss: 0.5598 | Val Loss: 0.6412 | Mean DSC: 0.5246
2026-06-24 12:37:49 | INFO     |   DSC   NCR/ED/NET/ET : 0.4221 / 0.8951 / 0.0052 / 0.7759
2026-06-24 12:37:49 | INFO     |   HD95  NCR/ED/NET/ET : 8.16 / 6.99 / 95.24 / 10.83  mm
2026-06-24 12:37:49 | INFO     |   Sens  NCR/ED/NET/ET : 0.3291 / 0.8905 / 0.4434 / 0.7887
2026-06-24 12:37:49 | INFO     |   Prec  NCR/ED/NET/ET : 0.5884 / 0.8997 / 0.0026 / 0.7635
2026-06-24 12:37:49 | INFO     |   Time: 727.2s | Elapsed: 15.55h | ETA: 36h 44m | LR: 6.64e-05
2026-06-24 12:37:49 | INFO     | -----------------------------------------------------------------
2026-06-24 12:37:49 | INFO     | Epoch 119/300
2026-06-24 12:37:49 | DEBUG    |   Batch    0/335 | Loss: 0.4751
2026-06-24 12:37:55 | DEBUG    |   Batch   10/335 | Loss: 0.5826
2026-06-24 12:38:01 | DEBUG    |   Batch   20/335 | Loss: 0.5434
2026-06-24 12:38:07 | DEBUG    |   Batch   30/335 | Loss: 0.5486
2026-06-24 12:38:13 | DEBUG    |   Batch   40/335 | Loss: 0.6032
2026-06-24 12:38:18 | DEBUG    |   Batch   50/335 | Loss: 0.5404
2026-06-24 12:38:24 | DEBUG    |   Batch   60/335 | Loss: 0.5272
2026-06-24 12:38:30 | DEBUG    |   Batch   70/335 | Loss: 0.5790
2026-06-24 12:38:36 | DEBUG    |   Batch   80/335 | Loss: 0.5579
2026-06-24 12:38:42 | DEBUG    |   Batch   90/335 | Loss: 0.5565
2026-06-24 12:38:47 | DEBUG    |   Batch  100/335 | Loss: 0.6411
2026-06-24 12:38:53 | DEBUG    |   Batch  110/335 | Loss: 0.5179
2026-06-24 12:38:59 | DEBUG    |   Batch  120/335 | Loss: 0.5916
2026-06-24 12:39:05 | DEBUG    |   Batch  130/335 | Loss: 0.5505
2026-06-24 12:39:11 | DEBUG    |   Batch  140/335 | Loss: 0.5454
2026-06-24 12:39:16 | DEBUG    |   Batch  150/335 | Loss: 0.5761
2026-06-24 12:39:22 | DEBUG    |   Batch  160/335 | Loss: 0.6601
2026-06-24 12:39:28 | DEBUG    |   Batch  170/335 | Loss: 0.5032
2026-06-24 12:39:34 | DEBUG    |   Batch  180/335 | Loss: 0.6003
2026-06-24 12:39:40 | DEBUG    |   Batch  190/335 | Loss: 0.5756
2026-06-24 12:39:45 | DEBUG    |   Batch  200/335 | Loss: 0.5932
2026-06-24 12:39:51 | DEBUG    |   Batch  210/335 | Loss: 0.5449
2026-06-24 12:39:57 | DEBUG    |   Batch  220/335 | Loss: 0.5165
2026-06-24 12:40:03 | DEBUG    |   Batch  230/335 | Loss: 0.5743
2026-06-24 12:40:09 | DEBUG    |   Batch  240/335 | Loss: 0.5667
2026-06-24 12:40:14 | DEBUG    |   Batch  250/335 | Loss: 0.4782
2026-06-24 12:40:20 | DEBUG    |   Batch  260/335 | Loss: 0.5226
2026-06-24 12:40:26 | DEBUG    |   Batch  270/335 | Loss: 0.5825
2026-06-24 12:40:32 | DEBUG    |   Batch  280/335 | Loss: 0.5392
2026-06-24 12:40:38 | DEBUG    |   Batch  290/335 | Loss: 0.5366
2026-06-24 12:40:44 | DEBUG    |   Batch  300/335 | Loss: 0.6310
2026-06-24 12:40:49 | DEBUG    |   Batch  310/335 | Loss: 0.5728
2026-06-24 12:40:55 | DEBUG    |   Batch  320/335 | Loss: 0.5212
2026-06-24 12:41:01 | DEBUG    |   Batch  330/335 | Loss: 0.5093
2026-06-24 12:49:56 | INFO     |   Train Loss: 0.5605 | Val Loss: 0.6454 | Mean DSC: 0.5330
2026-06-24 12:49:56 | INFO     |   DSC   NCR/ED/NET/ET : 0.4575 / 0.8935 / 0.0053 / 0.7756
2026-06-24 12:49:56 | INFO     |   HD95  NCR/ED/NET/ET : 7.69 / 8.68 / 95.24 / 9.37  mm
2026-06-24 12:49:56 | INFO     |   Sens  NCR/ED/NET/ET : 0.3845 / 0.9011 / 0.4541 / 0.7331
2026-06-24 12:49:56 | INFO     |   Prec  NCR/ED/NET/ET : 0.5646 / 0.8861 / 0.0027 / 0.8233
2026-06-24 12:49:56 | INFO     |   Time: 727.3s | Elapsed: 15.75h | ETA: 36h 32m | LR: 6.59e-05
2026-06-24 12:49:56 | INFO     | -----------------------------------------------------------------
2026-06-24 12:49:56 | INFO     | Epoch 120/300
2026-06-24 12:49:57 | DEBUG    |   Batch    0/335 | Loss: 0.6023
2026-06-24 12:50:02 | DEBUG    |   Batch   10/335 | Loss: 0.4911
2026-06-24 12:50:08 | DEBUG    |   Batch   20/335 | Loss: 0.6397
2026-06-24 12:50:14 | DEBUG    |   Batch   30/335 | Loss: 0.4758
2026-06-24 12:50:20 | DEBUG    |   Batch   40/335 | Loss: 0.5245
2026-06-24 12:50:25 | DEBUG    |   Batch   50/335 | Loss: 0.5278
2026-06-24 12:50:31 | DEBUG    |   Batch   60/335 | Loss: 0.6195
2026-06-24 12:50:37 | DEBUG    |   Batch   70/335 | Loss: 0.5441
2026-06-24 12:50:43 | DEBUG    |   Batch   80/335 | Loss: 0.5256
2026-06-24 12:50:49 | DEBUG    |   Batch   90/335 | Loss: 0.5774
2026-06-24 12:50:55 | DEBUG    |   Batch  100/335 | Loss: 0.5265
2026-06-24 12:51:00 | DEBUG    |   Batch  110/335 | Loss: 0.5749
2026-06-24 12:51:06 | DEBUG    |   Batch  120/335 | Loss: 0.5269
2026-06-24 12:51:12 | DEBUG    |   Batch  130/335 | Loss: 0.5572
2026-06-24 12:51:18 | DEBUG    |   Batch  140/335 | Loss: 0.4840
2026-06-24 12:51:23 | DEBUG    |   Batch  150/335 | Loss: 0.5919
2026-06-24 12:51:29 | DEBUG    |   Batch  160/335 | Loss: 0.5669
2026-06-24 12:51:35 | DEBUG    |   Batch  170/335 | Loss: 0.6375
2026-06-24 12:51:41 | DEBUG    |   Batch  180/335 | Loss: 0.4897
2026-06-24 12:51:47 | DEBUG    |   Batch  190/335 | Loss: 0.6896
2026-06-24 12:51:53 | DEBUG    |   Batch  200/335 | Loss: 0.5483
2026-06-24 12:51:58 | DEBUG    |   Batch  210/335 | Loss: 0.5812
2026-06-24 12:52:04 | DEBUG    |   Batch  220/335 | Loss: 0.5510
2026-06-24 12:52:10 | DEBUG    |   Batch  230/335 | Loss: 0.4616
2026-06-24 12:52:16 | DEBUG    |   Batch  240/335 | Loss: 0.5430
2026-06-24 12:52:22 | DEBUG    |   Batch  250/335 | Loss: 0.5631
2026-06-24 12:52:27 | DEBUG    |   Batch  260/335 | Loss: 0.6014
2026-06-24 12:52:33 | DEBUG    |   Batch  270/335 | Loss: 0.5138
2026-06-24 12:52:39 | DEBUG    |   Batch  280/335 | Loss: 0.5555
2026-06-24 12:52:45 | DEBUG    |   Batch  290/335 | Loss: 0.5798
2026-06-24 12:52:51 | DEBUG    |   Batch  300/335 | Loss: 0.5530
2026-06-24 12:52:56 | DEBUG    |   Batch  310/335 | Loss: 0.5760
2026-06-24 12:53:02 | DEBUG    |   Batch  320/335 | Loss: 0.5919
2026-06-24 12:53:08 | DEBUG    |   Batch  330/335 | Loss: 0.5070
2026-06-24 13:02:02 | INFO     |   Train Loss: 0.5597 | Val Loss: 0.6442 | Mean DSC: 0.5246
2026-06-24 13:02:02 | INFO     |   DSC   NCR/ED/NET/ET : 0.4265 / 0.8893 / 0.0053 / 0.7774
2026-06-24 13:02:02 | INFO     |   HD95  NCR/ED/NET/ET : 8.31 / 8.16 / 95.24 / 10.28  mm
2026-06-24 13:02:02 | INFO     |   Sens  NCR/ED/NET/ET : 0.3285 / 0.8949 / 0.4479 / 0.7879
2026-06-24 13:02:02 | INFO     |   Prec  NCR/ED/NET/ET : 0.6076 / 0.8839 / 0.0026 / 0.7672
2026-06-24 13:02:02 | INFO     |   Time: 726.3s | Elapsed: 15.95h | ETA: 36h 20m | LR: 6.55e-05
2026-06-24 13:02:02 | INFO     |   Checkpoint saved → checkpoint_epoch120.pth
2026-06-24 13:02:02 | INFO     | -----------------------------------------------------------------
2026-06-24 13:02:02 | INFO     | Epoch 121/300
2026-06-24 13:02:03 | DEBUG    |   Batch    0/335 | Loss: 0.5129
2026-06-24 13:02:09 | DEBUG    |   Batch   10/335 | Loss: 0.6005
2026-06-24 13:02:15 | DEBUG    |   Batch   20/335 | Loss: 0.5469
2026-06-24 13:02:20 | DEBUG    |   Batch   30/335 | Loss: 0.5498
2026-06-24 13:02:26 | DEBUG    |   Batch   40/335 | Loss: 0.5550
2026-06-24 13:02:32 | DEBUG    |   Batch   50/335 | Loss: 0.4748
2026-06-24 13:02:38 | DEBUG    |   Batch   60/335 | Loss: 0.5107
2026-06-24 13:02:44 | DEBUG    |   Batch   70/335 | Loss: 0.5473
2026-06-24 13:02:49 | DEBUG    |   Batch   80/335 | Loss: 0.5494
2026-06-24 13:02:55 | DEBUG    |   Batch   90/335 | Loss: 0.4693
2026-06-24 13:03:01 | DEBUG    |   Batch  100/335 | Loss: 0.6083
2026-06-24 13:03:07 | DEBUG    |   Batch  110/335 | Loss: 0.6216
2026-06-24 13:03:12 | DEBUG    |   Batch  120/335 | Loss: 0.6158
2026-06-24 13:03:18 | DEBUG    |   Batch  130/335 | Loss: 0.5728
2026-06-24 13:03:24 | DEBUG    |   Batch  140/335 | Loss: 0.5382
2026-06-24 13:03:30 | DEBUG    |   Batch  150/335 | Loss: 0.5615
2026-06-24 13:03:35 | DEBUG    |   Batch  160/335 | Loss: 0.4899
2026-06-24 13:03:41 | DEBUG    |   Batch  170/335 | Loss: 0.5263
2026-06-24 13:03:47 | DEBUG    |   Batch  180/335 | Loss: 0.5172
2026-06-24 13:03:53 | DEBUG    |   Batch  190/335 | Loss: 0.5267
2026-06-24 13:03:59 | DEBUG    |   Batch  200/335 | Loss: 0.5975
2026-06-24 13:04:04 | DEBUG    |   Batch  210/335 | Loss: 0.5532
2026-06-24 13:04:10 | DEBUG    |   Batch  220/335 | Loss: 0.6083
2026-06-24 13:04:16 | DEBUG    |   Batch  230/335 | Loss: 0.5020
2026-06-24 13:04:22 | DEBUG    |   Batch  240/335 | Loss: 0.5214
2026-06-24 13:04:27 | DEBUG    |   Batch  250/335 | Loss: 0.5422
2026-06-24 13:04:33 | DEBUG    |   Batch  260/335 | Loss: 0.5556
2026-06-24 13:04:39 | DEBUG    |   Batch  270/335 | Loss: 0.5368
2026-06-24 13:04:45 | DEBUG    |   Batch  280/335 | Loss: 0.5633
2026-06-24 13:04:51 | DEBUG    |   Batch  290/335 | Loss: 0.5121
2026-06-24 13:04:56 | DEBUG    |   Batch  300/335 | Loss: 0.4674
2026-06-24 13:05:02 | DEBUG    |   Batch  310/335 | Loss: 0.4931
2026-06-24 13:05:08 | DEBUG    |   Batch  320/335 | Loss: 0.5147
2026-06-24 13:05:14 | DEBUG    |   Batch  330/335 | Loss: 0.5687
2026-06-24 13:14:09 | INFO     |   Train Loss: 0.5608 | Val Loss: 0.6524 | Mean DSC: 0.5219
2026-06-24 13:14:09 | INFO     |   DSC   NCR/ED/NET/ET : 0.4322 / 0.8918 / 0.0053 / 0.7582
2026-06-24 13:14:09 | INFO     |   HD95  NCR/ED/NET/ET : 7.78 / 8.35 / 95.24 / 11.07  mm
2026-06-24 13:14:09 | INFO     |   Sens  NCR/ED/NET/ET : 0.3415 / 0.8933 / 0.4489 / 0.7163
2026-06-24 13:14:09 | INFO     |   Prec  NCR/ED/NET/ET : 0.5884 / 0.8904 / 0.0027 / 0.8054
2026-06-24 13:14:09 | INFO     |   Time: 727.0s | Elapsed: 16.15h | ETA: 36h 8m | LR: 6.50e-05
2026-06-24 13:14:09 | INFO     | -----------------------------------------------------------------
2026-06-24 13:14:09 | INFO     | Epoch 122/300
2026-06-24 13:14:10 | DEBUG    |   Batch    0/335 | Loss: 0.5778
2026-06-24 13:14:16 | DEBUG    |   Batch   10/335 | Loss: 0.5929
2026-06-24 13:14:22 | DEBUG    |   Batch   20/335 | Loss: 0.6115
2026-06-24 13:14:27 | DEBUG    |   Batch   30/335 | Loss: 0.5302
2026-06-24 13:14:33 | DEBUG    |   Batch   40/335 | Loss: 0.5856
2026-06-24 13:14:39 | DEBUG    |   Batch   50/335 | Loss: 0.5972
2026-06-24 13:14:45 | DEBUG    |   Batch   60/335 | Loss: 0.5524
2026-06-24 13:14:51 | DEBUG    |   Batch   70/335 | Loss: 0.5349
2026-06-24 13:14:56 | DEBUG    |   Batch   80/335 | Loss: 0.6266
2026-06-24 13:15:02 | DEBUG    |   Batch   90/335 | Loss: 0.5351
2026-06-24 13:15:08 | DEBUG    |   Batch  100/335 | Loss: 0.5024
2026-06-24 13:15:14 | DEBUG    |   Batch  110/335 | Loss: 0.6247
2026-06-24 13:15:20 | DEBUG    |   Batch  120/335 | Loss: 0.5803
2026-06-24 13:15:25 | DEBUG    |   Batch  130/335 | Loss: 0.5117
2026-06-24 13:15:31 | DEBUG    |   Batch  140/335 | Loss: 0.6246
2026-06-24 13:15:37 | DEBUG    |   Batch  150/335 | Loss: 0.5219
2026-06-24 13:15:43 | DEBUG    |   Batch  160/335 | Loss: 0.6426
2026-06-24 13:15:49 | DEBUG    |   Batch  170/335 | Loss: 0.5107
2026-06-24 13:15:54 | DEBUG    |   Batch  180/335 | Loss: 0.5668
2026-06-24 13:16:00 | DEBUG    |   Batch  190/335 | Loss: 0.5542
2026-06-24 13:16:06 | DEBUG    |   Batch  200/335 | Loss: 0.5565
2026-06-24 13:16:12 | DEBUG    |   Batch  210/335 | Loss: 0.5466
2026-06-24 13:16:18 | DEBUG    |   Batch  220/335 | Loss: 0.5504
2026-06-24 13:16:23 | DEBUG    |   Batch  230/335 | Loss: 0.5630
2026-06-24 13:16:29 | DEBUG    |   Batch  240/335 | Loss: 0.4761
2026-06-24 13:16:35 | DEBUG    |   Batch  250/335 | Loss: 0.5135
2026-06-24 13:16:41 | DEBUG    |   Batch  260/335 | Loss: 0.5470
2026-06-24 13:16:47 | DEBUG    |   Batch  270/335 | Loss: 0.4684
2026-06-24 13:16:52 | DEBUG    |   Batch  280/335 | Loss: 0.4526
2026-06-24 13:16:58 | DEBUG    |   Batch  290/335 | Loss: 0.5480
2026-06-24 13:17:04 | DEBUG    |   Batch  300/335 | Loss: 0.4858
2026-06-24 13:17:10 | DEBUG    |   Batch  310/335 | Loss: 0.5332
2026-06-24 13:17:16 | DEBUG    |   Batch  320/335 | Loss: 0.5491
2026-06-24 13:17:22 | DEBUG    |   Batch  330/335 | Loss: 0.5463
2026-06-24 13:26:20 | INFO     |   Train Loss: 0.5594 | Val Loss: 0.6423 | Mean DSC: 0.5295
2026-06-24 13:26:20 | INFO     |   DSC   NCR/ED/NET/ET : 0.4313 / 0.8973 / 0.0052 / 0.7841
2026-06-24 13:26:20 | INFO     |   HD95  NCR/ED/NET/ET : 7.72 / 6.80 / 95.24 / 9.98  mm
2026-06-24 13:26:20 | INFO     |   Sens  NCR/ED/NET/ET : 0.3320 / 0.9070 / 0.4401 / 0.7666
2026-06-24 13:26:20 | INFO     |   Prec  NCR/ED/NET/ET : 0.6153 / 0.8878 / 0.0026 / 0.8025
2026-06-24 13:26:20 | INFO     |   Time: 730.4s | Elapsed: 16.36h | ETA: 35h 56m | LR: 6.45e-05
2026-06-24 13:26:20 | INFO     | -----------------------------------------------------------------
2026-06-24 13:26:20 | INFO     | Epoch 123/300
2026-06-24 13:26:20 | DEBUG    |   Batch    0/335 | Loss: 0.5566
2026-06-24 13:26:26 | DEBUG    |   Batch   10/335 | Loss: 0.5442
2026-06-24 13:26:32 | DEBUG    |   Batch   20/335 | Loss: 0.5184
2026-06-24 13:26:38 | DEBUG    |   Batch   30/335 | Loss: 0.5971
2026-06-24 13:26:44 | DEBUG    |   Batch   40/335 | Loss: 0.5164
2026-06-24 13:26:50 | DEBUG    |   Batch   50/335 | Loss: 0.5267
2026-06-24 13:26:56 | DEBUG    |   Batch   60/335 | Loss: 0.5543
2026-06-24 13:27:02 | DEBUG    |   Batch   70/335 | Loss: 0.6138
2026-06-24 13:27:08 | DEBUG    |   Batch   80/335 | Loss: 0.5523
2026-06-24 13:27:14 | DEBUG    |   Batch   90/335 | Loss: 0.5474
2026-06-24 13:27:20 | DEBUG    |   Batch  100/335 | Loss: 0.6038
2026-06-24 13:27:26 | DEBUG    |   Batch  110/335 | Loss: 0.6080
2026-06-24 13:27:32 | DEBUG    |   Batch  120/335 | Loss: 0.5285
2026-06-24 13:27:38 | DEBUG    |   Batch  130/335 | Loss: 0.5047
2026-06-24 13:27:44 | DEBUG    |   Batch  140/335 | Loss: 0.6336
2026-06-24 13:27:50 | DEBUG    |   Batch  150/335 | Loss: 0.5348
2026-06-24 13:27:56 | DEBUG    |   Batch  160/335 | Loss: 0.5579
2026-06-24 13:28:02 | DEBUG    |   Batch  170/335 | Loss: 0.5566
2026-06-24 13:28:07 | DEBUG    |   Batch  180/335 | Loss: 0.5767
2026-06-24 13:28:13 | DEBUG    |   Batch  190/335 | Loss: 0.6062
2026-06-24 13:28:19 | DEBUG    |   Batch  200/335 | Loss: 0.5618
2026-06-24 13:28:25 | DEBUG    |   Batch  210/335 | Loss: 0.5058
2026-06-24 13:28:31 | DEBUG    |   Batch  220/335 | Loss: 0.5355
2026-06-24 13:28:37 | DEBUG    |   Batch  230/335 | Loss: 0.6098
2026-06-24 13:28:43 | DEBUG    |   Batch  240/335 | Loss: 0.5540
2026-06-24 13:28:49 | DEBUG    |   Batch  250/335 | Loss: 0.5432
2026-06-24 13:28:55 | DEBUG    |   Batch  260/335 | Loss: 0.5577
2026-06-24 13:29:01 | DEBUG    |   Batch  270/335 | Loss: 0.4835
2026-06-24 13:29:07 | DEBUG    |   Batch  280/335 | Loss: 0.5778
2026-06-24 13:29:13 | DEBUG    |   Batch  290/335 | Loss: 0.7389
2026-06-24 13:29:19 | DEBUG    |   Batch  300/335 | Loss: 0.5723
2026-06-24 13:29:25 | DEBUG    |   Batch  310/335 | Loss: 0.5585
2026-06-24 13:29:31 | DEBUG    |   Batch  320/335 | Loss: 0.4961
2026-06-24 13:29:37 | DEBUG    |   Batch  330/335 | Loss: 0.6315
2026-06-24 13:38:34 | INFO     |   Train Loss: 0.5593 | Val Loss: 0.6414 | Mean DSC: 0.5322
2026-06-24 13:38:34 | INFO     |   DSC   NCR/ED/NET/ET : 0.4435 / 0.8977 / 0.0053 / 0.7821
2026-06-24 13:38:34 | INFO     |   HD95  NCR/ED/NET/ET : 7.61 / 6.49 / 95.24 / 9.64  mm
2026-06-24 13:38:34 | INFO     |   Sens  NCR/ED/NET/ET : 0.3463 / 0.8957 / 0.4506 / 0.7631
2026-06-24 13:38:34 | INFO     |   Prec  NCR/ED/NET/ET : 0.6166 / 0.8997 / 0.0027 / 0.8021
2026-06-24 13:38:34 | INFO     |   Time: 733.9s | Elapsed: 16.56h | ETA: 35h 44m | LR: 6.39e-05
2026-06-24 13:38:34 | INFO     | -----------------------------------------------------------------
2026-06-24 13:38:34 | INFO     | Epoch 124/300
2026-06-24 13:38:34 | DEBUG    |   Batch    0/335 | Loss: 0.5372
2026-06-24 13:38:40 | DEBUG    |   Batch   10/335 | Loss: 0.5415
2026-06-24 13:38:46 | DEBUG    |   Batch   20/335 | Loss: 0.5329
2026-06-24 13:38:51 | DEBUG    |   Batch   30/335 | Loss: 0.4884
2026-06-24 13:38:57 | DEBUG    |   Batch   40/335 | Loss: 0.5181
2026-06-24 13:39:03 | DEBUG    |   Batch   50/335 | Loss: 0.5966
2026-06-24 13:39:08 | DEBUG    |   Batch   60/335 | Loss: 0.5717
2026-06-24 13:39:14 | DEBUG    |   Batch   70/335 | Loss: 0.6841
2026-06-24 13:39:20 | DEBUG    |   Batch   80/335 | Loss: 0.6203
2026-06-24 13:39:26 | DEBUG    |   Batch   90/335 | Loss: 0.5267
2026-06-24 13:39:31 | DEBUG    |   Batch  100/335 | Loss: 0.4763
2026-06-24 13:39:37 | DEBUG    |   Batch  110/335 | Loss: 0.4395
2026-06-24 13:39:43 | DEBUG    |   Batch  120/335 | Loss: 0.4978
2026-06-24 13:39:49 | DEBUG    |   Batch  130/335 | Loss: 0.5051
2026-06-24 13:39:54 | DEBUG    |   Batch  140/335 | Loss: 0.4752
2026-06-24 13:40:00 | DEBUG    |   Batch  150/335 | Loss: 0.4829
2026-06-24 13:40:06 | DEBUG    |   Batch  160/335 | Loss: 0.5902
2026-06-24 13:40:11 | DEBUG    |   Batch  170/335 | Loss: 0.5929
2026-06-24 13:40:17 | DEBUG    |   Batch  180/335 | Loss: 0.5198
2026-06-24 13:40:23 | DEBUG    |   Batch  190/335 | Loss: 0.6244
2026-06-24 13:40:29 | DEBUG    |   Batch  200/335 | Loss: 0.5488
2026-06-24 13:40:34 | DEBUG    |   Batch  210/335 | Loss: 0.4913
2026-06-24 13:40:40 | DEBUG    |   Batch  220/335 | Loss: 0.5589
2026-06-24 13:40:46 | DEBUG    |   Batch  230/335 | Loss: 0.5364
2026-06-24 13:40:52 | DEBUG    |   Batch  240/335 | Loss: 0.5171
2026-06-24 13:40:57 | DEBUG    |   Batch  250/335 | Loss: 0.5500
2026-06-24 13:41:03 | DEBUG    |   Batch  260/335 | Loss: 0.5447
2026-06-24 13:41:09 | DEBUG    |   Batch  270/335 | Loss: 0.5369
2026-06-24 13:41:15 | DEBUG    |   Batch  280/335 | Loss: 0.5639
2026-06-24 13:41:20 | DEBUG    |   Batch  290/335 | Loss: 0.5631
2026-06-24 13:41:26 | DEBUG    |   Batch  300/335 | Loss: 0.5596
2026-06-24 13:41:32 | DEBUG    |   Batch  310/335 | Loss: 0.5944
2026-06-24 13:41:37 | DEBUG    |   Batch  320/335 | Loss: 0.6030
2026-06-24 13:41:43 | DEBUG    |   Batch  330/335 | Loss: 0.6018
2026-06-24 13:50:39 | INFO     |   Train Loss: 0.5570 | Val Loss: 0.6420 | Mean DSC: 0.5270
2026-06-24 13:50:39 | INFO     |   DSC   NCR/ED/NET/ET : 0.4339 / 0.8946 / 0.0052 / 0.7742
2026-06-24 13:50:39 | INFO     |   HD95  NCR/ED/NET/ET : 7.65 / 6.53 / 95.24 / 9.66  mm
2026-06-24 13:50:39 | INFO     |   Sens  NCR/ED/NET/ET : 0.3349 / 0.8883 / 0.4442 / 0.7453
2026-06-24 13:50:39 | INFO     |   Prec  NCR/ED/NET/ET : 0.6160 / 0.9011 / 0.0026 / 0.8053
2026-06-24 13:50:39 | INFO     |   Time: 725.0s | Elapsed: 16.76h | ETA: 35h 32m | LR: 6.34e-05
2026-06-24 13:50:39 | INFO     | -----------------------------------------------------------------
2026-06-24 13:50:39 | INFO     | Epoch 125/300
2026-06-24 13:50:39 | DEBUG    |   Batch    0/335 | Loss: 0.5822
2026-06-24 13:50:45 | DEBUG    |   Batch   10/335 | Loss: 0.5051
2026-06-24 13:50:51 | DEBUG    |   Batch   20/335 | Loss: 0.6011
2026-06-24 13:50:56 | DEBUG    |   Batch   30/335 | Loss: 0.5533
2026-06-24 13:51:02 | DEBUG    |   Batch   40/335 | Loss: 0.5360
2026-06-24 13:51:08 | DEBUG    |   Batch   50/335 | Loss: 0.5643
2026-06-24 13:51:13 | DEBUG    |   Batch   60/335 | Loss: 0.5233
2026-06-24 13:51:19 | DEBUG    |   Batch   70/335 | Loss: 0.6212
2026-06-24 13:51:25 | DEBUG    |   Batch   80/335 | Loss: 0.5838
2026-06-24 13:51:31 | DEBUG    |   Batch   90/335 | Loss: 0.4976
2026-06-24 13:51:36 | DEBUG    |   Batch  100/335 | Loss: 0.5481
2026-06-24 13:51:42 | DEBUG    |   Batch  110/335 | Loss: 0.5378
2026-06-24 13:51:48 | DEBUG    |   Batch  120/335 | Loss: 0.5391
2026-06-24 13:51:54 | DEBUG    |   Batch  130/335 | Loss: 0.5350
2026-06-24 13:51:59 | DEBUG    |   Batch  140/335 | Loss: 0.6129
2026-06-24 13:52:05 | DEBUG    |   Batch  150/335 | Loss: 0.6165
2026-06-24 13:52:11 | DEBUG    |   Batch  160/335 | Loss: 0.5407
2026-06-24 13:52:17 | DEBUG    |   Batch  170/335 | Loss: 0.5094
2026-06-24 13:52:22 | DEBUG    |   Batch  180/335 | Loss: 0.5337
2026-06-24 13:52:28 | DEBUG    |   Batch  190/335 | Loss: 0.4664
2026-06-24 13:52:34 | DEBUG    |   Batch  200/335 | Loss: 0.6103
2026-06-24 13:52:39 | DEBUG    |   Batch  210/335 | Loss: 0.5421
2026-06-24 13:52:45 | DEBUG    |   Batch  220/335 | Loss: 0.5388
2026-06-24 13:52:51 | DEBUG    |   Batch  230/335 | Loss: 0.6043
2026-06-24 13:52:57 | DEBUG    |   Batch  240/335 | Loss: 0.4951
2026-06-24 13:53:02 | DEBUG    |   Batch  250/335 | Loss: 0.6149
2026-06-24 13:53:08 | DEBUG    |   Batch  260/335 | Loss: 0.5006
2026-06-24 13:53:14 | DEBUG    |   Batch  270/335 | Loss: 0.5593
2026-06-24 13:53:19 | DEBUG    |   Batch  280/335 | Loss: 0.5525
2026-06-24 13:53:25 | DEBUG    |   Batch  290/335 | Loss: 0.4765
2026-06-24 13:53:31 | DEBUG    |   Batch  300/335 | Loss: 0.4969
2026-06-24 13:53:37 | DEBUG    |   Batch  310/335 | Loss: 0.5962
2026-06-24 13:53:42 | DEBUG    |   Batch  320/335 | Loss: 0.5062
2026-06-24 13:53:48 | DEBUG    |   Batch  330/335 | Loss: 0.5453
2026-06-24 14:02:43 | INFO     |   Train Loss: 0.5572 | Val Loss: 0.6437 | Mean DSC: 0.5291
2026-06-24 14:02:43 | INFO     |   DSC   NCR/ED/NET/ET : 0.4358 / 0.8961 / 0.0052 / 0.7791
2026-06-24 14:02:43 | INFO     |   HD95  NCR/ED/NET/ET : 8.01 / 7.59 / 95.24 / 10.14  mm
2026-06-24 14:02:43 | INFO     |   Sens  NCR/ED/NET/ET : 0.3453 / 0.9048 / 0.4465 / 0.7584
2026-06-24 14:02:43 | INFO     |   Prec  NCR/ED/NET/ET : 0.5906 / 0.8877 / 0.0026 / 0.8010
2026-06-24 14:02:43 | INFO     |   Time: 724.0s | Elapsed: 16.96h | ETA: 35h 20m | LR: 6.29e-05
2026-06-24 14:02:43 | INFO     | -----------------------------------------------------------------
2026-06-24 14:02:43 | INFO     | Epoch 126/300
2026-06-24 14:02:43 | DEBUG    |   Batch    0/335 | Loss: 0.5572
2026-06-24 14:02:49 | DEBUG    |   Batch   10/335 | Loss: 0.5559
2026-06-24 14:02:55 | DEBUG    |   Batch   20/335 | Loss: 0.5254
2026-06-24 14:03:00 | DEBUG    |   Batch   30/335 | Loss: 0.5428
2026-06-24 14:03:06 | DEBUG    |   Batch   40/335 | Loss: 0.5914
2026-06-24 14:03:12 | DEBUG    |   Batch   50/335 | Loss: 0.5309
2026-06-24 14:03:17 | DEBUG    |   Batch   60/335 | Loss: 0.5549
2026-06-24 14:03:23 | DEBUG    |   Batch   70/335 | Loss: 0.5438
2026-06-24 14:03:29 | DEBUG    |   Batch   80/335 | Loss: 0.5438
2026-06-24 14:03:35 | DEBUG    |   Batch   90/335 | Loss: 0.5474
2026-06-24 14:03:40 | DEBUG    |   Batch  100/335 | Loss: 0.5812
2026-06-24 14:03:46 | DEBUG    |   Batch  110/335 | Loss: 0.5649
2026-06-24 14:03:52 | DEBUG    |   Batch  120/335 | Loss: 0.5250
2026-06-24 14:03:58 | DEBUG    |   Batch  130/335 | Loss: 0.5374
2026-06-24 14:04:03 | DEBUG    |   Batch  140/335 | Loss: 0.5453
2026-06-24 14:04:09 | DEBUG    |   Batch  150/335 | Loss: 0.5656
2026-06-24 14:04:15 | DEBUG    |   Batch  160/335 | Loss: 0.5058
2026-06-24 14:04:21 | DEBUG    |   Batch  170/335 | Loss: 0.5611
2026-06-24 14:04:26 | DEBUG    |   Batch  180/335 | Loss: 0.5761
2026-06-24 14:04:32 | DEBUG    |   Batch  190/335 | Loss: 0.4723
2026-06-24 14:04:38 | DEBUG    |   Batch  200/335 | Loss: 0.5580
2026-06-24 14:04:44 | DEBUG    |   Batch  210/335 | Loss: 0.6009
2026-06-24 14:04:49 | DEBUG    |   Batch  220/335 | Loss: 0.4802
2026-06-24 14:04:55 | DEBUG    |   Batch  230/335 | Loss: 0.5053
2026-06-24 14:05:01 | DEBUG    |   Batch  240/335 | Loss: 0.5033
2026-06-24 14:05:07 | DEBUG    |   Batch  250/335 | Loss: 0.6432
2026-06-24 14:05:12 | DEBUG    |   Batch  260/335 | Loss: 0.5668
2026-06-24 14:05:18 | DEBUG    |   Batch  270/335 | Loss: 0.5724
2026-06-24 14:05:24 | DEBUG    |   Batch  280/335 | Loss: 0.5768
2026-06-24 14:05:30 | DEBUG    |   Batch  290/335 | Loss: 0.5494
2026-06-24 14:05:36 | DEBUG    |   Batch  300/335 | Loss: 0.5348
2026-06-24 14:05:41 | DEBUG    |   Batch  310/335 | Loss: 0.6323
2026-06-24 14:05:47 | DEBUG    |   Batch  320/335 | Loss: 0.5197
2026-06-24 14:05:53 | DEBUG    |   Batch  330/335 | Loss: 0.5635
2026-06-24 14:14:49 | INFO     |   Train Loss: 0.5573 | Val Loss: 0.6438 | Mean DSC: 0.5291
2026-06-24 14:14:49 | INFO     |   DSC   NCR/ED/NET/ET : 0.4484 / 0.8878 / 0.0053 / 0.7747
2026-06-24 14:14:49 | INFO     |   HD95  NCR/ED/NET/ET : 8.07 / 6.89 / 95.23 / 10.19  mm
2026-06-24 14:14:49 | INFO     |   Sens  NCR/ED/NET/ET : 0.3381 / 0.8595 / 0.4526 / 0.7726
2026-06-24 14:14:49 | INFO     |   Prec  NCR/ED/NET/ET : 0.6657 / 0.9180 / 0.0027 / 0.7768
2026-06-24 14:14:49 | INFO     |   Time: 726.7s | Elapsed: 17.16h | ETA: 35h 8m | LR: 6.24e-05
2026-06-24 14:14:49 | INFO     | -----------------------------------------------------------------
2026-06-24 14:14:49 | INFO     | Epoch 127/300
2026-06-24 14:14:50 | DEBUG    |   Batch    0/335 | Loss: 0.5582
2026-06-24 14:14:56 | DEBUG    |   Batch   10/335 | Loss: 0.5438
2026-06-24 14:15:01 | DEBUG    |   Batch   20/335 | Loss: 0.5219
2026-06-24 14:15:07 | DEBUG    |   Batch   30/335 | Loss: 0.5059
2026-06-24 14:15:13 | DEBUG    |   Batch   40/335 | Loss: 0.5148
2026-06-24 14:15:19 | DEBUG    |   Batch   50/335 | Loss: 0.5283
2026-06-24 14:15:24 | DEBUG    |   Batch   60/335 | Loss: 0.4462
2026-06-24 14:15:30 | DEBUG    |   Batch   70/335 | Loss: 0.6205
2026-06-24 14:15:36 | DEBUG    |   Batch   80/335 | Loss: 0.5329
2026-06-24 14:15:42 | DEBUG    |   Batch   90/335 | Loss: 0.5848
2026-06-24 14:15:47 | DEBUG    |   Batch  100/335 | Loss: 0.4977
2026-06-24 14:15:53 | DEBUG    |   Batch  110/335 | Loss: 0.6020
2026-06-24 14:15:59 | DEBUG    |   Batch  120/335 | Loss: 0.6018
2026-06-24 14:16:05 | DEBUG    |   Batch  130/335 | Loss: 0.5961
2026-06-24 14:16:10 | DEBUG    |   Batch  140/335 | Loss: 0.5352
2026-06-24 14:16:16 | DEBUG    |   Batch  150/335 | Loss: 0.5434
2026-06-24 14:16:22 | DEBUG    |   Batch  160/335 | Loss: 0.5949
2026-06-24 14:16:28 | DEBUG    |   Batch  170/335 | Loss: 0.5139
2026-06-24 14:16:34 | DEBUG    |   Batch  180/335 | Loss: 0.4662
2026-06-24 14:16:39 | DEBUG    |   Batch  190/335 | Loss: 0.5700
2026-06-24 14:16:45 | DEBUG    |   Batch  200/335 | Loss: 0.5423
2026-06-24 14:16:51 | DEBUG    |   Batch  210/335 | Loss: 0.6534
2026-06-24 14:16:57 | DEBUG    |   Batch  220/335 | Loss: 0.5456
2026-06-24 14:17:02 | DEBUG    |   Batch  230/335 | Loss: 0.4847
2026-06-24 14:17:08 | DEBUG    |   Batch  240/335 | Loss: 0.5937
2026-06-24 14:17:14 | DEBUG    |   Batch  250/335 | Loss: 0.4979
2026-06-24 14:17:20 | DEBUG    |   Batch  260/335 | Loss: 0.5317
2026-06-24 14:17:26 | DEBUG    |   Batch  270/335 | Loss: 0.6025
2026-06-24 14:17:31 | DEBUG    |   Batch  280/335 | Loss: 0.5144
2026-06-24 14:17:37 | DEBUG    |   Batch  290/335 | Loss: 0.5941
2026-06-24 14:17:43 | DEBUG    |   Batch  300/335 | Loss: 0.5456
2026-06-24 14:17:48 | DEBUG    |   Batch  310/335 | Loss: 0.5907
2026-06-24 14:17:54 | DEBUG    |   Batch  320/335 | Loss: 0.5146
2026-06-24 14:18:00 | DEBUG    |   Batch  330/335 | Loss: 0.5657
2026-06-24 14:26:55 | INFO     |   Train Loss: 0.5571 | Val Loss: 0.6449 | Mean DSC: 0.5296
2026-06-24 14:26:55 | INFO     |   DSC   NCR/ED/NET/ET : 0.4314 / 0.8950 / 0.0053 / 0.7866
2026-06-24 14:26:55 | INFO     |   HD95  NCR/ED/NET/ET : 7.67 / 8.14 / 95.25 / 11.33  mm
2026-06-24 14:26:55 | INFO     |   Sens  NCR/ED/NET/ET : 0.3300 / 0.9148 / 0.4472 / 0.7738
2026-06-24 14:26:55 | INFO     |   Prec  NCR/ED/NET/ET : 0.6230 / 0.8761 / 0.0026 / 0.7999
2026-06-24 14:26:55 | INFO     |   Time: 725.6s | Elapsed: 17.37h | ETA: 34h 56m | LR: 6.19e-05
2026-06-24 14:26:55 | INFO     | -----------------------------------------------------------------
2026-06-24 14:26:55 | INFO     | Epoch 128/300
2026-06-24 14:26:55 | DEBUG    |   Batch    0/335 | Loss: 0.5618
2026-06-24 14:27:01 | DEBUG    |   Batch   10/335 | Loss: 0.5778
2026-06-24 14:27:07 | DEBUG    |   Batch   20/335 | Loss: 0.5343
2026-06-24 14:27:13 | DEBUG    |   Batch   30/335 | Loss: 0.4781
2026-06-24 14:27:18 | DEBUG    |   Batch   40/335 | Loss: 0.5887
2026-06-24 14:27:24 | DEBUG    |   Batch   50/335 | Loss: 0.5775
2026-06-24 14:27:30 | DEBUG    |   Batch   60/335 | Loss: 0.5403
2026-06-24 14:27:36 | DEBUG    |   Batch   70/335 | Loss: 0.5290
2026-06-24 14:27:41 | DEBUG    |   Batch   80/335 | Loss: 0.4890
2026-06-24 14:27:47 | DEBUG    |   Batch   90/335 | Loss: 0.5574
2026-06-24 14:27:53 | DEBUG    |   Batch  100/335 | Loss: 0.5611
2026-06-24 14:27:59 | DEBUG    |   Batch  110/335 | Loss: 0.5183
2026-06-24 14:28:04 | DEBUG    |   Batch  120/335 | Loss: 0.6024
2026-06-24 14:28:10 | DEBUG    |   Batch  130/335 | Loss: 0.6215
2026-06-24 14:28:16 | DEBUG    |   Batch  140/335 | Loss: 0.5712
2026-06-24 14:28:21 | DEBUG    |   Batch  150/335 | Loss: 0.5341
2026-06-24 14:28:27 | DEBUG    |   Batch  160/335 | Loss: 0.5145
2026-06-24 14:28:33 | DEBUG    |   Batch  170/335 | Loss: 0.5920
2026-06-24 14:28:39 | DEBUG    |   Batch  180/335 | Loss: 0.5327
2026-06-24 14:28:44 | DEBUG    |   Batch  190/335 | Loss: 0.5545
2026-06-24 14:28:50 | DEBUG    |   Batch  200/335 | Loss: 0.5535
2026-06-24 14:28:56 | DEBUG    |   Batch  210/335 | Loss: 0.6358
2026-06-24 14:29:01 | DEBUG    |   Batch  220/335 | Loss: 0.4837
2026-06-24 14:29:07 | DEBUG    |   Batch  230/335 | Loss: 0.5248
2026-06-24 14:29:13 | DEBUG    |   Batch  240/335 | Loss: 0.4628
2026-06-24 14:29:19 | DEBUG    |   Batch  250/335 | Loss: 0.5423
2026-06-24 14:29:24 | DEBUG    |   Batch  260/335 | Loss: 0.6275
2026-06-24 14:29:30 | DEBUG    |   Batch  270/335 | Loss: 0.5295
2026-06-24 14:29:36 | DEBUG    |   Batch  280/335 | Loss: 0.5463
2026-06-24 14:29:42 | DEBUG    |   Batch  290/335 | Loss: 0.5264
2026-06-24 14:29:47 | DEBUG    |   Batch  300/335 | Loss: 0.5503
2026-06-24 14:29:53 | DEBUG    |   Batch  310/335 | Loss: 0.5369
2026-06-24 14:29:59 | DEBUG    |   Batch  320/335 | Loss: 0.5482
2026-06-24 14:30:05 | DEBUG    |   Batch  330/335 | Loss: 0.5953
2026-06-24 14:39:00 | INFO     |   Train Loss: 0.5571 | Val Loss: 0.6424 | Mean DSC: 0.5321
2026-06-24 14:39:00 | INFO     |   DSC   NCR/ED/NET/ET : 0.4467 / 0.8953 / 0.0053 / 0.7813
2026-06-24 14:39:00 | INFO     |   HD95  NCR/ED/NET/ET : 7.99 / 7.72 / 95.24 / 10.12  mm
2026-06-24 14:39:00 | INFO     |   Sens  NCR/ED/NET/ET : 0.3583 / 0.8971 / 0.4499 / 0.7597
2026-06-24 14:39:00 | INFO     |   Prec  NCR/ED/NET/ET : 0.5929 / 0.8934 / 0.0027 / 0.8041
2026-06-24 14:39:00 | INFO     |   Time: 724.9s | Elapsed: 17.57h | ETA: 34h 43m | LR: 6.14e-05
2026-06-24 14:39:00 | INFO     | -----------------------------------------------------------------
2026-06-24 14:39:00 | INFO     | Epoch 129/300
2026-06-24 14:39:00 | DEBUG    |   Batch    0/335 | Loss: 0.5984
2026-06-24 14:39:06 | DEBUG    |   Batch   10/335 | Loss: 0.5349
2026-06-24 14:39:12 | DEBUG    |   Batch   20/335 | Loss: 0.5492
2026-06-24 14:39:18 | DEBUG    |   Batch   30/335 | Loss: 0.5318
2026-06-24 14:39:23 | DEBUG    |   Batch   40/335 | Loss: 0.5254
2026-06-24 14:39:29 | DEBUG    |   Batch   50/335 | Loss: 0.5302
2026-06-24 14:39:35 | DEBUG    |   Batch   60/335 | Loss: 0.5499
2026-06-24 14:39:41 | DEBUG    |   Batch   70/335 | Loss: 0.4870
2026-06-24 14:39:46 | DEBUG    |   Batch   80/335 | Loss: 0.6017
2026-06-24 14:39:52 | DEBUG    |   Batch   90/335 | Loss: 0.5931
2026-06-24 14:39:58 | DEBUG    |   Batch  100/335 | Loss: 0.5242
2026-06-24 14:40:04 | DEBUG    |   Batch  110/335 | Loss: 0.6485
2026-06-24 14:40:09 | DEBUG    |   Batch  120/335 | Loss: 0.5599
2026-06-24 14:40:15 | DEBUG    |   Batch  130/335 | Loss: 0.5751
2026-06-24 14:40:21 | DEBUG    |   Batch  140/335 | Loss: 0.4696
2026-06-24 14:40:27 | DEBUG    |   Batch  150/335 | Loss: 0.5633
2026-06-24 14:40:32 | DEBUG    |   Batch  160/335 | Loss: 0.4945
2026-06-24 14:40:38 | DEBUG    |   Batch  170/335 | Loss: 0.6464
2026-06-24 14:40:44 | DEBUG    |   Batch  180/335 | Loss: 0.6436
2026-06-24 14:40:50 | DEBUG    |   Batch  190/335 | Loss: 0.6163
2026-06-24 14:40:56 | DEBUG    |   Batch  200/335 | Loss: 0.5512
2026-06-24 14:41:01 | DEBUG    |   Batch  210/335 | Loss: 0.5209
2026-06-24 14:41:07 | DEBUG    |   Batch  220/335 | Loss: 0.5451
2026-06-24 14:41:13 | DEBUG    |   Batch  230/335 | Loss: 0.5862
2026-06-24 14:41:19 | DEBUG    |   Batch  240/335 | Loss: 0.6118
2026-06-24 14:41:24 | DEBUG    |   Batch  250/335 | Loss: 0.5344
2026-06-24 14:41:30 | DEBUG    |   Batch  260/335 | Loss: 0.5739
2026-06-24 14:41:36 | DEBUG    |   Batch  270/335 | Loss: 0.6007
2026-06-24 14:41:42 | DEBUG    |   Batch  280/335 | Loss: 0.5319
2026-06-24 14:41:47 | DEBUG    |   Batch  290/335 | Loss: 0.4491
2026-06-24 14:41:53 | DEBUG    |   Batch  300/335 | Loss: 0.5367
2026-06-24 14:41:59 | DEBUG    |   Batch  310/335 | Loss: 0.5328
2026-06-24 14:42:05 | DEBUG    |   Batch  320/335 | Loss: 0.5853
2026-06-24 14:42:10 | DEBUG    |   Batch  330/335 | Loss: 0.5868
2026-06-24 14:51:06 | INFO     |   Train Loss: 0.5581 | Val Loss: 0.6432 | Mean DSC: 0.5246
2026-06-24 14:51:06 | INFO     |   DSC   NCR/ED/NET/ET : 0.4081 / 0.8949 / 0.0052 / 0.7901
2026-06-24 14:51:06 | INFO     |   HD95  NCR/ED/NET/ET : 7.95 / 7.32 / 95.25 / 10.75  mm
2026-06-24 14:51:06 | INFO     |   Sens  NCR/ED/NET/ET : 0.2943 / 0.9058 / 0.4420 / 0.8239
2026-06-24 14:51:06 | INFO     |   Prec  NCR/ED/NET/ET : 0.6653 / 0.8842 / 0.0026 / 0.7590
2026-06-24 14:51:06 | INFO     |   Time: 725.8s | Elapsed: 17.77h | ETA: 34h 31m | LR: 6.09e-05
2026-06-24 14:51:06 | INFO     | -----------------------------------------------------------------
2026-06-24 14:51:06 | INFO     | Epoch 130/300
2026-06-24 14:51:06 | DEBUG    |   Batch    0/335 | Loss: 0.5878
2026-06-24 14:51:12 | DEBUG    |   Batch   10/335 | Loss: 0.5916
2026-06-24 14:51:18 | DEBUG    |   Batch   20/335 | Loss: 0.5849
2026-06-24 14:51:23 | DEBUG    |   Batch   30/335 | Loss: 0.5856
2026-06-24 14:51:29 | DEBUG    |   Batch   40/335 | Loss: 0.5980
2026-06-24 14:51:35 | DEBUG    |   Batch   50/335 | Loss: 0.5879
2026-06-24 14:51:41 | DEBUG    |   Batch   60/335 | Loss: 0.5451
2026-06-24 14:51:47 | DEBUG    |   Batch   70/335 | Loss: 0.6320
2026-06-24 14:51:52 | DEBUG    |   Batch   80/335 | Loss: 0.5467
2026-06-24 14:51:58 | DEBUG    |   Batch   90/335 | Loss: 0.6170
2026-06-24 14:52:04 | DEBUG    |   Batch  100/335 | Loss: 0.5278
2026-06-24 14:52:10 | DEBUG    |   Batch  110/335 | Loss: 0.5851
2026-06-24 14:52:15 | DEBUG    |   Batch  120/335 | Loss: 0.5518
2026-06-24 14:52:21 | DEBUG    |   Batch  130/335 | Loss: 0.5392
2026-06-24 14:52:27 | DEBUG    |   Batch  140/335 | Loss: 0.5946
2026-06-24 14:52:33 | DEBUG    |   Batch  150/335 | Loss: 0.5111
2026-06-24 14:52:38 | DEBUG    |   Batch  160/335 | Loss: 0.4962
2026-06-24 14:52:44 | DEBUG    |   Batch  170/335 | Loss: 0.5337
2026-06-24 14:52:50 | DEBUG    |   Batch  180/335 | Loss: 0.5678
2026-06-24 14:52:55 | DEBUG    |   Batch  190/335 | Loss: 0.5634
2026-06-24 14:53:01 | DEBUG    |   Batch  200/335 | Loss: 0.5484
2026-06-24 14:53:07 | DEBUG    |   Batch  210/335 | Loss: 0.5589
2026-06-24 14:53:13 | DEBUG    |   Batch  220/335 | Loss: 0.5466
2026-06-24 14:53:18 | DEBUG    |   Batch  230/335 | Loss: 0.5460
2026-06-24 14:53:24 | DEBUG    |   Batch  240/335 | Loss: 0.5625
2026-06-24 14:53:30 | DEBUG    |   Batch  250/335 | Loss: 0.6286
2026-06-24 14:53:36 | DEBUG    |   Batch  260/335 | Loss: 0.5035
2026-06-24 14:53:41 | DEBUG    |   Batch  270/335 | Loss: 0.4768
2026-06-24 14:53:47 | DEBUG    |   Batch  280/335 | Loss: 0.5440
2026-06-24 14:53:53 | DEBUG    |   Batch  290/335 | Loss: 0.5087
2026-06-24 14:53:59 | DEBUG    |   Batch  300/335 | Loss: 0.5294
2026-06-24 14:54:04 | DEBUG    |   Batch  310/335 | Loss: 0.5054
2026-06-24 14:54:10 | DEBUG    |   Batch  320/335 | Loss: 0.5973
2026-06-24 14:54:16 | DEBUG    |   Batch  330/335 | Loss: 0.5328
2026-06-24 15:03:11 | INFO     |   Train Loss: 0.5568 | Val Loss: 0.6456 | Mean DSC: 0.5318
2026-06-24 15:03:11 | INFO     |   DSC   NCR/ED/NET/ET : 0.4410 / 0.8962 / 0.0053 / 0.7847
2026-06-24 15:03:11 | INFO     |   HD95  NCR/ED/NET/ET : 8.20 / 7.54 / 95.24 / 9.81  mm
2026-06-24 15:03:11 | INFO     |   Sens  NCR/ED/NET/ET : 0.3491 / 0.8874 / 0.4544 / 0.7789
2026-06-24 15:03:11 | INFO     |   Prec  NCR/ED/NET/ET : 0.5987 / 0.9051 / 0.0027 / 0.7906
2026-06-24 15:03:11 | INFO     |   Time: 725.0s | Elapsed: 17.97h | ETA: 34h 19m | LR: 6.04e-05
2026-06-24 15:03:11 | INFO     |   Checkpoint saved → checkpoint_epoch130.pth
2026-06-24 15:03:11 | INFO     | -----------------------------------------------------------------
2026-06-24 15:03:11 | INFO     | Epoch 131/300
2026-06-24 15:03:11 | DEBUG    |   Batch    0/335 | Loss: 0.5224
2026-06-24 15:03:17 | DEBUG    |   Batch   10/335 | Loss: 0.6335
2026-06-24 15:03:23 | DEBUG    |   Batch   20/335 | Loss: 0.5006
2026-06-24 15:03:28 | DEBUG    |   Batch   30/335 | Loss: 0.5978
2026-06-24 15:03:34 | DEBUG    |   Batch   40/335 | Loss: 0.5991
2026-06-24 15:03:40 | DEBUG    |   Batch   50/335 | Loss: 0.5254
2026-06-24 15:03:45 | DEBUG    |   Batch   60/335 | Loss: 0.5779
2026-06-24 15:03:51 | DEBUG    |   Batch   70/335 | Loss: 0.5707
2026-06-24 15:03:57 | DEBUG    |   Batch   80/335 | Loss: 0.5751
2026-06-24 15:04:03 | DEBUG    |   Batch   90/335 | Loss: 0.5381
2026-06-24 15:04:08 | DEBUG    |   Batch  100/335 | Loss: 0.5450
2026-06-24 15:04:14 | DEBUG    |   Batch  110/335 | Loss: 0.5303
2026-06-24 15:04:20 | DEBUG    |   Batch  120/335 | Loss: 0.6252
2026-06-24 15:04:26 | DEBUG    |   Batch  130/335 | Loss: 0.5682
2026-06-24 15:04:31 | DEBUG    |   Batch  140/335 | Loss: 0.5879
2026-06-24 15:04:37 | DEBUG    |   Batch  150/335 | Loss: 0.4966
2026-06-24 15:04:43 | DEBUG    |   Batch  160/335 | Loss: 0.5477
2026-06-24 15:04:48 | DEBUG    |   Batch  170/335 | Loss: 0.5686
2026-06-24 15:04:54 | DEBUG    |   Batch  180/335 | Loss: 0.5526
2026-06-24 15:05:00 | DEBUG    |   Batch  190/335 | Loss: 0.6081
2026-06-24 15:05:06 | DEBUG    |   Batch  200/335 | Loss: 0.5087
2026-06-24 15:05:11 | DEBUG    |   Batch  210/335 | Loss: 0.4852
2026-06-24 15:05:17 | DEBUG    |   Batch  220/335 | Loss: 0.5225
2026-06-24 15:05:23 | DEBUG    |   Batch  230/335 | Loss: 0.5300
2026-06-24 15:05:28 | DEBUG    |   Batch  240/335 | Loss: 0.5340
2026-06-24 15:05:34 | DEBUG    |   Batch  250/335 | Loss: 0.5399
2026-06-24 15:05:40 | DEBUG    |   Batch  260/335 | Loss: 0.6254
2026-06-24 15:05:46 | DEBUG    |   Batch  270/335 | Loss: 0.5462
2026-06-24 15:05:51 | DEBUG    |   Batch  280/335 | Loss: 0.5431
2026-06-24 15:05:57 | DEBUG    |   Batch  290/335 | Loss: 0.5375
2026-06-24 15:06:03 | DEBUG    |   Batch  300/335 | Loss: 0.5694
2026-06-24 15:06:09 | DEBUG    |   Batch  310/335 | Loss: 0.5425
2026-06-24 15:06:14 | DEBUG    |   Batch  320/335 | Loss: 0.6653
2026-06-24 15:06:20 | DEBUG    |   Batch  330/335 | Loss: 0.5903
2026-06-24 15:15:15 | INFO     |   Train Loss: 0.5559 | Val Loss: 0.6429 | Mean DSC: 0.5314
2026-06-24 15:15:15 | INFO     |   DSC   NCR/ED/NET/ET : 0.4485 / 0.8938 / 0.0053 / 0.7779
2026-06-24 15:15:15 | INFO     |   HD95  NCR/ED/NET/ET : 9.07 / 8.11 / 95.25 / 12.03  mm
2026-06-24 15:15:15 | INFO     |   Sens  NCR/ED/NET/ET : 0.3763 / 0.9066 / 0.4507 / 0.7672
2026-06-24 15:15:15 | INFO     |   Prec  NCR/ED/NET/ET : 0.5551 / 0.8812 / 0.0027 / 0.7889
2026-06-24 15:15:15 | INFO     |   Time: 724.5s | Elapsed: 18.17h | ETA: 34h 7m | LR: 5.99e-05
2026-06-24 15:15:15 | INFO     | -----------------------------------------------------------------
2026-06-24 15:15:15 | INFO     | Epoch 132/300
2026-06-24 15:15:16 | DEBUG    |   Batch    0/335 | Loss: 0.5194
2026-06-24 15:15:22 | DEBUG    |   Batch   10/335 | Loss: 0.5823
2026-06-24 15:15:27 | DEBUG    |   Batch   20/335 | Loss: 0.6265
2026-06-24 15:15:33 | DEBUG    |   Batch   30/335 | Loss: 0.5548
2026-06-24 15:15:39 | DEBUG    |   Batch   40/335 | Loss: 0.5655
2026-06-24 15:15:44 | DEBUG    |   Batch   50/335 | Loss: 0.4912
2026-06-24 15:15:50 | DEBUG    |   Batch   60/335 | Loss: 0.5140
2026-06-24 15:15:56 | DEBUG    |   Batch   70/335 | Loss: 0.5605
2026-06-24 15:16:02 | DEBUG    |   Batch   80/335 | Loss: 0.6604
2026-06-24 15:16:07 | DEBUG    |   Batch   90/335 | Loss: 0.5866
2026-06-24 15:16:13 | DEBUG    |   Batch  100/335 | Loss: 0.6071
2026-06-24 15:16:19 | DEBUG    |   Batch  110/335 | Loss: 0.5247
2026-06-24 15:16:24 | DEBUG    |   Batch  120/335 | Loss: 0.5683
2026-06-24 15:16:30 | DEBUG    |   Batch  130/335 | Loss: 0.6134
2026-06-24 15:16:36 | DEBUG    |   Batch  140/335 | Loss: 0.5632
2026-06-24 15:16:42 | DEBUG    |   Batch  150/335 | Loss: 0.5605
2026-06-24 15:16:47 | DEBUG    |   Batch  160/335 | Loss: 0.5151
2026-06-24 15:16:53 | DEBUG    |   Batch  170/335 | Loss: 0.5689
2026-06-24 15:16:59 | DEBUG    |   Batch  180/335 | Loss: 0.5563
2026-06-24 15:17:04 | DEBUG    |   Batch  190/335 | Loss: 0.5473
2026-06-24 15:17:10 | DEBUG    |   Batch  200/335 | Loss: 0.5094
2026-06-24 15:17:16 | DEBUG    |   Batch  210/335 | Loss: 0.6122
2026-06-24 15:17:22 | DEBUG    |   Batch  220/335 | Loss: 0.5242
2026-06-24 15:17:27 | DEBUG    |   Batch  230/335 | Loss: 0.5900
2026-06-24 15:17:33 | DEBUG    |   Batch  240/335 | Loss: 0.5069
2026-06-24 15:17:39 | DEBUG    |   Batch  250/335 | Loss: 0.5145
2026-06-24 15:17:44 | DEBUG    |   Batch  260/335 | Loss: 0.4843
2026-06-24 15:17:50 | DEBUG    |   Batch  270/335 | Loss: 0.5486
2026-06-24 15:17:56 | DEBUG    |   Batch  280/335 | Loss: 0.5687
2026-06-24 15:18:02 | DEBUG    |   Batch  290/335 | Loss: 0.5730
2026-06-24 15:18:07 | DEBUG    |   Batch  300/335 | Loss: 0.5366
2026-06-24 15:18:13 | DEBUG    |   Batch  310/335 | Loss: 0.5372
2026-06-24 15:18:19 | DEBUG    |   Batch  320/335 | Loss: 0.6152
2026-06-24 15:18:24 | DEBUG    |   Batch  330/335 | Loss: 0.4904
2026-06-24 15:27:19 | INFO     |   Train Loss: 0.5553 | Val Loss: 0.6525 | Mean DSC: 0.5307
2026-06-24 15:27:19 | INFO     |   DSC   NCR/ED/NET/ET : 0.4769 / 0.8917 / 0.0054 / 0.7489
2026-06-24 15:27:19 | INFO     |   HD95  NCR/ED/NET/ET : 8.19 / 6.91 / 95.23 / 9.90  mm
2026-06-24 15:27:19 | INFO     |   Sens  NCR/ED/NET/ET : 0.3922 / 0.8734 / 0.4598 / 0.6720
2026-06-24 15:27:19 | INFO     |   Prec  NCR/ED/NET/ET : 0.6080 / 0.9108 / 0.0027 / 0.8457
2026-06-24 15:27:19 | INFO     |   Time: 723.6s | Elapsed: 18.37h | ETA: 33h 55m | LR: 5.94e-05
2026-06-24 15:27:19 | INFO     | -----------------------------------------------------------------
2026-06-24 15:27:19 | INFO     | Epoch 133/300
2026-06-24 15:27:19 | DEBUG    |   Batch    0/335 | Loss: 0.5229
2026-06-24 15:27:25 | DEBUG    |   Batch   10/335 | Loss: 0.5480
2026-06-24 15:27:31 | DEBUG    |   Batch   20/335 | Loss: 0.5241
2026-06-24 15:27:37 | DEBUG    |   Batch   30/335 | Loss: 0.6417
2026-06-24 15:27:42 | DEBUG    |   Batch   40/335 | Loss: 0.6050
2026-06-24 15:27:48 | DEBUG    |   Batch   50/335 | Loss: 0.5095
2026-06-24 15:27:54 | DEBUG    |   Batch   60/335 | Loss: 0.6174
2026-06-24 15:28:00 | DEBUG    |   Batch   70/335 | Loss: 0.4767
2026-06-24 15:28:05 | DEBUG    |   Batch   80/335 | Loss: 0.5697
2026-06-24 15:28:11 | DEBUG    |   Batch   90/335 | Loss: 0.5344
2026-06-24 15:28:17 | DEBUG    |   Batch  100/335 | Loss: 0.5797
2026-06-24 15:28:23 | DEBUG    |   Batch  110/335 | Loss: 0.5764
2026-06-24 15:28:28 | DEBUG    |   Batch  120/335 | Loss: 0.5898
2026-06-24 15:28:34 | DEBUG    |   Batch  130/335 | Loss: 0.5777
2026-06-24 15:28:40 | DEBUG    |   Batch  140/335 | Loss: 0.5706
2026-06-24 15:28:45 | DEBUG    |   Batch  150/335 | Loss: 0.5424
2026-06-24 15:28:51 | DEBUG    |   Batch  160/335 | Loss: 0.6150
2026-06-24 15:28:57 | DEBUG    |   Batch  170/335 | Loss: 0.5135
2026-06-24 15:29:02 | DEBUG    |   Batch  180/335 | Loss: 0.5505
2026-06-24 15:29:08 | DEBUG    |   Batch  190/335 | Loss: 0.5540
2026-06-24 15:29:14 | DEBUG    |   Batch  200/335 | Loss: 0.5431
2026-06-24 15:29:20 | DEBUG    |   Batch  210/335 | Loss: 0.5546
2026-06-24 15:29:25 | DEBUG    |   Batch  220/335 | Loss: 0.5333
2026-06-24 15:29:31 | DEBUG    |   Batch  230/335 | Loss: 0.5178
2026-06-24 15:29:37 | DEBUG    |   Batch  240/335 | Loss: 0.5471
2026-06-24 15:29:43 | DEBUG    |   Batch  250/335 | Loss: 0.5397
2026-06-24 15:29:48 | DEBUG    |   Batch  260/335 | Loss: 0.5460
2026-06-24 15:29:54 | DEBUG    |   Batch  270/335 | Loss: 0.5421
2026-06-24 15:30:00 | DEBUG    |   Batch  280/335 | Loss: 0.5963
2026-06-24 15:30:05 | DEBUG    |   Batch  290/335 | Loss: 0.5296
2026-06-24 15:30:11 | DEBUG    |   Batch  300/335 | Loss: 0.6088
2026-06-24 15:30:17 | DEBUG    |   Batch  310/335 | Loss: 0.5294
2026-06-24 15:30:23 | DEBUG    |   Batch  320/335 | Loss: 0.5701
2026-06-24 15:30:28 | DEBUG    |   Batch  330/335 | Loss: 0.5012
2026-06-24 15:39:23 | INFO     |   Train Loss: 0.5562 | Val Loss: 0.6440 | Mean DSC: 0.5307
2026-06-24 15:39:23 | INFO     |   DSC   NCR/ED/NET/ET : 0.4371 / 0.8957 / 0.0053 / 0.7845
2026-06-24 15:39:23 | INFO     |   HD95  NCR/ED/NET/ET : 8.79 / 7.97 / 95.25 / 10.66  mm
2026-06-24 15:39:23 | INFO     |   Sens  NCR/ED/NET/ET : 0.3529 / 0.9124 / 0.4519 / 0.7722
2026-06-24 15:39:23 | INFO     |   Prec  NCR/ED/NET/ET : 0.5742 / 0.8797 / 0.0027 / 0.7971
2026-06-24 15:39:23 | INFO     |   Time: 724.5s | Elapsed: 18.57h | ETA: 33h 42m | LR: 5.89e-05
2026-06-24 15:39:23 | INFO     | -----------------------------------------------------------------
2026-06-24 15:39:23 | INFO     | Epoch 134/300
2026-06-24 15:39:24 | DEBUG    |   Batch    0/335 | Loss: 0.5175
2026-06-24 15:39:30 | DEBUG    |   Batch   10/335 | Loss: 0.5737
2026-06-24 15:39:35 | DEBUG    |   Batch   20/335 | Loss: 0.5434
2026-06-24 15:39:41 | DEBUG    |   Batch   30/335 | Loss: 0.5044
2026-06-24 15:39:47 | DEBUG    |   Batch   40/335 | Loss: 0.5587
2026-06-24 15:39:53 | DEBUG    |   Batch   50/335 | Loss: 0.6187
2026-06-24 15:39:58 | DEBUG    |   Batch   60/335 | Loss: 0.5208
2026-06-24 15:40:04 | DEBUG    |   Batch   70/335 | Loss: 0.5329
2026-06-24 15:40:10 | DEBUG    |   Batch   80/335 | Loss: 0.5419
2026-06-24 15:40:16 | DEBUG    |   Batch   90/335 | Loss: 0.5418
2026-06-24 15:40:21 | DEBUG    |   Batch  100/335 | Loss: 0.5747
2026-06-24 15:40:27 | DEBUG    |   Batch  110/335 | Loss: 0.6177
2026-06-24 15:40:33 | DEBUG    |   Batch  120/335 | Loss: 0.5481
2026-06-24 15:40:38 | DEBUG    |   Batch  130/335 | Loss: 0.5961
2026-06-24 15:40:44 | DEBUG    |   Batch  140/335 | Loss: 0.5048
2026-06-24 15:40:50 | DEBUG    |   Batch  150/335 | Loss: 0.4820
2026-06-24 15:40:56 | DEBUG    |   Batch  160/335 | Loss: 0.4699
2026-06-24 15:41:01 | DEBUG    |   Batch  170/335 | Loss: 0.5610
2026-06-24 15:41:07 | DEBUG    |   Batch  180/335 | Loss: 0.5328
2026-06-24 15:41:13 | DEBUG    |   Batch  190/335 | Loss: 0.6412
2026-06-24 15:41:19 | DEBUG    |   Batch  200/335 | Loss: 0.5316
2026-06-24 15:41:24 | DEBUG    |   Batch  210/335 | Loss: 0.5580
2026-06-24 15:41:30 | DEBUG    |   Batch  220/335 | Loss: 0.5698
2026-06-24 15:41:36 | DEBUG    |   Batch  230/335 | Loss: 0.5022
2026-06-24 15:41:41 | DEBUG    |   Batch  240/335 | Loss: 0.5115
2026-06-24 15:41:47 | DEBUG    |   Batch  250/335 | Loss: 0.5648
2026-06-24 15:41:53 | DEBUG    |   Batch  260/335 | Loss: 0.5698
2026-06-24 15:41:59 | DEBUG    |   Batch  270/335 | Loss: 0.6207
2026-06-24 15:42:04 | DEBUG    |   Batch  280/335 | Loss: 0.6268
2026-06-24 15:42:10 | DEBUG    |   Batch  290/335 | Loss: 0.4715
2026-06-24 15:42:16 | DEBUG    |   Batch  300/335 | Loss: 0.5564
2026-06-24 15:42:21 | DEBUG    |   Batch  310/335 | Loss: 0.6036
2026-06-24 15:42:27 | DEBUG    |   Batch  320/335 | Loss: 0.5066
2026-06-24 15:42:33 | DEBUG    |   Batch  330/335 | Loss: 0.6328
2026-06-24 15:51:27 | INFO     |   Train Loss: 0.5564 | Val Loss: 0.6466 | Mean DSC: 0.5341
2026-06-24 15:51:27 | INFO     |   DSC   NCR/ED/NET/ET : 0.4445 / 0.8966 / 0.0054 / 0.7901
2026-06-24 15:51:27 | INFO     |   HD95  NCR/ED/NET/ET : 8.47 / 6.42 / 95.24 / 10.12  mm
2026-06-24 15:51:27 | INFO     |   Sens  NCR/ED/NET/ET : 0.3504 / 0.8856 / 0.4555 / 0.7649
2026-06-24 15:51:27 | INFO     |   Prec  NCR/ED/NET/ET : 0.6076 / 0.9079 / 0.0027 / 0.8172
2026-06-24 15:51:27 | INFO     |   Time: 723.9s | Elapsed: 18.77h | ETA: 33h 30m | LR: 5.83e-05
2026-06-24 15:51:27 | INFO     |   ✓ New best model saved (DSC: 0.5341)
2026-06-24 15:51:27 | INFO     | -----------------------------------------------------------------
2026-06-24 15:51:27 | INFO     | Epoch 135/300
2026-06-24 15:51:28 | DEBUG    |   Batch    0/335 | Loss: 0.5922
2026-06-24 15:51:34 | DEBUG    |   Batch   10/335 | Loss: 0.5121
2026-06-24 15:51:39 | DEBUG    |   Batch   20/335 | Loss: 0.5427
2026-06-24 15:51:45 | DEBUG    |   Batch   30/335 | Loss: 0.4788
2026-06-24 15:51:51 | DEBUG    |   Batch   40/335 | Loss: 0.6215
2026-06-24 15:51:56 | DEBUG    |   Batch   50/335 | Loss: 0.5192
2026-06-24 15:52:02 | DEBUG    |   Batch   60/335 | Loss: 0.6319
2026-06-24 15:52:08 | DEBUG    |   Batch   70/335 | Loss: 0.5913
2026-06-24 15:52:14 | DEBUG    |   Batch   80/335 | Loss: 0.5489
2026-06-24 15:52:19 | DEBUG    |   Batch   90/335 | Loss: 0.5451
2026-06-24 15:52:25 | DEBUG    |   Batch  100/335 | Loss: 0.5881
2026-06-24 15:52:31 | DEBUG    |   Batch  110/335 | Loss: 0.5691
2026-06-24 15:52:37 | DEBUG    |   Batch  120/335 | Loss: 0.5336
2026-06-24 15:52:42 | DEBUG    |   Batch  130/335 | Loss: 0.5107
2026-06-24 15:52:48 | DEBUG    |   Batch  140/335 | Loss: 0.5419
2026-06-24 15:52:54 | DEBUG    |   Batch  150/335 | Loss: 0.5750
2026-06-24 15:53:00 | DEBUG    |   Batch  160/335 | Loss: 0.5476
2026-06-24 15:53:05 | DEBUG    |   Batch  170/335 | Loss: 0.6416
2026-06-24 15:53:11 | DEBUG    |   Batch  180/335 | Loss: 0.5849
2026-06-24 15:53:17 | DEBUG    |   Batch  190/335 | Loss: 0.5166
2026-06-24 15:53:23 | DEBUG    |   Batch  200/335 | Loss: 0.5260
2026-06-24 15:53:29 | DEBUG    |   Batch  210/335 | Loss: 0.4873
2026-06-24 15:53:34 | DEBUG    |   Batch  220/335 | Loss: 0.5419
2026-06-24 15:53:40 | DEBUG    |   Batch  230/335 | Loss: 0.5375
2026-06-24 15:53:46 | DEBUG    |   Batch  240/335 | Loss: 0.4739
2026-06-24 15:53:52 | DEBUG    |   Batch  250/335 | Loss: 0.5575
2026-06-24 15:53:57 | DEBUG    |   Batch  260/335 | Loss: 0.5006
2026-06-24 15:54:03 | DEBUG    |   Batch  270/335 | Loss: 0.5238
2026-06-24 15:54:09 | DEBUG    |   Batch  280/335 | Loss: 0.5086
2026-06-24 15:54:14 | DEBUG    |   Batch  290/335 | Loss: 0.5529
2026-06-24 15:54:20 | DEBUG    |   Batch  300/335 | Loss: 0.6136
2026-06-24 15:54:26 | DEBUG    |   Batch  310/335 | Loss: 0.6036
2026-06-24 15:54:32 | DEBUG    |   Batch  320/335 | Loss: 0.5992
2026-06-24 15:54:37 | DEBUG    |   Batch  330/335 | Loss: 0.5585
2026-06-24 16:03:32 | INFO     |   Train Loss: 0.5555 | Val Loss: 0.6454 | Mean DSC: 0.5234
2026-06-24 16:03:32 | INFO     |   DSC   NCR/ED/NET/ET : 0.4319 / 0.8933 / 0.0052 / 0.7631
2026-06-24 16:03:32 | INFO     |   HD95  NCR/ED/NET/ET : 7.83 / 7.36 / 95.24 / 9.95  mm
2026-06-24 16:03:32 | INFO     |   Sens  NCR/ED/NET/ET : 0.3247 / 0.8900 / 0.4435 / 0.7481
2026-06-24 16:03:32 | INFO     |   Prec  NCR/ED/NET/ET : 0.6448 / 0.8965 / 0.0026 / 0.7788
2026-06-24 16:03:32 | INFO     |   Time: 725.1s | Elapsed: 18.98h | ETA: 33h 18m | LR: 5.78e-05
2026-06-24 16:03:32 | INFO     | -----------------------------------------------------------------
2026-06-24 16:03:32 | INFO     | Epoch 136/300
2026-06-24 16:03:33 | DEBUG    |   Batch    0/335 | Loss: 0.5381
2026-06-24 16:03:39 | DEBUG    |   Batch   10/335 | Loss: 0.5073
2026-06-24 16:03:44 | DEBUG    |   Batch   20/335 | Loss: 0.5325
2026-06-24 16:03:50 | DEBUG    |   Batch   30/335 | Loss: 0.5448
2026-06-24 16:03:56 | DEBUG    |   Batch   40/335 | Loss: 0.5744
2026-06-24 16:04:02 | DEBUG    |   Batch   50/335 | Loss: 0.6734
2026-06-24 16:04:07 | DEBUG    |   Batch   60/335 | Loss: 0.5875
2026-06-24 16:04:13 | DEBUG    |   Batch   70/335 | Loss: 0.5553
2026-06-24 16:04:19 | DEBUG    |   Batch   80/335 | Loss: 0.5855
2026-06-24 16:04:25 | DEBUG    |   Batch   90/335 | Loss: 0.5667
2026-06-24 16:04:30 | DEBUG    |   Batch  100/335 | Loss: 0.5595
2026-06-24 16:04:36 | DEBUG    |   Batch  110/335 | Loss: 0.5549
2026-06-24 16:04:42 | DEBUG    |   Batch  120/335 | Loss: 0.5441
2026-06-24 16:04:48 | DEBUG    |   Batch  130/335 | Loss: 0.6471
2026-06-24 16:04:53 | DEBUG    |   Batch  140/335 | Loss: 0.4814
2026-06-24 16:04:59 | DEBUG    |   Batch  150/335 | Loss: 0.5667
2026-06-24 16:05:05 | DEBUG    |   Batch  160/335 | Loss: 0.5712
2026-06-24 16:05:11 | DEBUG    |   Batch  170/335 | Loss: 0.6019
2026-06-24 16:05:16 | DEBUG    |   Batch  180/335 | Loss: 0.5647
2026-06-24 16:05:22 | DEBUG    |   Batch  190/335 | Loss: 0.4789
2026-06-24 16:05:28 | DEBUG    |   Batch  200/335 | Loss: 0.5780
2026-06-24 16:05:34 | DEBUG    |   Batch  210/335 | Loss: 0.5551
2026-06-24 16:05:39 | DEBUG    |   Batch  220/335 | Loss: 0.5999
2026-06-24 16:05:45 | DEBUG    |   Batch  230/335 | Loss: 0.5371
2026-06-24 16:05:51 | DEBUG    |   Batch  240/335 | Loss: 0.6048
2026-06-24 16:05:57 | DEBUG    |   Batch  250/335 | Loss: 0.5757
2026-06-24 16:06:02 | DEBUG    |   Batch  260/335 | Loss: 0.5831
2026-06-24 16:06:08 | DEBUG    |   Batch  270/335 | Loss: 0.5700
2026-06-24 16:06:14 | DEBUG    |   Batch  280/335 | Loss: 0.4849
2026-06-24 16:06:20 | DEBUG    |   Batch  290/335 | Loss: 0.5435
2026-06-24 16:06:25 | DEBUG    |   Batch  300/335 | Loss: 0.5477
2026-06-24 16:06:31 | DEBUG    |   Batch  310/335 | Loss: 0.5524
2026-06-24 16:06:37 | DEBUG    |   Batch  320/335 | Loss: 0.5384
2026-06-24 16:06:43 | DEBUG    |   Batch  330/335 | Loss: 0.5130
2026-06-24 16:15:37 | INFO     |   Train Loss: 0.5553 | Val Loss: 0.6421 | Mean DSC: 0.5312
2026-06-24 16:15:37 | INFO     |   DSC   NCR/ED/NET/ET : 0.4380 / 0.8975 / 0.0052 / 0.7840
2026-06-24 16:15:37 | INFO     |   HD95  NCR/ED/NET/ET : 7.86 / 7.61 / 95.25 / 9.68  mm
2026-06-24 16:15:37 | INFO     |   Sens  NCR/ED/NET/ET : 0.3398 / 0.9130 / 0.4424 / 0.7761
2026-06-24 16:15:37 | INFO     |   Prec  NCR/ED/NET/ET : 0.6163 / 0.8825 / 0.0026 / 0.7921
2026-06-24 16:15:37 | INFO     |   Time: 725.1s | Elapsed: 19.18h | ETA: 33h 6m | LR: 5.73e-05
2026-06-24 16:15:37 | INFO     | -----------------------------------------------------------------
2026-06-24 16:15:37 | INFO     | Epoch 137/300
2026-06-24 16:15:38 | DEBUG    |   Batch    0/335 | Loss: 0.5321
2026-06-24 16:15:44 | DEBUG    |   Batch   10/335 | Loss: 0.5528
2026-06-24 16:15:50 | DEBUG    |   Batch   20/335 | Loss: 0.5086
2026-06-24 16:15:55 | DEBUG    |   Batch   30/335 | Loss: 0.4920
2026-06-24 16:16:01 | DEBUG    |   Batch   40/335 | Loss: 0.6284
2026-06-24 16:16:07 | DEBUG    |   Batch   50/335 | Loss: 0.4904
2026-06-24 16:16:13 | DEBUG    |   Batch   60/335 | Loss: 0.5463
2026-06-24 16:16:18 | DEBUG    |   Batch   70/335 | Loss: 0.5477
2026-06-24 16:16:24 | DEBUG    |   Batch   80/335 | Loss: 0.5668
2026-06-24 16:16:30 | DEBUG    |   Batch   90/335 | Loss: 0.6011
2026-06-24 16:16:36 | DEBUG    |   Batch  100/335 | Loss: 0.5337
2026-06-24 16:16:41 | DEBUG    |   Batch  110/335 | Loss: 0.5716
2026-06-24 16:16:47 | DEBUG    |   Batch  120/335 | Loss: 0.6264
2026-06-24 16:16:53 | DEBUG    |   Batch  130/335 | Loss: 0.5614
2026-06-24 16:16:59 | DEBUG    |   Batch  140/335 | Loss: 0.6180
2026-06-24 16:17:04 | DEBUG    |   Batch  150/335 | Loss: 0.5711
2026-06-24 16:17:10 | DEBUG    |   Batch  160/335 | Loss: 0.5190
2026-06-24 16:17:16 | DEBUG    |   Batch  170/335 | Loss: 0.6474
2026-06-24 16:17:22 | DEBUG    |   Batch  180/335 | Loss: 0.5942
2026-06-24 16:17:27 | DEBUG    |   Batch  190/335 | Loss: 0.5298
2026-06-24 16:17:33 | DEBUG    |   Batch  200/335 | Loss: 0.5302
2026-06-24 16:17:39 | DEBUG    |   Batch  210/335 | Loss: 0.6138
2026-06-24 16:17:45 | DEBUG    |   Batch  220/335 | Loss: 0.5312
2026-06-24 16:17:50 | DEBUG    |   Batch  230/335 | Loss: 0.5550
2026-06-24 16:17:56 | DEBUG    |   Batch  240/335 | Loss: 0.6907
2026-06-24 16:18:02 | DEBUG    |   Batch  250/335 | Loss: 0.5473
2026-06-24 16:18:08 | DEBUG    |   Batch  260/335 | Loss: 0.5357
2026-06-24 16:18:13 | DEBUG    |   Batch  270/335 | Loss: 0.4900
2026-06-24 16:18:19 | DEBUG    |   Batch  280/335 | Loss: 0.5500
2026-06-24 16:18:25 | DEBUG    |   Batch  290/335 | Loss: 0.5629
2026-06-24 16:18:31 | DEBUG    |   Batch  300/335 | Loss: 0.6172
2026-06-24 16:18:36 | DEBUG    |   Batch  310/335 | Loss: 0.4900
2026-06-24 16:18:42 | DEBUG    |   Batch  320/335 | Loss: 0.5581
2026-06-24 16:18:48 | DEBUG    |   Batch  330/335 | Loss: 0.6138
2026-06-24 16:27:43 | INFO     |   Train Loss: 0.5532 | Val Loss: 0.6450 | Mean DSC: 0.5295
2026-06-24 16:27:43 | INFO     |   DSC   NCR/ED/NET/ET : 0.4488 / 0.8937 / 0.0053 / 0.7702
2026-06-24 16:27:43 | INFO     |   HD95  NCR/ED/NET/ET : 7.99 / 7.09 / 95.23 / 9.66  mm
2026-06-24 16:27:43 | INFO     |   Sens  NCR/ED/NET/ET : 0.3721 / 0.8722 / 0.4509 / 0.7288
2026-06-24 16:27:43 | INFO     |   Prec  NCR/ED/NET/ET : 0.5653 / 0.9162 / 0.0027 / 0.8167
2026-06-24 16:27:43 | INFO     |   Time: 725.3s | Elapsed: 19.38h | ETA: 32h 54m | LR: 5.68e-05
2026-06-24 16:27:43 | INFO     | -----------------------------------------------------------------
2026-06-24 16:27:43 | INFO     | Epoch 138/300
2026-06-24 16:27:43 | DEBUG    |   Batch    0/335 | Loss: 0.5886
2026-06-24 16:27:49 | DEBUG    |   Batch   10/335 | Loss: 0.5656
2026-06-24 16:27:55 | DEBUG    |   Batch   20/335 | Loss: 0.5212
2026-06-24 16:28:01 | DEBUG    |   Batch   30/335 | Loss: 0.5337
2026-06-24 16:28:06 | DEBUG    |   Batch   40/335 | Loss: 0.5011
2026-06-24 16:28:12 | DEBUG    |   Batch   50/335 | Loss: 0.4593
2026-06-24 16:28:18 | DEBUG    |   Batch   60/335 | Loss: 0.5120
2026-06-24 16:28:24 | DEBUG    |   Batch   70/335 | Loss: 0.4728
2026-06-24 16:28:30 | DEBUG    |   Batch   80/335 | Loss: 0.5427
2026-06-24 16:28:36 | DEBUG    |   Batch   90/335 | Loss: 0.5161
2026-06-24 16:28:41 | DEBUG    |   Batch  100/335 | Loss: 0.5646
2026-06-24 16:28:47 | DEBUG    |   Batch  110/335 | Loss: 0.5990
2026-06-24 16:28:53 | DEBUG    |   Batch  120/335 | Loss: 0.5853
2026-06-24 16:28:59 | DEBUG    |   Batch  130/335 | Loss: 0.5867
2026-06-24 16:29:04 | DEBUG    |   Batch  140/335 | Loss: 0.5585
2026-06-24 16:29:10 | DEBUG    |   Batch  150/335 | Loss: 0.5603
2026-06-24 16:29:16 | DEBUG    |   Batch  160/335 | Loss: 0.5350
2026-06-24 16:29:22 | DEBUG    |   Batch  170/335 | Loss: 0.5262
2026-06-24 16:29:27 | DEBUG    |   Batch  180/335 | Loss: 0.5772
2026-06-24 16:29:33 | DEBUG    |   Batch  190/335 | Loss: 0.5672
2026-06-24 16:29:39 | DEBUG    |   Batch  200/335 | Loss: 0.6230
2026-06-24 16:29:45 | DEBUG    |   Batch  210/335 | Loss: 0.5622
2026-06-24 16:29:50 | DEBUG    |   Batch  220/335 | Loss: 0.4841
2026-06-24 16:29:56 | DEBUG    |   Batch  230/335 | Loss: 0.5374
2026-06-24 16:30:02 | DEBUG    |   Batch  240/335 | Loss: 0.6749
2026-06-24 16:30:08 | DEBUG    |   Batch  250/335 | Loss: 0.5360
2026-06-24 16:30:13 | DEBUG    |   Batch  260/335 | Loss: 0.5099
2026-06-24 16:30:19 | DEBUG    |   Batch  270/335 | Loss: 0.5949
2026-06-24 16:30:25 | DEBUG    |   Batch  280/335 | Loss: 0.5493
2026-06-24 16:30:31 | DEBUG    |   Batch  290/335 | Loss: 0.4971
2026-06-24 16:30:36 | DEBUG    |   Batch  300/335 | Loss: 0.5690
2026-06-24 16:30:42 | DEBUG    |   Batch  310/335 | Loss: 0.5503
2026-06-24 16:30:48 | DEBUG    |   Batch  320/335 | Loss: 0.5095
2026-06-24 16:30:54 | DEBUG    |   Batch  330/335 | Loss: 0.5522
2026-06-24 16:39:47 | INFO     |   Train Loss: 0.5546 | Val Loss: 0.6439 | Mean DSC: 0.5253
2026-06-24 16:39:47 | INFO     |   DSC   NCR/ED/NET/ET : 0.4364 / 0.8972 / 0.0054 / 0.7622
2026-06-24 16:39:47 | INFO     |   HD95  NCR/ED/NET/ET : 8.21 / 7.38 / 95.24 / 9.59  mm
2026-06-24 16:39:47 | INFO     |   Sens  NCR/ED/NET/ET : 0.3435 / 0.9071 / 0.4607 / 0.7223
2026-06-24 16:39:47 | INFO     |   Prec  NCR/ED/NET/ET : 0.5982 / 0.8875 / 0.0027 / 0.8069
2026-06-24 16:39:47 | INFO     |   Time: 724.5s | Elapsed: 19.58h | ETA: 32h 42m | LR: 5.63e-05
2026-06-24 16:39:47 | INFO     | -----------------------------------------------------------------
2026-06-24 16:39:47 | INFO     | Epoch 139/300
2026-06-24 16:39:48 | DEBUG    |   Batch    0/335 | Loss: 0.4524
2026-06-24 16:39:54 | DEBUG    |   Batch   10/335 | Loss: 0.4942
2026-06-24 16:39:59 | DEBUG    |   Batch   20/335 | Loss: 0.5450
2026-06-24 16:40:05 | DEBUG    |   Batch   30/335 | Loss: 0.5860
2026-06-24 16:40:11 | DEBUG    |   Batch   40/335 | Loss: 0.5308
2026-06-24 16:40:17 | DEBUG    |   Batch   50/335 | Loss: 0.5317
2026-06-24 16:40:22 | DEBUG    |   Batch   60/335 | Loss: 0.5755
2026-06-24 16:40:28 | DEBUG    |   Batch   70/335 | Loss: 0.5173
2026-06-24 16:40:34 | DEBUG    |   Batch   80/335 | Loss: 0.5568
2026-06-24 16:40:40 | DEBUG    |   Batch   90/335 | Loss: 0.5536
2026-06-24 16:40:45 | DEBUG    |   Batch  100/335 | Loss: 0.5244
2026-06-24 16:40:51 | DEBUG    |   Batch  110/335 | Loss: 0.4547
2026-06-24 16:40:57 | DEBUG    |   Batch  120/335 | Loss: 0.4817
2026-06-24 16:41:03 | DEBUG    |   Batch  130/335 | Loss: 0.5494
2026-06-24 16:41:08 | DEBUG    |   Batch  140/335 | Loss: 0.5580
2026-06-24 16:41:14 | DEBUG    |   Batch  150/335 | Loss: 0.5254
2026-06-24 16:41:20 | DEBUG    |   Batch  160/335 | Loss: 0.6436
2026-06-24 16:41:26 | DEBUG    |   Batch  170/335 | Loss: 0.6413
2026-06-24 16:41:32 | DEBUG    |   Batch  180/335 | Loss: 0.5863
2026-06-24 16:41:37 | DEBUG    |   Batch  190/335 | Loss: 0.5592
2026-06-24 16:41:43 | DEBUG    |   Batch  200/335 | Loss: 0.5615
2026-06-24 16:41:49 | DEBUG    |   Batch  210/335 | Loss: 0.6262
2026-06-24 16:41:54 | DEBUG    |   Batch  220/335 | Loss: 0.5994
2026-06-24 16:42:00 | DEBUG    |   Batch  230/335 | Loss: 0.5324
2026-06-24 16:42:06 | DEBUG    |   Batch  240/335 | Loss: 0.5357
2026-06-24 16:42:12 | DEBUG    |   Batch  250/335 | Loss: 0.5836
2026-06-24 16:42:17 | DEBUG    |   Batch  260/335 | Loss: 0.5433
2026-06-24 16:42:23 | DEBUG    |   Batch  270/335 | Loss: 0.5792
2026-06-24 16:42:29 | DEBUG    |   Batch  280/335 | Loss: 0.4987
2026-06-24 16:42:35 | DEBUG    |   Batch  290/335 | Loss: 0.5729
2026-06-24 16:42:40 | DEBUG    |   Batch  300/335 | Loss: 0.6824
2026-06-24 16:42:46 | DEBUG    |   Batch  310/335 | Loss: 0.6029
2026-06-24 16:42:52 | DEBUG    |   Batch  320/335 | Loss: 0.5385
2026-06-24 16:42:58 | DEBUG    |   Batch  330/335 | Loss: 0.5885
2026-06-24 16:51:53 | INFO     |   Train Loss: 0.5542 | Val Loss: 0.6414 | Mean DSC: 0.5368
2026-06-24 16:51:53 | INFO     |   DSC   NCR/ED/NET/ET : 0.4609 / 0.8988 / 0.0054 / 0.7820
2026-06-24 16:51:53 | INFO     |   HD95  NCR/ED/NET/ET : 7.90 / 7.61 / 95.24 / 9.46  mm
2026-06-24 16:51:53 | INFO     |   Sens  NCR/ED/NET/ET : 0.3809 / 0.9039 / 0.4596 / 0.7416
2026-06-24 16:51:53 | INFO     |   Prec  NCR/ED/NET/ET : 0.5834 / 0.8938 / 0.0027 / 0.8271
2026-06-24 16:51:53 | INFO     |   Time: 725.3s | Elapsed: 19.78h | ETA: 32h 29m | LR: 5.57e-05
2026-06-24 16:51:53 | INFO     |   ✓ New best model saved (DSC: 0.5368)
2026-06-24 16:51:53 | INFO     | -----------------------------------------------------------------
2026-06-24 16:51:53 | INFO     | Epoch 140/300
2026-06-24 16:51:53 | DEBUG    |   Batch    0/335 | Loss: 0.4902
2026-06-24 16:51:59 | DEBUG    |   Batch   10/335 | Loss: 0.5247
2026-06-24 16:52:05 | DEBUG    |   Batch   20/335 | Loss: 0.5848
2026-06-24 16:52:10 | DEBUG    |   Batch   30/335 | Loss: 0.6278
2026-06-24 16:52:16 | DEBUG    |   Batch   40/335 | Loss: 0.5430
2026-06-24 16:52:22 | DEBUG    |   Batch   50/335 | Loss: 0.5408
2026-06-24 16:52:28 | DEBUG    |   Batch   60/335 | Loss: 0.5841
2026-06-24 16:52:33 | DEBUG    |   Batch   70/335 | Loss: 0.5348
2026-06-24 16:52:39 | DEBUG    |   Batch   80/335 | Loss: 0.5139
2026-06-24 16:52:45 | DEBUG    |   Batch   90/335 | Loss: 0.5322
2026-06-24 16:52:51 | DEBUG    |   Batch  100/335 | Loss: 0.5738
2026-06-24 16:52:56 | DEBUG    |   Batch  110/335 | Loss: 0.5857
2026-06-24 16:53:02 | DEBUG    |   Batch  120/335 | Loss: 0.5784
2026-06-24 16:53:08 | DEBUG    |   Batch  130/335 | Loss: 0.6477
2026-06-24 16:53:14 | DEBUG    |   Batch  140/335 | Loss: 0.5705
2026-06-24 16:53:19 | DEBUG    |   Batch  150/335 | Loss: 0.5696
2026-06-24 16:53:25 | DEBUG    |   Batch  160/335 | Loss: 0.5099
2026-06-24 16:53:31 | DEBUG    |   Batch  170/335 | Loss: 0.5223
2026-06-24 16:53:37 | DEBUG    |   Batch  180/335 | Loss: 0.5636
2026-06-24 16:53:42 | DEBUG    |   Batch  190/335 | Loss: 0.5660
2026-06-24 16:53:48 | DEBUG    |   Batch  200/335 | Loss: 0.5379
2026-06-24 16:53:54 | DEBUG    |   Batch  210/335 | Loss: 0.4936
2026-06-24 16:54:00 | DEBUG    |   Batch  220/335 | Loss: 0.5229
2026-06-24 16:54:05 | DEBUG    |   Batch  230/335 | Loss: 0.4899
2026-06-24 16:54:11 | DEBUG    |   Batch  240/335 | Loss: 0.5014
2026-06-24 16:54:17 | DEBUG    |   Batch  250/335 | Loss: 0.5261
2026-06-24 16:54:22 | DEBUG    |   Batch  260/335 | Loss: 0.5363
2026-06-24 16:54:28 | DEBUG    |   Batch  270/335 | Loss: 0.5226
2026-06-24 16:54:34 | DEBUG    |   Batch  280/335 | Loss: 0.5091
2026-06-24 16:54:40 | DEBUG    |   Batch  290/335 | Loss: 0.5470
2026-06-24 16:54:45 | DEBUG    |   Batch  300/335 | Loss: 0.5218
2026-06-24 16:54:51 | DEBUG    |   Batch  310/335 | Loss: 0.7154
2026-06-24 16:54:57 | DEBUG    |   Batch  320/335 | Loss: 0.4922
2026-06-24 16:55:03 | DEBUG    |   Batch  330/335 | Loss: 0.4573
2026-06-24 17:03:58 | INFO     |   Train Loss: 0.5547 | Val Loss: 0.6393 | Mean DSC: 0.5346
2026-06-24 17:03:58 | INFO     |   DSC   NCR/ED/NET/ET : 0.4451 / 0.8980 / 0.0053 / 0.7899
2026-06-24 17:03:58 | INFO     |   HD95  NCR/ED/NET/ET : 7.94 / 7.81 / 95.24 / 9.67  mm
2026-06-24 17:03:58 | INFO     |   Sens  NCR/ED/NET/ET : 0.3524 / 0.9095 / 0.4511 / 0.7731
2026-06-24 17:03:58 | INFO     |   Prec  NCR/ED/NET/ET : 0.6040 / 0.8868 / 0.0027 / 0.8074
2026-06-24 17:03:58 | INFO     |   Time: 725.4s | Elapsed: 19.98h | ETA: 32h 17m | LR: 5.52e-05
2026-06-24 17:03:58 | INFO     |   Checkpoint saved → checkpoint_epoch140.pth
2026-06-24 17:03:58 | INFO     | -----------------------------------------------------------------
2026-06-24 17:03:58 | INFO     | Epoch 141/300
2026-06-24 17:03:59 | DEBUG    |   Batch    0/335 | Loss: 0.5759
2026-06-24 17:04:04 | DEBUG    |   Batch   10/335 | Loss: 0.5633
2026-06-24 17:04:10 | DEBUG    |   Batch   20/335 | Loss: 0.5546
2026-06-24 17:04:16 | DEBUG    |   Batch   30/335 | Loss: 0.5512
2026-06-24 17:04:22 | DEBUG    |   Batch   40/335 | Loss: 0.5231
2026-06-24 17:04:27 | DEBUG    |   Batch   50/335 | Loss: 0.5269
2026-06-24 17:04:33 | DEBUG    |   Batch   60/335 | Loss: 0.6181
2026-06-24 17:04:39 | DEBUG    |   Batch   70/335 | Loss: 0.6004
2026-06-24 17:04:45 | DEBUG    |   Batch   80/335 | Loss: 0.5256
2026-06-24 17:04:50 | DEBUG    |   Batch   90/335 | Loss: 0.5646
2026-06-24 17:04:56 | DEBUG    |   Batch  100/335 | Loss: 0.5854
2026-06-24 17:05:02 | DEBUG    |   Batch  110/335 | Loss: 0.5384
2026-06-24 17:05:08 | DEBUG    |   Batch  120/335 | Loss: 0.5180
2026-06-24 17:05:13 | DEBUG    |   Batch  130/335 | Loss: 0.6062
2026-06-24 17:05:19 | DEBUG    |   Batch  140/335 | Loss: 0.4987
2026-06-24 17:05:25 | DEBUG    |   Batch  150/335 | Loss: 0.5233
2026-06-24 17:05:31 | DEBUG    |   Batch  160/335 | Loss: 0.5232
2026-06-24 17:05:36 | DEBUG    |   Batch  170/335 | Loss: 0.5441
2026-06-24 17:05:42 | DEBUG    |   Batch  180/335 | Loss: 0.5305
2026-06-24 17:05:48 | DEBUG    |   Batch  190/335 | Loss: 0.5888
2026-06-24 17:05:53 | DEBUG    |   Batch  200/335 | Loss: 0.6308
2026-06-24 17:05:59 | DEBUG    |   Batch  210/335 | Loss: 0.5335
2026-06-24 17:06:05 | DEBUG    |   Batch  220/335 | Loss: 0.5409
2026-06-24 17:06:11 | DEBUG    |   Batch  230/335 | Loss: 0.5643
2026-06-24 17:06:16 | DEBUG    |   Batch  240/335 | Loss: 0.5799
2026-06-24 17:06:22 | DEBUG    |   Batch  250/335 | Loss: 0.5818
2026-06-24 17:06:28 | DEBUG    |   Batch  260/335 | Loss: 0.5564
2026-06-24 17:06:34 | DEBUG    |   Batch  270/335 | Loss: 0.4826
2026-06-24 17:06:40 | DEBUG    |   Batch  280/335 | Loss: 0.5613
2026-06-24 17:06:45 | DEBUG    |   Batch  290/335 | Loss: 0.5254
2026-06-24 17:06:51 | DEBUG    |   Batch  300/335 | Loss: 0.5503
2026-06-24 17:06:57 | DEBUG    |   Batch  310/335 | Loss: 0.4972
2026-06-24 17:07:02 | DEBUG    |   Batch  320/335 | Loss: 0.6061
2026-06-24 17:07:08 | DEBUG    |   Batch  330/335 | Loss: 0.5594
2026-06-24 17:16:03 | INFO     |   Train Loss: 0.5542 | Val Loss: 0.6437 | Mean DSC: 0.5282
2026-06-24 17:16:03 | INFO     |   DSC   NCR/ED/NET/ET : 0.4420 / 0.8978 / 0.0052 / 0.7679
2026-06-24 17:16:03 | INFO     |   HD95  NCR/ED/NET/ET : 8.44 / 7.80 / 95.24 / 10.91  mm
2026-06-24 17:16:03 | INFO     |   Sens  NCR/ED/NET/ET : 0.3539 / 0.9068 / 0.4450 / 0.7474
2026-06-24 17:16:03 | INFO     |   Prec  NCR/ED/NET/ET : 0.5884 / 0.8889 / 0.0026 / 0.7896
2026-06-24 17:16:03 | INFO     |   Time: 725.3s | Elapsed: 20.18h | ETA: 32h 5m | LR: 5.47e-05
2026-06-24 17:16:03 | INFO     | -----------------------------------------------------------------
2026-06-24 17:16:03 | INFO     | Epoch 142/300
2026-06-24 17:16:04 | DEBUG    |   Batch    0/335 | Loss: 0.5127
2026-06-24 17:16:10 | DEBUG    |   Batch   10/335 | Loss: 0.5200
2026-06-24 17:16:15 | DEBUG    |   Batch   20/335 | Loss: 0.5925
2026-06-24 17:16:21 | DEBUG    |   Batch   30/335 | Loss: 0.5160
2026-06-24 17:16:27 | DEBUG    |   Batch   40/335 | Loss: 0.5508
2026-06-24 17:16:33 | DEBUG    |   Batch   50/335 | Loss: 0.5549
2026-06-24 17:16:38 | DEBUG    |   Batch   60/335 | Loss: 0.5745
2026-06-24 17:16:44 | DEBUG    |   Batch   70/335 | Loss: 0.5747
2026-06-24 17:16:50 | DEBUG    |   Batch   80/335 | Loss: 0.5389
2026-06-24 17:16:56 | DEBUG    |   Batch   90/335 | Loss: 0.5895
2026-06-24 17:17:01 | DEBUG    |   Batch  100/335 | Loss: 0.6227
2026-06-24 17:17:07 | DEBUG    |   Batch  110/335 | Loss: 0.5654
2026-06-24 17:17:13 | DEBUG    |   Batch  120/335 | Loss: 0.5497
2026-06-24 17:17:19 | DEBUG    |   Batch  130/335 | Loss: 0.5158
2026-06-24 17:17:24 | DEBUG    |   Batch  140/335 | Loss: 0.5680
2026-06-24 17:17:30 | DEBUG    |   Batch  150/335 | Loss: 0.5404
2026-06-24 17:17:36 | DEBUG    |   Batch  160/335 | Loss: 0.5402
2026-06-24 17:17:41 | DEBUG    |   Batch  170/335 | Loss: 0.5236
2026-06-24 17:17:47 | DEBUG    |   Batch  180/335 | Loss: 0.6456
2026-06-24 17:17:53 | DEBUG    |   Batch  190/335 | Loss: 0.6337
2026-06-24 17:17:59 | DEBUG    |   Batch  200/335 | Loss: 0.5072
2026-06-24 17:18:04 | DEBUG    |   Batch  210/335 | Loss: 0.6010
2026-06-24 17:18:10 | DEBUG    |   Batch  220/335 | Loss: 0.5931
2026-06-24 17:18:16 | DEBUG    |   Batch  230/335 | Loss: 0.5539
2026-06-24 17:18:22 | DEBUG    |   Batch  240/335 | Loss: 0.4984
2026-06-24 17:18:27 | DEBUG    |   Batch  250/335 | Loss: 0.5231
2026-06-24 17:18:33 | DEBUG    |   Batch  260/335 | Loss: 0.5729
2026-06-24 17:18:39 | DEBUG    |   Batch  270/335 | Loss: 0.5130
2026-06-24 17:18:45 | DEBUG    |   Batch  280/335 | Loss: 0.5725
2026-06-24 17:18:50 | DEBUG    |   Batch  290/335 | Loss: 0.5743
2026-06-24 17:18:56 | DEBUG    |   Batch  300/335 | Loss: 0.4464
2026-06-24 17:19:02 | DEBUG    |   Batch  310/335 | Loss: 0.5243
2026-06-24 17:19:08 | DEBUG    |   Batch  320/335 | Loss: 0.5883
2026-06-24 17:19:13 | DEBUG    |   Batch  330/335 | Loss: 0.5578
2026-06-24 17:28:08 | INFO     |   Train Loss: 0.5540 | Val Loss: 0.6438 | Mean DSC: 0.5303
2026-06-24 17:28:08 | INFO     |   DSC   NCR/ED/NET/ET : 0.4310 / 0.8951 / 0.0054 / 0.7899
2026-06-24 17:28:08 | INFO     |   HD95  NCR/ED/NET/ET : 7.60 / 7.82 / 95.24 / 9.46  mm
2026-06-24 17:28:08 | INFO     |   Sens  NCR/ED/NET/ET : 0.3254 / 0.8855 / 0.4584 / 0.7892
2026-06-24 17:28:08 | INFO     |   Prec  NCR/ED/NET/ET : 0.6381 / 0.9048 / 0.0027 / 0.7906
2026-06-24 17:28:08 | INFO     |   Time: 724.4s | Elapsed: 20.39h | ETA: 31h 53m | LR: 5.42e-05
2026-06-24 17:28:08 | INFO     | -----------------------------------------------------------------
2026-06-24 17:28:08 | INFO     | Epoch 143/300
2026-06-24 17:28:08 | DEBUG    |   Batch    0/335 | Loss: 0.6992
2026-06-24 17:28:14 | DEBUG    |   Batch   10/335 | Loss: 0.5861
2026-06-24 17:28:20 | DEBUG    |   Batch   20/335 | Loss: 0.5323
2026-06-24 17:28:26 | DEBUG    |   Batch   30/335 | Loss: 0.6062
2026-06-24 17:28:31 | DEBUG    |   Batch   40/335 | Loss: 0.5448
2026-06-24 17:28:37 | DEBUG    |   Batch   50/335 | Loss: 0.6049
2026-06-24 17:28:43 | DEBUG    |   Batch   60/335 | Loss: 0.6351
2026-06-24 17:28:49 | DEBUG    |   Batch   70/335 | Loss: 0.5640
2026-06-24 17:28:54 | DEBUG    |   Batch   80/335 | Loss: 0.5897
2026-06-24 17:29:00 | DEBUG    |   Batch   90/335 | Loss: 0.5333
2026-06-24 17:29:06 | DEBUG    |   Batch  100/335 | Loss: 0.5474
2026-06-24 17:29:12 | DEBUG    |   Batch  110/335 | Loss: 0.5705
2026-06-24 17:29:17 | DEBUG    |   Batch  120/335 | Loss: 0.4649
2026-06-24 17:29:23 | DEBUG    |   Batch  130/335 | Loss: 0.5632
2026-06-24 17:29:29 | DEBUG    |   Batch  140/335 | Loss: 0.5728
2026-06-24 17:29:35 | DEBUG    |   Batch  150/335 | Loss: 0.5924
2026-06-24 17:29:40 | DEBUG    |   Batch  160/335 | Loss: 0.4998
2026-06-24 17:29:46 | DEBUG    |   Batch  170/335 | Loss: 0.5432
2026-06-24 17:29:52 | DEBUG    |   Batch  180/335 | Loss: 0.5633
2026-06-24 17:29:58 | DEBUG    |   Batch  190/335 | Loss: 0.6135
2026-06-24 17:30:03 | DEBUG    |   Batch  200/335 | Loss: 0.5927
2026-06-24 17:30:09 | DEBUG    |   Batch  210/335 | Loss: 0.4629
2026-06-24 17:30:15 | DEBUG    |   Batch  220/335 | Loss: 0.6140
2026-06-24 17:30:21 | DEBUG    |   Batch  230/335 | Loss: 0.4816
2026-06-24 17:30:26 | DEBUG    |   Batch  240/335 | Loss: 0.5719
2026-06-24 17:30:32 | DEBUG    |   Batch  250/335 | Loss: 0.4911
2026-06-24 17:30:38 | DEBUG    |   Batch  260/335 | Loss: 0.5115
2026-06-24 17:30:44 | DEBUG    |   Batch  270/335 | Loss: 0.5251
2026-06-24 17:30:49 | DEBUG    |   Batch  280/335 | Loss: 0.5244
2026-06-24 17:30:55 | DEBUG    |   Batch  290/335 | Loss: 0.5002
2026-06-24 17:31:01 | DEBUG    |   Batch  300/335 | Loss: 0.5307
2026-06-24 17:31:07 | DEBUG    |   Batch  310/335 | Loss: 0.5548
2026-06-24 17:31:12 | DEBUG    |   Batch  320/335 | Loss: 0.5732
2026-06-24 17:31:18 | DEBUG    |   Batch  330/335 | Loss: 0.5132
2026-06-24 17:40:13 | INFO     |   Train Loss: 0.5531 | Val Loss: 0.6411 | Mean DSC: 0.5373
2026-06-24 17:40:13 | INFO     |   DSC   NCR/ED/NET/ET : 0.4549 / 0.8969 / 0.0052 / 0.7924
2026-06-24 17:40:13 | INFO     |   HD95  NCR/ED/NET/ET : 7.49 / 7.53 / 95.24 / 9.34  mm
2026-06-24 17:40:13 | INFO     |   Sens  NCR/ED/NET/ET : 0.3597 / 0.9027 / 0.4458 / 0.7850
2026-06-24 17:40:13 | INFO     |   Prec  NCR/ED/NET/ET : 0.6187 / 0.8911 / 0.0026 / 0.7999
2026-06-24 17:40:13 | INFO     |   Time: 725.3s | Elapsed: 20.59h | ETA: 31h 41m | LR: 5.37e-05
2026-06-24 17:40:13 | INFO     |   ✓ New best model saved (DSC: 0.5373)
2026-06-24 17:40:13 | INFO     | -----------------------------------------------------------------
2026-06-24 17:40:13 | INFO     | Epoch 144/300
2026-06-24 17:40:14 | DEBUG    |   Batch    0/335 | Loss: 0.6002
2026-06-24 17:40:20 | DEBUG    |   Batch   10/335 | Loss: 0.6192
2026-06-24 17:40:25 | DEBUG    |   Batch   20/335 | Loss: 0.5273
2026-06-24 17:40:31 | DEBUG    |   Batch   30/335 | Loss: 0.4811
2026-06-24 17:40:37 | DEBUG    |   Batch   40/335 | Loss: 0.5361
2026-06-24 17:40:43 | DEBUG    |   Batch   50/335 | Loss: 0.5371
2026-06-24 17:40:48 | DEBUG    |   Batch   60/335 | Loss: 0.5377
2026-06-24 17:40:54 | DEBUG    |   Batch   70/335 | Loss: 0.5675
2026-06-24 17:41:00 | DEBUG    |   Batch   80/335 | Loss: 0.5793
2026-06-24 17:41:06 | DEBUG    |   Batch   90/335 | Loss: 0.5931
2026-06-24 17:41:11 | DEBUG    |   Batch  100/335 | Loss: 0.6545
2026-06-24 17:41:17 | DEBUG    |   Batch  110/335 | Loss: 0.5064
2026-06-24 17:41:23 | DEBUG    |   Batch  120/335 | Loss: 0.5506
2026-06-24 17:41:29 | DEBUG    |   Batch  130/335 | Loss: 0.5566
2026-06-24 17:41:35 | DEBUG    |   Batch  140/335 | Loss: 0.5699
2026-06-24 17:41:40 | DEBUG    |   Batch  150/335 | Loss: 0.5718
2026-06-24 17:41:46 | DEBUG    |   Batch  160/335 | Loss: 0.6267
2026-06-24 17:41:52 | DEBUG    |   Batch  170/335 | Loss: 0.5149
2026-06-24 17:41:58 | DEBUG    |   Batch  180/335 | Loss: 0.5964
2026-06-24 17:42:03 | DEBUG    |   Batch  190/335 | Loss: 0.5564
2026-06-24 17:42:09 | DEBUG    |   Batch  200/335 | Loss: 0.6167
2026-06-24 17:42:15 | DEBUG    |   Batch  210/335 | Loss: 0.5190
2026-06-24 17:42:21 | DEBUG    |   Batch  220/335 | Loss: 0.5835
2026-06-24 17:42:26 | DEBUG    |   Batch  230/335 | Loss: 0.6083
2026-06-24 17:42:32 | DEBUG    |   Batch  240/335 | Loss: 0.5711
2026-06-24 17:42:38 | DEBUG    |   Batch  250/335 | Loss: 0.5628
2026-06-24 17:42:44 | DEBUG    |   Batch  260/335 | Loss: 0.5195
2026-06-24 17:42:50 | DEBUG    |   Batch  270/335 | Loss: 0.5416
2026-06-24 17:42:55 | DEBUG    |   Batch  280/335 | Loss: 0.4750
2026-06-24 17:43:01 | DEBUG    |   Batch  290/335 | Loss: 0.5558
2026-06-24 17:43:07 | DEBUG    |   Batch  300/335 | Loss: 0.5314
2026-06-24 17:43:13 | DEBUG    |   Batch  310/335 | Loss: 0.5411
2026-06-24 17:43:18 | DEBUG    |   Batch  320/335 | Loss: 0.5793
2026-06-24 17:43:24 | DEBUG    |   Batch  330/335 | Loss: 0.6183
2026-06-24 17:52:19 | INFO     |   Train Loss: 0.5529 | Val Loss: 0.6446 | Mean DSC: 0.5279
2026-06-24 17:52:19 | INFO     |   DSC   NCR/ED/NET/ET : 0.4389 / 0.8972 / 0.0052 / 0.7703
2026-06-24 17:52:19 | INFO     |   HD95  NCR/ED/NET/ET : 7.55 / 7.60 / 95.24 / 9.63  mm
2026-06-24 17:52:19 | INFO     |   Sens  NCR/ED/NET/ET : 0.3337 / 0.9042 / 0.4406 / 0.7537
2026-06-24 17:52:19 | INFO     |   Prec  NCR/ED/NET/ET : 0.6408 / 0.8903 / 0.0026 / 0.7877
2026-06-24 17:52:19 | INFO     |   Time: 725.8s | Elapsed: 20.79h | ETA: 31h 29m | LR: 5.31e-05
2026-06-24 17:52:19 | INFO     | -----------------------------------------------------------------
2026-06-24 17:52:19 | INFO     | Epoch 145/300
2026-06-24 17:52:20 | DEBUG    |   Batch    0/335 | Loss: 0.5556
2026-06-24 17:52:25 | DEBUG    |   Batch   10/335 | Loss: 0.5560
2026-06-24 17:52:31 | DEBUG    |   Batch   20/335 | Loss: 0.5019
2026-06-24 17:52:37 | DEBUG    |   Batch   30/335 | Loss: 0.5450
2026-06-24 17:52:43 | DEBUG    |   Batch   40/335 | Loss: 0.5245
2026-06-24 17:52:48 | DEBUG    |   Batch   50/335 | Loss: 0.5090
2026-06-24 17:52:54 | DEBUG    |   Batch   60/335 | Loss: 0.6158
2026-06-24 17:53:00 | DEBUG    |   Batch   70/335 | Loss: 0.5056
2026-06-24 17:53:06 | DEBUG    |   Batch   80/335 | Loss: 0.5911
2026-06-24 17:53:11 | DEBUG    |   Batch   90/335 | Loss: 0.5364
2026-06-24 17:53:17 | DEBUG    |   Batch  100/335 | Loss: 0.5300
2026-06-24 17:53:23 | DEBUG    |   Batch  110/335 | Loss: 0.4822
2026-06-24 17:53:28 | DEBUG    |   Batch  120/335 | Loss: 0.5261
2026-06-24 17:53:34 | DEBUG    |   Batch  130/335 | Loss: 0.5759
2026-06-24 17:53:40 | DEBUG    |   Batch  140/335 | Loss: 0.5920
2026-06-24 17:53:46 | DEBUG    |   Batch  150/335 | Loss: 0.5704
2026-06-24 17:53:51 | DEBUG    |   Batch  160/335 | Loss: 0.6122
2026-06-24 17:53:57 | DEBUG    |   Batch  170/335 | Loss: 0.6914
2026-06-24 17:54:03 | DEBUG    |   Batch  180/335 | Loss: 0.5605
2026-06-24 17:54:09 | DEBUG    |   Batch  190/335 | Loss: 0.6144
2026-06-24 17:54:14 | DEBUG    |   Batch  200/335 | Loss: 0.5696
2026-06-24 17:54:20 | DEBUG    |   Batch  210/335 | Loss: 0.5517
2026-06-24 17:54:26 | DEBUG    |   Batch  220/335 | Loss: 0.5973
2026-06-24 17:54:31 | DEBUG    |   Batch  230/335 | Loss: 0.5252
2026-06-24 17:54:37 | DEBUG    |   Batch  240/335 | Loss: 0.5539
2026-06-24 17:54:43 | DEBUG    |   Batch  250/335 | Loss: 0.5383
2026-06-24 17:54:49 | DEBUG    |   Batch  260/335 | Loss: 0.6084
2026-06-24 17:54:54 | DEBUG    |   Batch  270/335 | Loss: 0.5285
2026-06-24 17:55:00 | DEBUG    |   Batch  280/335 | Loss: 0.5253
2026-06-24 17:55:06 | DEBUG    |   Batch  290/335 | Loss: 0.5800
2026-06-24 17:55:12 | DEBUG    |   Batch  300/335 | Loss: 0.6507
2026-06-24 17:55:17 | DEBUG    |   Batch  310/335 | Loss: 0.5484
2026-06-24 17:55:23 | DEBUG    |   Batch  320/335 | Loss: 0.5347
2026-06-24 17:55:29 | DEBUG    |   Batch  330/335 | Loss: 0.5293
2026-06-24 18:04:25 | INFO     |   Train Loss: 0.5547 | Val Loss: 0.6442 | Mean DSC: 0.5297
2026-06-24 18:04:25 | INFO     |   DSC   NCR/ED/NET/ET : 0.4488 / 0.8944 / 0.0053 / 0.7705
2026-06-24 18:04:25 | INFO     |   HD95  NCR/ED/NET/ET : 8.18 / 7.41 / 95.24 / 9.69  mm
2026-06-24 18:04:25 | INFO     |   Sens  NCR/ED/NET/ET : 0.3735 / 0.8897 / 0.4477 / 0.7459
2026-06-24 18:04:25 | INFO     |   Prec  NCR/ED/NET/ET : 0.5621 / 0.8992 / 0.0026 / 0.7967
2026-06-24 18:04:25 | INFO     |   Time: 726.4s | Elapsed: 20.99h | ETA: 31h 17m | LR: 5.26e-05
2026-06-24 18:04:25 | INFO     | -----------------------------------------------------------------
2026-06-24 18:04:25 | INFO     | Epoch 146/300
2026-06-24 18:04:26 | DEBUG    |   Batch    0/335 | Loss: 0.6223
2026-06-24 18:04:32 | DEBUG    |   Batch   10/335 | Loss: 0.6324
2026-06-24 18:04:37 | DEBUG    |   Batch   20/335 | Loss: 0.5727
2026-06-24 18:04:43 | DEBUG    |   Batch   30/335 | Loss: 0.5622
2026-06-24 18:04:49 | DEBUG    |   Batch   40/335 | Loss: 0.5239
2026-06-24 18:04:55 | DEBUG    |   Batch   50/335 | Loss: 0.4928
2026-06-24 18:05:00 | DEBUG    |   Batch   60/335 | Loss: 0.6278
2026-06-24 18:05:06 | DEBUG    |   Batch   70/335 | Loss: 0.5590
2026-06-24 18:05:12 | DEBUG    |   Batch   80/335 | Loss: 0.6034
2026-06-24 18:05:18 | DEBUG    |   Batch   90/335 | Loss: 0.5032
2026-06-24 18:05:23 | DEBUG    |   Batch  100/335 | Loss: 0.4725
2026-06-24 18:05:29 | DEBUG    |   Batch  110/335 | Loss: 0.6053
2026-06-24 18:05:35 | DEBUG    |   Batch  120/335 | Loss: 0.5679
2026-06-24 18:05:41 | DEBUG    |   Batch  130/335 | Loss: 0.6398
2026-06-24 18:05:46 | DEBUG    |   Batch  140/335 | Loss: 0.5616
2026-06-24 18:05:52 | DEBUG    |   Batch  150/335 | Loss: 0.4968
2026-06-24 18:05:58 | DEBUG    |   Batch  160/335 | Loss: 0.5119
2026-06-24 18:06:03 | DEBUG    |   Batch  170/335 | Loss: 0.5624
2026-06-24 18:06:09 | DEBUG    |   Batch  180/335 | Loss: 0.6014
2026-06-24 18:06:15 | DEBUG    |   Batch  190/335 | Loss: 0.6222
2026-06-24 18:06:21 | DEBUG    |   Batch  200/335 | Loss: 0.5804
2026-06-24 18:06:26 | DEBUG    |   Batch  210/335 | Loss: 0.5192
2026-06-24 18:06:32 | DEBUG    |   Batch  220/335 | Loss: 0.5568
2026-06-24 18:06:38 | DEBUG    |   Batch  230/335 | Loss: 0.5340
2026-06-24 18:06:44 | DEBUG    |   Batch  240/335 | Loss: 0.6286
2026-06-24 18:06:49 | DEBUG    |   Batch  250/335 | Loss: 0.5372
2026-06-24 18:06:55 | DEBUG    |   Batch  260/335 | Loss: 0.5718
2026-06-24 18:07:01 | DEBUG    |   Batch  270/335 | Loss: 0.5059
2026-06-24 18:07:06 | DEBUG    |   Batch  280/335 | Loss: 0.5251
2026-06-24 18:07:12 | DEBUG    |   Batch  290/335 | Loss: 0.4610
2026-06-24 18:07:18 | DEBUG    |   Batch  300/335 | Loss: 0.5867
2026-06-24 18:07:24 | DEBUG    |   Batch  310/335 | Loss: 0.5166
2026-06-24 18:07:29 | DEBUG    |   Batch  320/335 | Loss: 0.5698
2026-06-24 18:07:35 | DEBUG    |   Batch  330/335 | Loss: 0.6234
2026-06-24 18:16:30 | INFO     |   Train Loss: 0.5538 | Val Loss: 0.6434 | Mean DSC: 0.5360
2026-06-24 18:16:30 | INFO     |   DSC   NCR/ED/NET/ET : 0.4596 / 0.8955 / 0.0054 / 0.7834
2026-06-24 18:16:30 | INFO     |   HD95  NCR/ED/NET/ET : 7.93 / 7.21 / 95.24 / 9.54  mm
2026-06-24 18:16:30 | INFO     |   Sens  NCR/ED/NET/ET : 0.3622 / 0.8879 / 0.4603 / 0.7523
2026-06-24 18:16:30 | INFO     |   Prec  NCR/ED/NET/ET : 0.6285 / 0.9032 / 0.0027 / 0.8171
2026-06-24 18:16:30 | INFO     |   Time: 725.0s | Elapsed: 21.19h | ETA: 31h 4m | LR: 5.21e-05
2026-06-24 18:16:30 | INFO     | -----------------------------------------------------------------
2026-06-24 18:16:30 | INFO     | Epoch 147/300
2026-06-24 18:16:31 | DEBUG    |   Batch    0/335 | Loss: 0.6428
2026-06-24 18:16:37 | DEBUG    |   Batch   10/335 | Loss: 0.5248
2026-06-24 18:16:42 | DEBUG    |   Batch   20/335 | Loss: 0.5490
2026-06-24 18:16:48 | DEBUG    |   Batch   30/335 | Loss: 0.4913
2026-06-24 18:16:54 | DEBUG    |   Batch   40/335 | Loss: 0.4939
2026-06-24 18:17:00 | DEBUG    |   Batch   50/335 | Loss: 0.5004
2026-06-24 18:17:06 | DEBUG    |   Batch   60/335 | Loss: 0.5328
2026-06-24 18:17:11 | DEBUG    |   Batch   70/335 | Loss: 0.5418
2026-06-24 18:17:17 | DEBUG    |   Batch   80/335 | Loss: 0.5357
2026-06-24 18:17:23 | DEBUG    |   Batch   90/335 | Loss: 0.6193
2026-06-24 18:17:29 | DEBUG    |   Batch  100/335 | Loss: 0.5037
2026-06-24 18:17:34 | DEBUG    |   Batch  110/335 | Loss: 0.5094
2026-06-24 18:17:40 | DEBUG    |   Batch  120/335 | Loss: 0.5722
2026-06-24 18:17:46 | DEBUG    |   Batch  130/335 | Loss: 0.5609
2026-06-24 18:17:51 | DEBUG    |   Batch  140/335 | Loss: 0.5565
2026-06-24 18:17:57 | DEBUG    |   Batch  150/335 | Loss: 0.4896
2026-06-24 18:18:03 | DEBUG    |   Batch  160/335 | Loss: 0.5823
2026-06-24 18:18:09 | DEBUG    |   Batch  170/335 | Loss: 0.6085
2026-06-24 18:18:14 | DEBUG    |   Batch  180/335 | Loss: 0.4812
2026-06-24 18:18:20 | DEBUG    |   Batch  190/335 | Loss: 0.5391
2026-06-24 18:18:26 | DEBUG    |   Batch  200/335 | Loss: 0.5739
2026-06-24 18:18:32 | DEBUG    |   Batch  210/335 | Loss: 0.6157
2026-06-24 18:18:37 | DEBUG    |   Batch  220/335 | Loss: 0.5283
2026-06-24 18:18:43 | DEBUG    |   Batch  230/335 | Loss: 0.5598
2026-06-24 18:18:49 | DEBUG    |   Batch  240/335 | Loss: 0.6343
2026-06-24 18:18:54 | DEBUG    |   Batch  250/335 | Loss: 0.5265
2026-06-24 18:19:00 | DEBUG    |   Batch  260/335 | Loss: 0.4864
2026-06-24 18:19:06 | DEBUG    |   Batch  270/335 | Loss: 0.4703
2026-06-24 18:19:12 | DEBUG    |   Batch  280/335 | Loss: 0.5187
2026-06-24 18:19:17 | DEBUG    |   Batch  290/335 | Loss: 0.4921
2026-06-24 18:19:23 | DEBUG    |   Batch  300/335 | Loss: 0.5993
2026-06-24 18:19:29 | DEBUG    |   Batch  310/335 | Loss: 0.4853
2026-06-24 18:19:35 | DEBUG    |   Batch  320/335 | Loss: 0.5155
2026-06-24 18:19:40 | DEBUG    |   Batch  330/335 | Loss: 0.6442
2026-06-24 18:28:35 | INFO     |   Train Loss: 0.5520 | Val Loss: 0.6417 | Mean DSC: 0.5261
2026-06-24 18:28:35 | INFO     |   DSC   NCR/ED/NET/ET : 0.4181 / 0.8991 / 0.0053 / 0.7820
2026-06-24 18:28:35 | INFO     |   HD95  NCR/ED/NET/ET : 7.76 / 7.88 / 95.24 / 9.29  mm
2026-06-24 18:28:35 | INFO     |   Sens  NCR/ED/NET/ET : 0.3063 / 0.9056 / 0.4488 / 0.7650
2026-06-24 18:28:35 | INFO     |   Prec  NCR/ED/NET/ET : 0.6587 / 0.8927 / 0.0027 / 0.7997
2026-06-24 18:28:35 | INFO     |   Time: 724.8s | Elapsed: 21.39h | ETA: 30h 52m | LR: 5.16e-05
2026-06-24 18:28:35 | INFO     | -----------------------------------------------------------------
2026-06-24 18:28:35 | INFO     | Epoch 148/300
2026-06-24 18:28:36 | DEBUG    |   Batch    0/335 | Loss: 0.5549
2026-06-24 18:28:42 | DEBUG    |   Batch   10/335 | Loss: 0.5730
2026-06-24 18:28:47 | DEBUG    |   Batch   20/335 | Loss: 0.5739
2026-06-24 18:28:53 | DEBUG    |   Batch   30/335 | Loss: 0.5275
2026-06-24 18:28:59 | DEBUG    |   Batch   40/335 | Loss: 0.5470
2026-06-24 18:29:05 | DEBUG    |   Batch   50/335 | Loss: 0.5092
2026-06-24 18:29:10 | DEBUG    |   Batch   60/335 | Loss: 0.4959
2026-06-24 18:29:16 | DEBUG    |   Batch   70/335 | Loss: 0.5436
2026-06-24 18:29:22 | DEBUG    |   Batch   80/335 | Loss: 0.5363
2026-06-24 18:29:27 | DEBUG    |   Batch   90/335 | Loss: 0.5475
2026-06-24 18:29:33 | DEBUG    |   Batch  100/335 | Loss: 0.5775
2026-06-24 18:29:39 | DEBUG    |   Batch  110/335 | Loss: 0.5507
2026-06-24 18:29:45 | DEBUG    |   Batch  120/335 | Loss: 0.6416
2026-06-24 18:29:50 | DEBUG    |   Batch  130/335 | Loss: 0.6016
2026-06-24 18:29:56 | DEBUG    |   Batch  140/335 | Loss: 0.5287
2026-06-24 18:30:02 | DEBUG    |   Batch  150/335 | Loss: 0.6262
2026-06-24 21:17:00 | INFO     | Log file: /home/mci/arsyadl/mmsk/results/baseline1_unet_dice/train.log
2026-06-24 21:17:00 | INFO     | VRAM cap       : 20 GB / 51 GB (fraction=0.394)
2026-06-24 21:17:00 | INFO     | Device         : cuda:0
2026-06-24 21:17:00 | INFO     | Model          : Standard 3D U-Net (MONAI)
2026-06-24 21:17:00 | INFO     | Loss           : Dice  [Baseline 1]
2026-06-24 21:17:00 | INFO     | out_channels   : 5
2026-06-24 21:17:00 | INFO     | Label space    : BraTS 2024 raw {0,1,2,3,4}
2026-06-24 21:17:00 | INFO     | Output dir     : /home/mci/arsyadl/mmsk/results/baseline1_unet_dice
2026-06-24 21:17:00 | INFO     | Total parameters: 4,750,810
2026-06-24 21:17:00 | INFO     | AMP             : ON
2026-06-24 21:17:01 | INFO     | FLOPs (fvcore) : 52.05 GFLOPs
2026-06-24 21:17:01 | INFO     | Pre-flight: validating .npz files ...
2026-06-24 21:17:01 | INFO     | [Validation] Scanning 1344 .npz files ...
2026-06-24 21:17:01 | DEBUG    |   [1/1344] OK: BraTS-GLI-00005-100.npz
2026-06-24 21:17:12 | DEBUG    |   [101/1344] OK: BraTS-GLI-02066-101.npz
2026-06-24 21:17:22 | DEBUG    |   [201/1344] OK: BraTS-GLI-02103-100.npz
2026-06-24 21:17:33 | DEBUG    |   [301/1344] OK: BraTS-GLI-02145-100.npz
2026-06-24 21:17:43 | DEBUG    |   [401/1344] OK: BraTS-GLI-02194-100.npz
2026-06-24 21:17:54 | DEBUG    |   [501/1344] OK: BraTS-GLI-02236-101.npz
2026-06-24 21:18:04 | DEBUG    |   [601/1344] OK: BraTS-GLI-02315-100.npz
2026-06-24 21:18:13 | WARNING  | [CORRUPT] BraTS-GLI-02520-103.npz -> Bad CRC-32 for file 'images.npy'
2026-06-24 21:18:15 | DEBUG    |   [701/1344] OK: BraTS-GLI-02549-100.npz
2026-06-24 21:18:26 | DEBUG    |   [801/1344] OK: BraTS-GLI-02736-101.npz
2026-06-24 21:18:37 | DEBUG    |   [901/1344] OK: BraTS-GLI-02793-100.npz
2026-06-24 21:18:47 | DEBUG    |   [1001/1344] OK: BraTS-GLI-02851-100.npz
2026-06-24 21:18:58 | DEBUG    |   [1101/1344] OK: BraTS-GLI-02902-100.npz
2026-06-24 21:19:09 | DEBUG    |   [1201/1344] OK: BraTS-GLI-02961-100.npz
2026-06-24 21:19:19 | DEBUG    |   [1301/1344] OK: BraTS-GLI-03026-100.npz
2026-06-24 21:19:24 | INFO     | [Validation] 1343 healthy, 1 dropped.
2026-06-24 21:19:24 | WARNING  |   x /home/mci/arsyadl/braTS/preprocessed/BraTS-GLI-02520-103.npz  (Bad CRC-32 for file 'images.npy')
2026-06-24 21:19:24 | INFO     | [Validation] Scanning 269 .npz files ...
2026-06-24 21:19:24 | DEBUG    |   [1/269] OK: BraTS-GLI-02405-100.npz
2026-06-24 21:19:35 | DEBUG    |   [101/269] OK: BraTS-GLI-02507-101.npz
2026-06-24 21:19:46 | DEBUG    |   [201/269] OK: BraTS-GLI-02584-101.npz
2026-06-24 21:19:54 | INFO     | [Validation] 269 healthy, 0 dropped.
2026-06-24 21:19:54 | INFO     | Probing batch_size=4, accum_steps=1 ...
2026-06-24 21:19:56 | INFO     | Probe OK — bs=4, accum=1, effective_batch=4
2026-06-24 21:19:56 | INFO     | Train batches  : 335 (bs=4)
2026-06-24 21:19:56 | INFO     | Val batches    : 269
2026-06-24 21:19:56 | INFO     | Accum steps    : 1 (effective batch=4)
2026-06-24 21:19:56 | INFO     | Starting training for 300 epochs
2026-06-24 21:19:56 | INFO     | =================================================================
2026-06-24 21:19:56 | INFO     | Resumed from   : checkpoint_epoch140.pth | start_epoch=140 | best_dsc=0.5368
2026-06-24 21:19:56 | INFO     | Epoch 141/300
2026-06-24 21:19:57 | DEBUG    |   Batch    0/335 | Loss: 0.5316
2026-06-24 21:19:59 | DEBUG    |   Batch   10/335 | Loss: 0.5486
2026-06-24 21:20:01 | DEBUG    |   Batch   20/335 | Loss: 0.4833
2026-06-24 21:20:03 | DEBUG    |   Batch   30/335 | Loss: 0.5339
2026-06-24 21:20:05 | DEBUG    |   Batch   40/335 | Loss: 0.5480
2026-06-24 21:20:08 | DEBUG    |   Batch   50/335 | Loss: 0.6464
2026-06-24 21:20:10 | DEBUG    |   Batch   60/335 | Loss: 0.6154
2026-06-24 21:20:12 | DEBUG    |   Batch   70/335 | Loss: 0.5386
2026-06-24 21:20:14 | DEBUG    |   Batch   80/335 | Loss: 0.5465
2026-06-24 21:20:16 | DEBUG    |   Batch   90/335 | Loss: 0.6108
2026-06-24 21:20:18 | DEBUG    |   Batch  100/335 | Loss: 0.5320
2026-06-24 21:20:20 | DEBUG    |   Batch  110/335 | Loss: 0.5018
2026-06-24 21:20:23 | DEBUG    |   Batch  120/335 | Loss: 0.5568
2026-06-24 21:20:25 | DEBUG    |   Batch  130/335 | Loss: 0.5040
2026-06-24 21:20:27 | DEBUG    |   Batch  140/335 | Loss: 0.5477
2026-06-24 21:20:29 | DEBUG    |   Batch  150/335 | Loss: 0.4952
2026-06-24 21:20:31 | DEBUG    |   Batch  160/335 | Loss: 0.5411
2026-06-24 21:20:33 | DEBUG    |   Batch  170/335 | Loss: 0.5730
2026-06-24 21:20:35 | DEBUG    |   Batch  180/335 | Loss: 0.5277
2026-06-24 21:20:38 | DEBUG    |   Batch  190/335 | Loss: 0.5187
2026-06-24 21:20:40 | DEBUG    |   Batch  200/335 | Loss: 0.4833
2026-06-24 21:20:42 | DEBUG    |   Batch  210/335 | Loss: 0.6284
2026-06-24 21:20:44 | DEBUG    |   Batch  220/335 | Loss: 0.5038
2026-06-24 21:20:46 | DEBUG    |   Batch  230/335 | Loss: 0.5567
2026-06-24 21:20:48 | DEBUG    |   Batch  240/335 | Loss: 0.6409
2026-06-24 21:20:50 | DEBUG    |   Batch  250/335 | Loss: 0.5477
2026-06-24 21:20:53 | DEBUG    |   Batch  260/335 | Loss: 0.4908
2026-06-24 21:20:55 | DEBUG    |   Batch  270/335 | Loss: 0.6122
2026-06-24 21:20:57 | DEBUG    |   Batch  280/335 | Loss: 0.6343
2026-06-24 21:20:59 | DEBUG    |   Batch  290/335 | Loss: 0.6185
2026-06-24 21:21:01 | DEBUG    |   Batch  300/335 | Loss: 0.5312
2026-06-24 21:21:03 | DEBUG    |   Batch  310/335 | Loss: 0.5824
2026-06-24 21:21:05 | DEBUG    |   Batch  320/335 | Loss: 0.4917
2026-06-24 21:21:08 | DEBUG    |   Batch  330/335 | Loss: 0.5087
2026-06-24 21:29:49 | INFO     | Inference time: 24.9 ms/volume (avg over 10 passes)
2026-06-24 21:29:49 | INFO     |   Train Loss: 0.5540 | Val Loss: 0.6411 | Mean DSC: 0.5266
2026-06-24 21:29:49 | INFO     |   DSC   NCR/ED/NET/ET : 0.4203 / 0.8987 / 0.0052 / 0.7822
2026-06-24 21:29:49 | INFO     |   HD95  NCR/ED/NET/ET : 8.08 / 6.99 / 95.24 / 9.83  mm
2026-06-24 21:29:49 | INFO     |   Sens  NCR/ED/NET/ET : 0.3243 / 0.8988 / 0.4421 / 0.7755
2026-06-24 21:29:49 | INFO     |   Prec  NCR/ED/NET/ET : 0.5970 / 0.8985 / 0.0026 / 0.7890
2026-06-24 21:29:49 | INFO     |   Time: 593.0s | Elapsed: 0.16h | ETA: 26h 11m | LR: 5.47e-05
2026-06-24 21:29:49 | INFO     | -----------------------------------------------------------------
2026-06-24 21:29:49 | INFO     | Epoch 142/300
2026-06-24 21:29:49 | DEBUG    |   Batch    0/335 | Loss: 0.6145
2026-06-24 21:29:52 | DEBUG    |   Batch   10/335 | Loss: 0.4958
2026-06-24 21:29:54 | DEBUG    |   Batch   20/335 | Loss: 0.5555
2026-06-24 21:29:56 | DEBUG    |   Batch   30/335 | Loss: 0.5128
2026-06-24 21:29:58 | DEBUG    |   Batch   40/335 | Loss: 0.6420
2026-06-24 21:30:00 | DEBUG    |   Batch   50/335 | Loss: 0.5542
2026-06-24 21:30:02 | DEBUG    |   Batch   60/335 | Loss: 0.5816
2026-06-24 21:30:04 | DEBUG    |   Batch   70/335 | Loss: 0.4766
2026-06-24 21:30:07 | DEBUG    |   Batch   80/335 | Loss: 0.6294
2026-06-24 21:30:09 | DEBUG    |   Batch   90/335 | Loss: 0.5807
2026-06-24 21:30:11 | DEBUG    |   Batch  100/335 | Loss: 0.5566
2026-06-24 21:30:13 | DEBUG    |   Batch  110/335 | Loss: 0.5224
2026-06-24 21:30:15 | DEBUG    |   Batch  120/335 | Loss: 0.5466
2026-06-24 21:30:17 | DEBUG    |   Batch  130/335 | Loss: 0.5330
2026-06-24 21:30:19 | DEBUG    |   Batch  140/335 | Loss: 0.4682
2026-06-24 21:30:22 | DEBUG    |   Batch  150/335 | Loss: 0.4759
2026-06-24 21:30:24 | DEBUG    |   Batch  160/335 | Loss: 0.5195
2026-06-24 21:30:26 | DEBUG    |   Batch  170/335 | Loss: 0.5560
2026-06-24 21:30:28 | DEBUG    |   Batch  180/335 | Loss: 0.4920
2026-06-24 21:30:30 | DEBUG    |   Batch  190/335 | Loss: 0.4932
2026-06-24 21:30:32 | DEBUG    |   Batch  200/335 | Loss: 0.5952
2026-06-24 21:30:34 | DEBUG    |   Batch  210/335 | Loss: 0.5855
2026-06-24 21:30:37 | DEBUG    |   Batch  220/335 | Loss: 0.5172
2026-06-24 21:30:39 | DEBUG    |   Batch  230/335 | Loss: 0.6112
2026-06-24 21:30:41 | DEBUG    |   Batch  240/335 | Loss: 0.5594
2026-06-24 21:30:43 | DEBUG    |   Batch  250/335 | Loss: 0.5203
2026-06-24 21:30:45 | DEBUG    |   Batch  260/335 | Loss: 0.6036
2026-06-24 21:30:47 | DEBUG    |   Batch  270/335 | Loss: 0.6382
2026-06-24 21:30:49 | DEBUG    |   Batch  280/335 | Loss: 0.6166
2026-06-24 21:30:52 | DEBUG    |   Batch  290/335 | Loss: 0.5299
2026-06-24 21:30:54 | DEBUG    |   Batch  300/335 | Loss: 0.5186
2026-06-24 21:30:56 | DEBUG    |   Batch  310/335 | Loss: 0.6266
2026-06-24 21:30:58 | DEBUG    |   Batch  320/335 | Loss: 0.6192
2026-06-24 21:31:00 | DEBUG    |   Batch  330/335 | Loss: 0.5205
2026-06-24 21:39:43 | INFO     |   Train Loss: 0.5544 | Val Loss: 0.6465 | Mean DSC: 0.5368
2026-06-24 21:39:43 | INFO     |   DSC   NCR/ED/NET/ET : 0.4635 / 0.8973 / 0.0053 / 0.7811
2026-06-24 21:39:43 | INFO     |   HD95  NCR/ED/NET/ET : 7.99 / 7.52 / 95.25 / 9.64  mm
2026-06-24 21:39:43 | INFO     |   Sens  NCR/ED/NET/ET : 0.3942 / 0.9192 / 0.4519 / 0.7197
2026-06-24 21:39:43 | INFO     |   Prec  NCR/ED/NET/ET : 0.5624 / 0.8764 / 0.0027 / 0.8539
2026-06-24 21:39:43 | INFO     |   Time: 594.4s | Elapsed: 0.33h | ETA: 26h 3m | LR: 5.42e-05
2026-06-24 21:39:43 | INFO     |   ✓ New best model saved (DSC: 0.5368)
2026-06-24 21:39:43 | INFO     | -----------------------------------------------------------------
2026-06-24 21:39:43 | INFO     | Epoch 143/300
2026-06-24 21:39:44 | DEBUG    |   Batch    0/335 | Loss: 0.5966
2026-06-24 21:39:46 | DEBUG    |   Batch   10/335 | Loss: 0.5153
2026-06-24 21:39:48 | DEBUG    |   Batch   20/335 | Loss: 0.5585
2026-06-24 21:39:51 | DEBUG    |   Batch   30/335 | Loss: 0.5372
2026-06-24 21:39:53 | DEBUG    |   Batch   40/335 | Loss: 0.4802
2026-06-24 21:39:55 | DEBUG    |   Batch   50/335 | Loss: 0.4940
2026-06-24 21:39:57 | DEBUG    |   Batch   60/335 | Loss: 0.5083
2026-06-24 21:39:59 | DEBUG    |   Batch   70/335 | Loss: 0.5406
2026-06-24 21:40:01 | DEBUG    |   Batch   80/335 | Loss: 0.5416
2026-06-24 21:40:03 | DEBUG    |   Batch   90/335 | Loss: 0.5227
2026-06-24 21:40:06 | DEBUG    |   Batch  100/335 | Loss: 0.5900
2026-06-24 21:40:08 | DEBUG    |   Batch  110/335 | Loss: 0.4782
2026-06-24 21:40:10 | DEBUG    |   Batch  120/335 | Loss: 0.5647
2026-06-24 21:40:12 | DEBUG    |   Batch  130/335 | Loss: 0.6443
2026-06-24 21:40:14 | DEBUG    |   Batch  140/335 | Loss: 0.5523
2026-06-24 21:40:16 | DEBUG    |   Batch  150/335 | Loss: 0.5545
2026-06-24 21:40:18 | DEBUG    |   Batch  160/335 | Loss: 0.5708
2026-06-24 21:40:21 | DEBUG    |   Batch  170/335 | Loss: 0.5117
2026-06-24 21:40:23 | DEBUG    |   Batch  180/335 | Loss: 0.5858
2026-06-24 21:40:25 | DEBUG    |   Batch  190/335 | Loss: 0.5584
2026-06-24 21:40:27 | DEBUG    |   Batch  200/335 | Loss: 0.5169
2026-06-24 21:40:29 | DEBUG    |   Batch  210/335 | Loss: 0.5101
2026-06-24 21:40:31 | DEBUG    |   Batch  220/335 | Loss: 0.5538
2026-06-24 21:40:33 | DEBUG    |   Batch  230/335 | Loss: 0.5367
2026-06-24 21:40:36 | DEBUG    |   Batch  240/335 | Loss: 0.5126
2026-06-24 21:40:38 | DEBUG    |   Batch  250/335 | Loss: 0.5712
2026-06-24 21:40:40 | DEBUG    |   Batch  260/335 | Loss: 0.5471
2026-06-24 21:40:42 | DEBUG    |   Batch  270/335 | Loss: 0.5316
2026-06-24 21:40:44 | DEBUG    |   Batch  280/335 | Loss: 0.5759
2026-06-24 21:40:46 | DEBUG    |   Batch  290/335 | Loss: 0.5409
2026-06-24 21:40:48 | DEBUG    |   Batch  300/335 | Loss: 0.5528
2026-06-24 21:40:51 | DEBUG    |   Batch  310/335 | Loss: 0.6075
2026-06-24 21:40:53 | DEBUG    |   Batch  320/335 | Loss: 0.5757
2026-06-24 21:40:55 | DEBUG    |   Batch  330/335 | Loss: 0.5532
2026-06-24 21:49:35 | INFO     |   Train Loss: 0.5532 | Val Loss: 0.6431 | Mean DSC: 0.5294
2026-06-24 21:49:35 | INFO     |   DSC   NCR/ED/NET/ET : 0.4402 / 0.8987 / 0.0053 / 0.7734
2026-06-24 21:49:35 | INFO     |   HD95  NCR/ED/NET/ET : 7.88 / 6.99 / 95.24 / 9.48  mm
2026-06-24 21:49:35 | INFO     |   Sens  NCR/ED/NET/ET : 0.3599 / 0.8934 / 0.4517 / 0.7447
2026-06-24 21:49:35 | INFO     |   Prec  NCR/ED/NET/ET : 0.5668 / 0.9041 / 0.0027 / 0.8045
2026-06-24 21:49:35 | INFO     |   Time: 591.4s | Elapsed: 0.49h | ETA: 25h 51m | LR: 5.37e-05
2026-06-24 21:49:35 | INFO     | -----------------------------------------------------------------
2026-06-24 21:49:35 | INFO     | Epoch 144/300
2026-06-24 21:49:36 | DEBUG    |   Batch    0/335 | Loss: 0.4454
2026-06-24 21:49:38 | DEBUG    |   Batch   10/335 | Loss: 0.5298
2026-06-24 21:49:40 | DEBUG    |   Batch   20/335 | Loss: 0.5882
2026-06-24 21:49:42 | DEBUG    |   Batch   30/335 | Loss: 0.5736
2026-06-24 21:49:44 | DEBUG    |   Batch   40/335 | Loss: 0.5403
2026-06-24 21:49:46 | DEBUG    |   Batch   50/335 | Loss: 0.4986
2026-06-24 21:49:48 | DEBUG    |   Batch   60/335 | Loss: 0.6052
2026-06-24 21:49:51 | DEBUG    |   Batch   70/335 | Loss: 0.4925
2026-06-24 21:49:53 | DEBUG    |   Batch   80/335 | Loss: 0.5407
2026-06-24 21:49:55 | DEBUG    |   Batch   90/335 | Loss: 0.5142
2026-06-24 21:49:57 | DEBUG    |   Batch  100/335 | Loss: 0.4800
2026-06-24 21:49:59 | DEBUG    |   Batch  110/335 | Loss: 0.5824
2026-06-24 21:50:01 | DEBUG    |   Batch  120/335 | Loss: 0.6180
2026-06-24 21:50:03 | DEBUG    |   Batch  130/335 | Loss: 0.6159
2026-06-24 21:50:06 | DEBUG    |   Batch  140/335 | Loss: 0.4810
2026-06-24 21:50:08 | DEBUG    |   Batch  150/335 | Loss: 0.5440
2026-06-24 21:50:10 | DEBUG    |   Batch  160/335 | Loss: 0.5727
2026-06-24 21:50:12 | DEBUG    |   Batch  170/335 | Loss: 0.5244
2026-06-24 21:50:14 | DEBUG    |   Batch  180/335 | Loss: 0.5579
2026-06-24 21:50:16 | DEBUG    |   Batch  190/335 | Loss: 0.5260
2026-06-24 21:50:18 | DEBUG    |   Batch  200/335 | Loss: 0.5387
2026-06-24 21:50:21 | DEBUG    |   Batch  210/335 | Loss: 0.5516
2026-06-24 21:50:23 | DEBUG    |   Batch  220/335 | Loss: 0.5959
2026-06-24 21:50:25 | DEBUG    |   Batch  230/335 | Loss: 0.5444
2026-06-24 21:50:27 | DEBUG    |   Batch  240/335 | Loss: 0.5381
2026-06-24 21:50:29 | DEBUG    |   Batch  250/335 | Loss: 0.5759
2026-06-24 21:50:31 | DEBUG    |   Batch  260/335 | Loss: 0.5385
2026-06-24 21:50:33 | DEBUG    |   Batch  270/335 | Loss: 0.5385
2026-06-24 21:50:36 | DEBUG    |   Batch  280/335 | Loss: 0.5515
2026-06-24 21:50:38 | DEBUG    |   Batch  290/335 | Loss: 0.5504
2026-06-24 21:50:40 | DEBUG    |   Batch  300/335 | Loss: 0.5875
2026-06-24 21:50:42 | DEBUG    |   Batch  310/335 | Loss: 0.5254
2026-06-24 21:50:44 | DEBUG    |   Batch  320/335 | Loss: 0.5351
2026-06-24 21:50:46 | DEBUG    |   Batch  330/335 | Loss: 0.5039
2026-06-25 14:01:26 | INFO     | Log file: /home/mci/arsyadl/mmsk/results/baseline1_unet_dice/train.log
2026-06-25 14:01:26 | INFO     | VRAM cap       : 20 GB / 51 GB (fraction=0.394)
2026-06-25 14:01:26 | INFO     | Device         : cuda:0
2026-06-25 14:01:26 | INFO     | Model          : Standard 3D U-Net (MONAI)
2026-06-25 14:01:26 | INFO     | Loss           : Dice  [Baseline 1]
2026-06-25 14:01:26 | INFO     | out_channels   : 5
2026-06-25 14:01:26 | INFO     | Label space    : BraTS 2024 raw {0,1,2,3,4}
2026-06-25 14:01:26 | INFO     | Output dir     : /home/mci/arsyadl/mmsk/results/baseline1_unet_dice
2026-06-25 14:01:26 | INFO     | Total parameters: 4,750,810
2026-06-25 14:01:26 | INFO     | AMP             : ON
2026-06-25 14:01:27 | INFO     | FLOPs (fvcore) : 52.05 GFLOPs
2026-06-25 14:01:27 | INFO     | Pre-flight: validating .npz files ...
2026-06-25 14:01:27 | INFO     | [Validation] Scanning 1344 .npz files ...
2026-06-25 14:01:27 | DEBUG    |   [1/1344] OK: BraTS-GLI-00005-100.npz
2026-06-25 14:01:37 | DEBUG    |   [101/1344] OK: BraTS-GLI-02066-101.npz
2026-06-25 14:01:48 | DEBUG    |   [201/1344] OK: BraTS-GLI-02103-100.npz
2026-06-25 14:01:59 | DEBUG    |   [301/1344] OK: BraTS-GLI-02145-100.npz
2026-06-25 14:02:10 | DEBUG    |   [401/1344] OK: BraTS-GLI-02194-100.npz
2026-06-25 14:02:20 | DEBUG    |   [501/1344] OK: BraTS-GLI-02236-101.npz
2026-06-25 14:02:31 | DEBUG    |   [601/1344] OK: BraTS-GLI-02315-100.npz
2026-06-25 14:02:42 | DEBUG    |   [701/1344] OK: BraTS-GLI-02549-100.npz
2026-06-25 14:02:53 | DEBUG    |   [801/1344] OK: BraTS-GLI-02736-101.npz
2026-06-25 14:02:55 | WARNING  | [CORRUPT] BraTS-GLI-02750-101.npz -> Bad CRC-32 for file 'images.npy'
2026-06-25 14:03:04 | DEBUG    |   [901/1344] OK: BraTS-GLI-02793-100.npz
2026-06-25 14:03:15 | DEBUG    |   [1001/1344] OK: BraTS-GLI-02851-100.npz
2026-06-25 14:03:26 | DEBUG    |   [1101/1344] OK: BraTS-GLI-02902-100.npz
2026-06-25 14:03:36 | DEBUG    |   [1201/1344] OK: BraTS-GLI-02961-100.npz
2026-06-25 14:03:47 | DEBUG    |   [1301/1344] OK: BraTS-GLI-03026-100.npz
2026-06-25 14:03:52 | INFO     | [Validation] 1343 healthy, 1 dropped.
2026-06-25 14:03:52 | WARNING  |   x /home/mci/arsyadl/braTS/preprocessed/BraTS-GLI-02750-101.npz  (Bad CRC-32 for file 'images.npy')
2026-06-25 14:03:52 | INFO     | [Validation] Scanning 269 .npz files ...
2026-06-25 14:03:52 | DEBUG    |   [1/269] OK: BraTS-GLI-02405-100.npz
2026-06-25 14:04:03 | DEBUG    |   [101/269] OK: BraTS-GLI-02507-101.npz
2026-06-25 14:04:13 | DEBUG    |   [201/269] OK: BraTS-GLI-02584-101.npz
2026-06-25 14:04:20 | INFO     | [Validation] 269 healthy, 0 dropped.
2026-06-25 14:04:20 | INFO     | Probing batch_size=4, accum_steps=1 ...
2026-06-25 14:04:22 | INFO     | Probe OK — bs=4, accum=1, effective_batch=4
2026-06-25 14:04:22 | INFO     | Train batches  : 335 (bs=4)
2026-06-25 14:04:22 | INFO     | Val batches    : 269
2026-06-25 14:04:22 | INFO     | Accum steps    : 1 (effective batch=4)
2026-06-25 14:04:22 | INFO     | Starting training for 300 epochs
2026-06-25 14:04:22 | INFO     | =================================================================
2026-06-25 14:04:22 | INFO     | Resumed from   : best_model.pth | start_epoch=142 | best_dsc=0.5368
2026-06-25 14:04:22 | INFO     | Epoch 143/300
2026-06-25 14:04:23 | DEBUG    |   Batch    0/335 | Loss: 0.5949
2026-06-25 14:04:25 | DEBUG    |   Batch   10/335 | Loss: 0.4948
2026-06-25 14:04:27 | DEBUG    |   Batch   20/335 | Loss: 0.5462
2026-06-25 14:04:30 | DEBUG    |   Batch   30/335 | Loss: 0.6257
2026-06-25 14:04:32 | DEBUG    |   Batch   40/335 | Loss: 0.5732
2026-06-25 14:04:34 | DEBUG    |   Batch   50/335 | Loss: 0.6299
2026-06-25 14:04:36 | DEBUG    |   Batch   60/335 | Loss: 0.5128
2026-06-25 14:04:38 | DEBUG    |   Batch   70/335 | Loss: 0.5289
2026-06-25 14:04:40 | DEBUG    |   Batch   80/335 | Loss: 0.5706
2026-06-25 14:04:42 | DEBUG    |   Batch   90/335 | Loss: 0.5468
2026-06-25 14:04:45 | DEBUG    |   Batch  100/335 | Loss: 0.5448
2026-06-25 14:04:47 | DEBUG    |   Batch  110/335 | Loss: 0.6230
2026-06-25 14:04:49 | DEBUG    |   Batch  120/335 | Loss: 0.5747
2026-06-25 14:04:51 | DEBUG    |   Batch  130/335 | Loss: 0.5482
2026-06-25 14:04:53 | DEBUG    |   Batch  140/335 | Loss: 0.5416
2026-06-25 14:04:55 | DEBUG    |   Batch  150/335 | Loss: 0.5500
2026-06-25 14:04:57 | DEBUG    |   Batch  160/335 | Loss: 0.5609
2026-06-25 14:05:00 | DEBUG    |   Batch  170/335 | Loss: 0.5333
2026-06-25 14:05:02 | DEBUG    |   Batch  180/335 | Loss: 0.5249
2026-06-25 14:05:04 | DEBUG    |   Batch  190/335 | Loss: 0.5675
2026-06-25 14:05:06 | DEBUG    |   Batch  200/335 | Loss: 0.5719
2026-06-25 14:05:08 | DEBUG    |   Batch  210/335 | Loss: 0.5584
2026-06-25 14:05:10 | DEBUG    |   Batch  220/335 | Loss: 0.5637
2026-06-25 14:05:12 | DEBUG    |   Batch  230/335 | Loss: 0.5277
2026-06-25 14:05:15 | DEBUG    |   Batch  240/335 | Loss: 0.5505
2026-06-25 14:05:17 | DEBUG    |   Batch  250/335 | Loss: 0.5314
2026-06-25 14:05:19 | DEBUG    |   Batch  260/335 | Loss: 0.5627
2026-06-25 14:05:21 | DEBUG    |   Batch  270/335 | Loss: 0.6020
2026-06-25 14:05:23 | DEBUG    |   Batch  280/335 | Loss: 0.6046
2026-06-25 14:05:25 | DEBUG    |   Batch  290/335 | Loss: 0.5081
2026-06-25 14:05:27 | DEBUG    |   Batch  300/335 | Loss: 0.5333
2026-06-25 14:05:30 | DEBUG    |   Batch  310/335 | Loss: 0.6023
2026-06-25 14:05:32 | DEBUG    |   Batch  320/335 | Loss: 0.5593
2026-06-25 14:05:34 | DEBUG    |   Batch  330/335 | Loss: 0.5481
2026-06-25 14:14:20 | INFO     | Inference time: 24.9 ms/volume (avg over 10 passes)
2026-06-25 14:14:20 | INFO     |   Train Loss: 0.5542 | Val Loss: 0.6448 | Mean DSC: 0.5272
2026-06-25 14:14:20 | INFO     |   DSC   NCR/ED/NET/ET : 0.4262 / 0.8970 / 0.0053 / 0.7804
2026-06-25 14:14:20 | INFO     |   HD95  NCR/ED/NET/ET : 8.14 / 7.16 / 95.24 / 9.71  mm
2026-06-25 14:14:20 | INFO     |   Sens  NCR/ED/NET/ET : 0.3375 / 0.9127 / 0.4530 / 0.7543
2026-06-25 14:14:20 | INFO     |   Prec  NCR/ED/NET/ET : 0.5780 / 0.8819 / 0.0027 / 0.8082
2026-06-25 14:14:20 | INFO     |   Time: 598.4s | Elapsed: 0.17h | ETA: 26h 6m | LR: 5.37e-05
2026-06-25 14:14:20 | INFO     | -----------------------------------------------------------------
2026-06-25 14:14:20 | INFO     | Epoch 144/300
2026-06-25 14:14:21 | DEBUG    |   Batch    0/335 | Loss: 0.5245
2026-06-25 14:14:23 | DEBUG    |   Batch   10/335 | Loss: 0.6029
2026-06-25 14:14:25 | DEBUG    |   Batch   20/335 | Loss: 0.5318
2026-06-25 14:14:28 | DEBUG    |   Batch   30/335 | Loss: 0.5418
2026-06-25 14:14:30 | DEBUG    |   Batch   40/335 | Loss: 0.5714
2026-06-25 14:14:32 | DEBUG    |   Batch   50/335 | Loss: 0.5155
2026-06-25 14:14:34 | DEBUG    |   Batch   60/335 | Loss: 0.6040
2026-06-25 14:14:36 | DEBUG    |   Batch   70/335 | Loss: 0.6057
2026-06-25 14:14:38 | DEBUG    |   Batch   80/335 | Loss: 0.5095
2026-06-25 14:14:40 | DEBUG    |   Batch   90/335 | Loss: 0.5538
2026-06-25 14:14:43 | DEBUG    |   Batch  100/335 | Loss: 0.5236
2026-06-25 14:14:45 | DEBUG    |   Batch  110/335 | Loss: 0.5374
2026-06-25 14:14:47 | DEBUG    |   Batch  120/335 | Loss: 0.5318
2026-06-25 14:14:49 | DEBUG    |   Batch  130/335 | Loss: 0.5176
2026-06-25 14:14:51 | DEBUG    |   Batch  140/335 | Loss: 0.5002
2026-06-25 14:14:53 | DEBUG    |   Batch  150/335 | Loss: 0.5610
2026-06-25 14:14:55 | DEBUG    |   Batch  160/335 | Loss: 0.5872
2026-06-25 14:14:58 | DEBUG    |   Batch  170/335 | Loss: 0.5589
2026-06-25 14:15:00 | DEBUG    |   Batch  180/335 | Loss: 0.5285
2026-06-25 14:15:02 | DEBUG    |   Batch  190/335 | Loss: 0.4866
2026-06-25 14:15:04 | DEBUG    |   Batch  200/335 | Loss: 0.5743
2026-06-25 14:15:06 | DEBUG    |   Batch  210/335 | Loss: 0.5482
2026-06-25 14:15:08 | DEBUG    |   Batch  220/335 | Loss: 0.5200
2026-06-25 14:15:10 | DEBUG    |   Batch  230/335 | Loss: 0.5448
2026-06-25 14:15:12 | DEBUG    |   Batch  240/335 | Loss: 0.5299
2026-06-25 14:15:15 | DEBUG    |   Batch  250/335 | Loss: 0.4860
2026-06-25 14:15:17 | DEBUG    |   Batch  260/335 | Loss: 0.5606
2026-06-25 14:15:19 | DEBUG    |   Batch  270/335 | Loss: 0.6060
2026-06-25 14:15:21 | DEBUG    |   Batch  280/335 | Loss: 0.5579
2026-06-25 14:15:23 | DEBUG    |   Batch  290/335 | Loss: 0.6091
2026-06-25 14:15:25 | DEBUG    |   Batch  300/335 | Loss: 0.5717
2026-06-25 14:15:27 | DEBUG    |   Batch  310/335 | Loss: 0.5735
2026-06-25 14:15:30 | DEBUG    |   Batch  320/335 | Loss: 0.5431
2026-06-25 14:15:32 | DEBUG    |   Batch  330/335 | Loss: 0.5922
2026-06-25 14:24:11 | INFO     |   Train Loss: 0.5540 | Val Loss: 0.6431 | Mean DSC: 0.5354
2026-06-25 14:24:11 | INFO     |   DSC   NCR/ED/NET/ET : 0.4612 / 0.8967 / 0.0053 / 0.7785
2026-06-25 14:24:11 | INFO     |   HD95  NCR/ED/NET/ET : 8.24 / 7.84 / 95.23 / 9.65  mm
2026-06-25 14:24:11 | INFO     |   Sens  NCR/ED/NET/ET : 0.3804 / 0.9103 / 0.4533 / 0.7372
2026-06-25 14:24:11 | INFO     |   Prec  NCR/ED/NET/ET : 0.5858 / 0.8835 / 0.0027 / 0.8249
2026-06-25 14:24:11 | INFO     |   Time: 590.9s | Elapsed: 0.33h | ETA: 25h 46m | LR: 5.31e-05
2026-06-25 14:24:11 | INFO     | -----------------------------------------------------------------
2026-06-25 14:24:11 | INFO     | Epoch 145/300
2026-06-25 14:24:12 | DEBUG    |   Batch    0/335 | Loss: 0.5013
2026-06-25 14:24:14 | DEBUG    |   Batch   10/335 | Loss: 0.5726
2026-06-25 14:24:16 | DEBUG    |   Batch   20/335 | Loss: 0.5342
2026-06-25 14:24:18 | DEBUG    |   Batch   30/335 | Loss: 0.6167
2026-06-25 14:24:21 | DEBUG    |   Batch   40/335 | Loss: 0.5051
2026-06-25 14:24:23 | DEBUG    |   Batch   50/335 | Loss: 0.5856
2026-06-25 14:24:25 | DEBUG    |   Batch   60/335 | Loss: 0.4986
2026-06-25 14:24:27 | DEBUG    |   Batch   70/335 | Loss: 0.6094
2026-06-25 14:24:29 | DEBUG    |   Batch   80/335 | Loss: 0.5472
2026-06-25 14:24:31 | DEBUG    |   Batch   90/335 | Loss: 0.5943
2026-06-25 14:24:33 | DEBUG    |   Batch  100/335 | Loss: 0.5310
2026-06-25 14:24:36 | DEBUG    |   Batch  110/335 | Loss: 0.5017
2026-06-25 14:24:38 | DEBUG    |   Batch  120/335 | Loss: 0.5440
2026-06-25 14:24:40 | DEBUG    |   Batch  130/335 | Loss: 0.5450
2026-06-25 14:24:42 | DEBUG    |   Batch  140/335 | Loss: 0.5305
2026-06-25 14:24:44 | DEBUG    |   Batch  150/335 | Loss: 0.4770
2026-06-25 14:24:46 | DEBUG    |   Batch  160/335 | Loss: 0.4889
2026-06-25 14:24:48 | DEBUG    |   Batch  170/335 | Loss: 0.5294
2026-06-25 14:24:50 | DEBUG    |   Batch  180/335 | Loss: 0.5495
2026-06-25 14:24:53 | DEBUG    |   Batch  190/335 | Loss: 0.5160
2026-06-25 14:24:55 | DEBUG    |   Batch  200/335 | Loss: 0.5075
2026-06-25 14:24:57 | DEBUG    |   Batch  210/335 | Loss: 0.4907
2026-06-25 14:24:59 | DEBUG    |   Batch  220/335 | Loss: 0.5304
2026-06-25 14:25:01 | DEBUG    |   Batch  230/335 | Loss: 0.4901
2026-06-25 14:25:03 | DEBUG    |   Batch  240/335 | Loss: 0.5795
2026-06-25 14:25:05 | DEBUG    |   Batch  250/335 | Loss: 0.5651
2026-06-25 14:25:08 | DEBUG    |   Batch  260/335 | Loss: 0.5532
2026-06-25 14:25:10 | DEBUG    |   Batch  270/335 | Loss: 0.6183
2026-06-25 14:25:12 | DEBUG    |   Batch  280/335 | Loss: 0.4965
2026-06-25 14:25:14 | DEBUG    |   Batch  290/335 | Loss: 0.5429
2026-06-25 14:25:16 | DEBUG    |   Batch  300/335 | Loss: 0.5564
2026-06-25 14:25:18 | DEBUG    |   Batch  310/335 | Loss: 0.5726
2026-06-25 14:25:20 | DEBUG    |   Batch  320/335 | Loss: 0.5633
2026-06-25 14:25:23 | DEBUG    |   Batch  330/335 | Loss: 0.4919
